<?xml version="1.0" encoding="UTF-8"?>
<gpx version="1.1" creator="route-planner"
  xmlns="http://www.topografix.com/GPX/1/1"
  xmlns:xsi="http://www.w3.org/2001/XMLSchema-instance"
  xsi:schemaLocation="http://www.topografix.com/GPX/1/1 http://www.topografix.com/GPX/1/1/gpx.xsd">
  <metadata>
    <name>Lakeland Way — full route</name>
    <desc>208.3km, 6426m ascent. Base route as drawn, no detours.</desc>
  </metadata>
  <wpt lat="54.422524" lon="-3.256495">
    <name>Night 1</name>
    <type>camp</type>
  </wpt>
  <wpt lat="54.460007" lon="-3.162841">
    <name>Night 2</name>
    <type>camp</type>
  </wpt>
  <wpt lat="54.511615" lon="-3.212557">
    <name>Night 3</name>
    <type>camp</type>
  </wpt>
  <wpt lat="54.578964" lon="-3.255136">
    <name>Night 4</name>
    <type>camp</type>
  </wpt>
  <wpt lat="54.600984" lon="-3.018955">
    <name>Night 5</name>
    <type>camp</type>
  </wpt>
  <wpt lat="54.556807" lon="-2.989121">
    <name>Night 6</name>
    <type>camp</type>
  </wpt>
  <wpt lat="54.481241" lon="-2.873929">
    <name>Night 7</name>
    <type>camp</type>
  </wpt>
  <wpt lat="54.444492" lon="-3.037079">
    <name>Night 8</name>
    <type>camp</type>
  </wpt>
  <wpt lat="54.381255" lon="-3.110080">
    <name>Night 9</name>
    <type>camp</type>
  </wpt>
  <wpt lat="54.402838" lon="-3.185492">
    <name>Night 10</name>
    <type>camp</type>
  </wpt>
  <wpt lat="54.359690" lon="-3.293832">
    <name>Night 11</name>
    <type>camp</type>
  </wpt>
  <trk>
    <name>Lakeland Way</name>
    <trkseg>
      <trkpt lat="54.355452" lon="-3.408099"><ele>12.0</ele></trkpt>
      <trkpt lat="54.355047" lon="-3.407956"><ele>12.0</ele></trkpt>
      <trkpt lat="54.355505" lon="-3.407285"><ele>15.0</ele></trkpt>
      <trkpt lat="54.355853" lon="-3.406417"><ele>15.0</ele></trkpt>
      <trkpt lat="54.354888" lon="-3.406052"><ele>18.0</ele></trkpt>
      <trkpt lat="54.354790" lon="-3.405866"><ele>18.0</ele></trkpt>
      <trkpt lat="54.354515" lon="-3.405921"><ele>19.0</ele></trkpt>
      <trkpt lat="54.353898" lon="-3.405728"><ele>19.0</ele></trkpt>
      <trkpt lat="54.352886" lon="-3.405629"><ele>16.0</ele></trkpt>
      <trkpt lat="54.351641" lon="-3.404604"><ele>18.0</ele></trkpt>
      <trkpt lat="54.350718" lon="-3.404347"><ele>17.0</ele></trkpt>
      <trkpt lat="54.349619" lon="-3.403097"><ele>23.0</ele></trkpt>
      <trkpt lat="54.349210" lon="-3.399531"><ele>29.0</ele></trkpt>
      <trkpt lat="54.348976" lon="-3.399222"><ele>29.0</ele></trkpt>
      <trkpt lat="54.348891" lon="-3.398468"><ele>33.0</ele></trkpt>
      <trkpt lat="54.348469" lon="-3.397102"><ele>39.0</ele></trkpt>
      <trkpt lat="54.348670" lon="-3.396497"><ele>43.0</ele></trkpt>
      <trkpt lat="54.348740" lon="-3.394299"><ele>61.0</ele></trkpt>
      <trkpt lat="54.348836" lon="-3.394034"><ele>64.0</ele></trkpt>
      <trkpt lat="54.350169" lon="-3.391848"><ele>80.0</ele></trkpt>
      <trkpt lat="54.350670" lon="-3.390674"><ele>84.0</ele></trkpt>
      <trkpt lat="54.351784" lon="-3.387364"><ele>96.0</ele></trkpt>
      <trkpt lat="54.352033" lon="-3.386417"><ele>101.0</ele></trkpt>
      <trkpt lat="54.352403" lon="-3.385732"><ele>101.0</ele></trkpt>
      <trkpt lat="54.353390" lon="-3.384778"><ele>95.0</ele></trkpt>
      <trkpt lat="54.353664" lon="-3.384337"><ele>93.0</ele></trkpt>
      <trkpt lat="54.354458" lon="-3.383838"><ele>84.0</ele></trkpt>
      <trkpt lat="54.355280" lon="-3.383018"><ele>67.0</ele></trkpt>
      <trkpt lat="54.355641" lon="-3.381571"><ele>56.0</ele></trkpt>
      <trkpt lat="54.355978" lon="-3.381046"><ele>58.0</ele></trkpt>
      <trkpt lat="54.356357" lon="-3.380683"><ele>60.0</ele></trkpt>
      <trkpt lat="54.357612" lon="-3.381423"><ele>72.0</ele></trkpt>
      <trkpt lat="54.357884" lon="-3.383385"><ele>77.0</ele></trkpt>
      <trkpt lat="54.358650" lon="-3.385804"><ele>87.0</ele></trkpt>
      <trkpt lat="54.358742" lon="-3.385925"><ele>85.0</ele></trkpt>
      <trkpt lat="54.359709" lon="-3.384487"><ele>104.0</ele></trkpt>
      <trkpt lat="54.360350" lon="-3.383683"><ele>106.0</ele></trkpt>
      <trkpt lat="54.365035" lon="-3.378422"><ele>161.0</ele></trkpt>
      <trkpt lat="54.365349" lon="-3.377746"><ele>161.0</ele></trkpt>
      <trkpt lat="54.365538" lon="-3.377591"><ele>159.0</ele></trkpt>
      <trkpt lat="54.365763" lon="-3.377566"><ele>161.0</ele></trkpt>
      <trkpt lat="54.366066" lon="-3.377909"><ele>166.0</ele></trkpt>
      <trkpt lat="54.366235" lon="-3.377861"><ele>165.0</ele></trkpt>
      <trkpt lat="54.366501" lon="-3.377065"><ele>161.0</ele></trkpt>
      <trkpt lat="54.366478" lon="-3.376829"><ele>162.0</ele></trkpt>
      <trkpt lat="54.365870" lon="-3.375853"><ele>151.0</ele></trkpt>
      <trkpt lat="54.365820" lon="-3.375368"><ele>151.0</ele></trkpt>
      <trkpt lat="54.365968" lon="-3.374987"><ele>152.0</ele></trkpt>
      <trkpt lat="54.366265" lon="-3.374707"><ele>156.0</ele></trkpt>
      <trkpt lat="54.366463" lon="-3.374360"><ele>156.0</ele></trkpt>
      <trkpt lat="54.366543" lon="-3.373858"><ele>153.0</ele></trkpt>
      <trkpt lat="54.366359" lon="-3.373004"><ele>144.0</ele></trkpt>
      <trkpt lat="54.365985" lon="-3.370727"><ele>117.0</ele></trkpt>
      <trkpt lat="54.366227" lon="-3.367623"><ele>86.0</ele></trkpt>
      <trkpt lat="54.366585" lon="-3.365822"><ele>78.0</ele></trkpt>
      <trkpt lat="54.367729" lon="-3.361781"><ele>45.0</ele></trkpt>
      <trkpt lat="54.367880" lon="-3.361110"><ele>36.0</ele></trkpt>
      <trkpt lat="54.367892" lon="-3.360563"><ele>29.0</ele></trkpt>
      <trkpt lat="54.368131" lon="-3.359895"><ele>29.0</ele></trkpt>
      <trkpt lat="54.368393" lon="-3.359389"><ele>29.0</ele></trkpt>
      <trkpt lat="54.368760" lon="-3.358982"><ele>30.0</ele></trkpt>
      <trkpt lat="54.368907" lon="-3.358719"><ele>28.0</ele></trkpt>
      <trkpt lat="54.369367" lon="-3.357253"><ele>22.0</ele></trkpt>
      <trkpt lat="54.369546" lon="-3.356422"><ele>24.0</ele></trkpt>
      <trkpt lat="54.369658" lon="-3.355310"><ele>21.0</ele></trkpt>
      <trkpt lat="54.369877" lon="-3.354716"><ele>21.0</ele></trkpt>
      <trkpt lat="54.370309" lon="-3.354183"><ele>21.0</ele></trkpt>
      <trkpt lat="54.371018" lon="-3.352780"><ele>25.0</ele></trkpt>
      <trkpt lat="54.371183" lon="-3.351980"><ele>24.0</ele></trkpt>
      <trkpt lat="54.371725" lon="-3.350539"><ele>24.0</ele></trkpt>
      <trkpt lat="54.372253" lon="-3.349709"><ele>31.0</ele></trkpt>
      <trkpt lat="54.372591" lon="-3.348497"><ele>26.0</ele></trkpt>
      <trkpt lat="54.372653" lon="-3.348037"><ele>25.0</ele></trkpt>
      <trkpt lat="54.372666" lon="-3.346889"><ele>21.0</ele></trkpt>
      <trkpt lat="54.372978" lon="-3.345827"><ele>20.0</ele></trkpt>
      <trkpt lat="54.373593" lon="-3.344463"><ele>24.0</ele></trkpt>
      <trkpt lat="54.374304" lon="-3.342651"><ele>28.0</ele></trkpt>
      <trkpt lat="54.375169" lon="-3.339621"><ele>24.0</ele></trkpt>
      <trkpt lat="54.375386" lon="-3.339199"><ele>25.0</ele></trkpt>
      <trkpt lat="54.375979" lon="-3.338693"><ele>28.0</ele></trkpt>
      <trkpt lat="54.376153" lon="-3.338280"><ele>26.0</ele></trkpt>
      <trkpt lat="54.376526" lon="-3.336715"><ele>26.0</ele></trkpt>
      <trkpt lat="54.377024" lon="-3.335830"><ele>33.0</ele></trkpt>
      <trkpt lat="54.377149" lon="-3.335254"><ele>31.0</ele></trkpt>
      <trkpt lat="54.377238" lon="-3.333980"><ele>32.0</ele></trkpt>
      <trkpt lat="54.376987" lon="-3.332888"><ele>27.0</ele></trkpt>
      <trkpt lat="54.376979" lon="-3.332491"><ele>27.0</ele></trkpt>
      <trkpt lat="54.377028" lon="-3.332074"><ele>27.0</ele></trkpt>
      <trkpt lat="54.377353" lon="-3.330904"><ele>27.0</ele></trkpt>
      <trkpt lat="54.377428" lon="-3.330381"><ele>25.0</ele></trkpt>
      <trkpt lat="54.377454" lon="-3.329727"><ele>24.0</ele></trkpt>
      <trkpt lat="54.377667" lon="-3.329112"><ele>28.0</ele></trkpt>
      <trkpt lat="54.377861" lon="-3.327916"><ele>33.0</ele></trkpt>
      <trkpt lat="54.378529" lon="-3.326328"><ele>21.0</ele></trkpt>
      <trkpt lat="54.378596" lon="-3.325848"><ele>19.0</ele></trkpt>
      <trkpt lat="54.378380" lon="-3.323930"><ele>18.0</ele></trkpt>
      <trkpt lat="54.378526" lon="-3.322562"><ele>20.0</ele></trkpt>
      <trkpt lat="54.378825" lon="-3.322088"><ele>23.0</ele></trkpt>
      <trkpt lat="54.379063" lon="-3.321527"><ele>22.0</ele></trkpt>
      <trkpt lat="54.379311" lon="-3.321149"><ele>23.0</ele></trkpt>
      <trkpt lat="54.379924" lon="-3.320504"><ele>25.0</ele></trkpt>
      <trkpt lat="54.380361" lon="-3.319917"><ele>27.0</ele></trkpt>
      <trkpt lat="54.380784" lon="-3.319029"><ele>32.0</ele></trkpt>
      <trkpt lat="54.380922" lon="-3.318916"><ele>32.0</ele></trkpt>
      <trkpt lat="54.381173" lon="-3.318892"><ele>32.0</ele></trkpt>
      <trkpt lat="54.381338" lon="-3.318060"><ele>23.0</ele></trkpt>
      <trkpt lat="54.381494" lon="-3.316906"><ele>22.0</ele></trkpt>
      <trkpt lat="54.382043" lon="-3.315271"><ele>20.0</ele></trkpt>
      <trkpt lat="54.382298" lon="-3.315462"><ele>19.0</ele></trkpt>
      <trkpt lat="54.382568" lon="-3.315267"><ele>19.0</ele></trkpt>
      <trkpt lat="54.383057" lon="-3.314628"><ele>20.0</ele></trkpt>
      <trkpt lat="54.383825" lon="-3.312388"><ele>23.0</ele></trkpt>
      <trkpt lat="54.383925" lon="-3.311801"><ele>26.0</ele></trkpt>
      <trkpt lat="54.383892" lon="-3.311360"><ele>30.0</ele></trkpt>
      <trkpt lat="54.383996" lon="-3.310376"><ele>34.0</ele></trkpt>
      <trkpt lat="54.384264" lon="-3.309891"><ele>31.0</ele></trkpt>
      <trkpt lat="54.385247" lon="-3.308560"><ele>27.0</ele></trkpt>
      <trkpt lat="54.385513" lon="-3.307667"><ele>31.0</ele></trkpt>
      <trkpt lat="54.385825" lon="-3.307141"><ele>27.0</ele></trkpt>
      <trkpt lat="54.386185" lon="-3.306766"><ele>28.0</ele></trkpt>
      <trkpt lat="54.386615" lon="-3.305760"><ele>29.0</ele></trkpt>
      <trkpt lat="54.387316" lon="-3.304495"><ele>30.0</ele></trkpt>
      <trkpt lat="54.388023" lon="-3.302683"><ele>31.0</ele></trkpt>
      <trkpt lat="54.388724" lon="-3.301449"><ele>30.0</ele></trkpt>
      <trkpt lat="54.388857" lon="-3.300681"><ele>29.0</ele></trkpt>
      <trkpt lat="54.388961" lon="-3.299708"><ele>34.0</ele></trkpt>
      <trkpt lat="54.388815" lon="-3.298802"><ele>36.0</ele></trkpt>
      <trkpt lat="54.388224" lon="-3.297377"><ele>36.0</ele></trkpt>
      <trkpt lat="54.388169" lon="-3.295551"><ele>36.0</ele></trkpt>
      <trkpt lat="54.387874" lon="-3.294501"><ele>43.0</ele></trkpt>
      <trkpt lat="54.387864" lon="-3.293642"><ele>46.0</ele></trkpt>
      <trkpt lat="54.388095" lon="-3.292555"><ele>49.0</ele></trkpt>
      <trkpt lat="54.387987" lon="-3.291468"><ele>53.0</ele></trkpt>
      <trkpt lat="54.388048" lon="-3.290526"><ele>55.0</ele></trkpt>
      <trkpt lat="54.388435" lon="-3.289958"><ele>51.0</ele></trkpt>
      <trkpt lat="54.388726" lon="-3.288476"><ele>50.0</ele></trkpt>
      <trkpt lat="54.388892" lon="-3.286335"><ele>53.0</ele></trkpt>
      <trkpt lat="54.389080" lon="-3.284581"><ele>59.0</ele></trkpt>
      <trkpt lat="54.389025" lon="-3.283871"><ele>59.0</ele></trkpt>
      <trkpt lat="54.388924" lon="-3.283385"><ele>59.0</ele></trkpt>
      <trkpt lat="54.388618" lon="-3.282732"><ele>60.0</ele></trkpt>
      <trkpt lat="54.388675" lon="-3.282079"><ele>56.0</ele></trkpt>
      <trkpt lat="54.389197" lon="-3.280593"><ele>60.0</ele></trkpt>
      <trkpt lat="54.389102" lon="-3.280150"><ele>61.0</ele></trkpt>
      <trkpt lat="54.389202" lon="-3.278909"><ele>65.0</ele></trkpt>
      <trkpt lat="54.389523" lon="-3.277577"><ele>60.0</ele></trkpt>
      <trkpt lat="54.389849" lon="-3.276289"><ele>58.0</ele></trkpt>
      <trkpt lat="54.390407" lon="-3.275144"><ele>61.0</ele></trkpt>
      <trkpt lat="54.390470" lon="-3.274903"><ele>61.0</ele></trkpt>
      <trkpt lat="54.390300" lon="-3.273771"><ele>59.0</ele></trkpt>
      <trkpt lat="54.390707" lon="-3.270768"><ele>52.0</ele></trkpt>
      <trkpt lat="54.390939" lon="-3.270657"><ele>49.0</ele></trkpt>
      <trkpt lat="54.390962" lon="-3.270250"><ele>50.0</ele></trkpt>
      <trkpt lat="54.391361" lon="-3.270327"><ele>50.0</ele></trkpt>
      <trkpt lat="54.391888" lon="-3.270773"><ele>50.0</ele></trkpt>
      <trkpt lat="54.392549" lon="-3.270858"><ele>50.0</ele></trkpt>
      <trkpt lat="54.392777" lon="-3.269996"><ele>56.0</ele></trkpt>
      <trkpt lat="54.392901" lon="-3.270032"><ele>57.0</ele></trkpt>
      <trkpt lat="54.393090" lon="-3.269930"><ele>58.0</ele></trkpt>
      <trkpt lat="54.393599" lon="-3.270193"><ele>58.0</ele></trkpt>
      <trkpt lat="54.394105" lon="-3.270767"><ele>55.0</ele></trkpt>
      <trkpt lat="54.394530" lon="-3.270780"><ele>56.0</ele></trkpt>
      <trkpt lat="54.394749" lon="-3.270712"><ele>55.0</ele></trkpt>
      <trkpt lat="54.395020" lon="-3.270473"><ele>54.0</ele></trkpt>
      <trkpt lat="54.395315" lon="-3.270386"><ele>55.0</ele></trkpt>
      <trkpt lat="54.395942" lon="-3.270760"><ele>54.0</ele></trkpt>
      <trkpt lat="54.396220" lon="-3.271047"><ele>54.0</ele></trkpt>
      <trkpt lat="54.396601" lon="-3.271113"><ele>53.0</ele></trkpt>
      <trkpt lat="54.397366" lon="-3.270836"><ele>58.0</ele></trkpt>
      <trkpt lat="54.397759" lon="-3.270290"><ele>60.0</ele></trkpt>
      <trkpt lat="54.398111" lon="-3.270087"><ele>61.0</ele></trkpt>
      <trkpt lat="54.398374" lon="-3.270073"><ele>62.0</ele></trkpt>
      <trkpt lat="54.399500" lon="-3.270506"><ele>73.0</ele></trkpt>
      <trkpt lat="54.399795" lon="-3.270375"><ele>80.0</ele></trkpt>
      <trkpt lat="54.399884" lon="-3.270174"><ele>82.0</ele></trkpt>
      <trkpt lat="54.400083" lon="-3.270277"><ele>89.0</ele></trkpt>
      <trkpt lat="54.400571" lon="-3.269670"><ele>98.0</ele></trkpt>
      <trkpt lat="54.400761" lon="-3.269332"><ele>99.0</ele></trkpt>
      <trkpt lat="54.401642" lon="-3.268737"><ele>114.0</ele></trkpt>
      <trkpt lat="54.402264" lon="-3.268413"><ele>123.0</ele></trkpt>
      <trkpt lat="54.402426" lon="-3.268408"><ele>125.0</ele></trkpt>
      <trkpt lat="54.402550" lon="-3.268551"><ele>129.0</ele></trkpt>
      <trkpt lat="54.403343" lon="-3.268061"><ele>135.0</ele></trkpt>
      <trkpt lat="54.403811" lon="-3.267442"><ele>133.0</ele></trkpt>
      <trkpt lat="54.404182" lon="-3.267239"><ele>140.0</ele></trkpt>
      <trkpt lat="54.404598" lon="-3.266887"><ele>146.0</ele></trkpt>
      <trkpt lat="54.405079" lon="-3.266247"><ele>147.0</ele></trkpt>
      <trkpt lat="54.405344" lon="-3.266041"><ele>149.0</ele></trkpt>
      <trkpt lat="54.406634" lon="-3.265153"><ele>162.0</ele></trkpt>
      <trkpt lat="54.406922" lon="-3.265033"><ele>163.0</ele></trkpt>
      <trkpt lat="54.407295" lon="-3.265184"><ele>170.0</ele></trkpt>
      <trkpt lat="54.407573" lon="-3.264925"><ele>173.0</ele></trkpt>
      <trkpt lat="54.407852" lon="-3.264515"><ele>176.0</ele></trkpt>
      <trkpt lat="54.408999" lon="-3.263509"><ele>185.0</ele></trkpt>
      <trkpt lat="54.409558" lon="-3.263237"><ele>192.0</ele></trkpt>
      <trkpt lat="54.410220" lon="-3.262614"><ele>194.0</ele></trkpt>
      <trkpt lat="54.411303" lon="-3.262269"><ele>198.0</ele></trkpt>
      <trkpt lat="54.411704" lon="-3.262056"><ele>200.0</ele></trkpt>
      <trkpt lat="54.412516" lon="-3.261363"><ele>207.0</ele></trkpt>
      <trkpt lat="54.412804" lon="-3.261254"><ele>210.0</ele></trkpt>
      <trkpt lat="54.413273" lon="-3.260657"><ele>213.0</ele></trkpt>
      <trkpt lat="54.413555" lon="-3.260483"><ele>216.0</ele></trkpt>
      <trkpt lat="54.413917" lon="-3.260526"><ele>224.0</ele></trkpt>
      <trkpt lat="54.414195" lon="-3.260181"><ele>228.0</ele></trkpt>
      <trkpt lat="54.414458" lon="-3.260178"><ele>233.0</ele></trkpt>
      <trkpt lat="54.414904" lon="-3.259892"><ele>237.0</ele></trkpt>
      <trkpt lat="54.416152" lon="-3.259651"><ele>245.0</ele></trkpt>
      <trkpt lat="54.416697" lon="-3.259475"><ele>247.0</ele></trkpt>
      <trkpt lat="54.417072" lon="-3.259454"><ele>254.0</ele></trkpt>
      <trkpt lat="54.417319" lon="-3.259172"><ele>258.0</ele></trkpt>
      <trkpt lat="54.418955" lon="-3.257924"><ele>269.0</ele></trkpt>
      <trkpt lat="54.419873" lon="-3.257443"><ele>270.0</ele></trkpt>
      <trkpt lat="54.420318" lon="-3.257318"><ele>271.0</ele></trkpt>
      <trkpt lat="54.421134" lon="-3.256935"><ele>270.0</ele></trkpt>
      <trkpt lat="54.421429" lon="-3.256783"><ele>271.0</ele></trkpt>
      <trkpt lat="54.421662" lon="-3.256565"><ele>273.0</ele></trkpt>
      <trkpt lat="54.422524" lon="-3.256495"><ele>275.0</ele></trkpt>
      <trkpt lat="54.422782" lon="-3.256321"><ele>271.0</ele></trkpt>
      <trkpt lat="54.424902" lon="-3.255979"><ele>267.0</ele></trkpt>
      <trkpt lat="54.425799" lon="-3.256156"><ele>266.0</ele></trkpt>
      <trkpt lat="54.426206" lon="-3.256128"><ele>264.0</ele></trkpt>
      <trkpt lat="54.426564" lon="-3.256461"><ele>268.0</ele></trkpt>
      <trkpt lat="54.426841" lon="-3.256846"><ele>258.0</ele></trkpt>
      <trkpt lat="54.427375" lon="-3.256540"><ele>254.0</ele></trkpt>
      <trkpt lat="54.427731" lon="-3.255886"><ele>257.0</ele></trkpt>
      <trkpt lat="54.428410" lon="-3.254898"><ele>257.0</ele></trkpt>
      <trkpt lat="54.428636" lon="-3.254765"><ele>256.0</ele></trkpt>
      <trkpt lat="54.429204" lon="-3.254697"><ele>256.0</ele></trkpt>
      <trkpt lat="54.429662" lon="-3.254497"><ele>257.0</ele></trkpt>
      <trkpt lat="54.430197" lon="-3.254717"><ele>255.0</ele></trkpt>
      <trkpt lat="54.430371" lon="-3.254722"><ele>254.0</ele></trkpt>
      <trkpt lat="54.431035" lon="-3.255129"><ele>255.0</ele></trkpt>
      <trkpt lat="54.432266" lon="-3.256165"><ele>257.0</ele></trkpt>
      <trkpt lat="54.432265" lon="-3.256916"><ele>257.0</ele></trkpt>
      <trkpt lat="54.432448" lon="-3.257340"><ele>258.0</ele></trkpt>
      <trkpt lat="54.432959" lon="-3.257989"><ele>261.0</ele></trkpt>
      <trkpt lat="54.433880" lon="-3.258865"><ele>268.0</ele></trkpt>
      <trkpt lat="54.435138" lon="-3.259730"><ele>280.0</ele></trkpt>
      <trkpt lat="54.435417" lon="-3.259277"><ele>280.0</ele></trkpt>
      <trkpt lat="54.435650" lon="-3.259113"><ele>282.0</ele></trkpt>
      <trkpt lat="54.435968" lon="-3.259080"><ele>287.0</ele></trkpt>
      <trkpt lat="54.437072" lon="-3.259178"><ele>295.0</ele></trkpt>
      <trkpt lat="54.437743" lon="-3.258265"><ele>298.0</ele></trkpt>
      <trkpt lat="54.438294" lon="-3.259323"><ele>297.0</ele></trkpt>
      <trkpt lat="54.438610" lon="-3.259462"><ele>298.0</ele></trkpt>
      <trkpt lat="54.438780" lon="-3.259939"><ele>298.0</ele></trkpt>
      <trkpt lat="54.438970" lon="-3.260288"><ele>297.0</ele></trkpt>
      <trkpt lat="54.439305" lon="-3.260438"><ele>298.0</ele></trkpt>
      <trkpt lat="54.439779" lon="-3.260496"><ele>298.0</ele></trkpt>
      <trkpt lat="54.440532" lon="-3.260723"><ele>289.0</ele></trkpt>
      <trkpt lat="54.441026" lon="-3.260620"><ele>287.0</ele></trkpt>
      <trkpt lat="54.441419" lon="-3.260675"><ele>284.0</ele></trkpt>
      <trkpt lat="54.441943" lon="-3.261228"><ele>278.0</ele></trkpt>
      <trkpt lat="54.442272" lon="-3.261367"><ele>276.0</ele></trkpt>
      <trkpt lat="54.443257" lon="-3.262116"><ele>260.0</ele></trkpt>
      <trkpt lat="54.443322" lon="-3.262440"><ele>257.0</ele></trkpt>
      <trkpt lat="54.443468" lon="-3.262820"><ele>253.0</ele></trkpt>
      <trkpt lat="54.443684" lon="-3.262988"><ele>248.0</ele></trkpt>
      <trkpt lat="54.443885" lon="-3.262940"><ele>245.0</ele></trkpt>
      <trkpt lat="54.444187" lon="-3.262681"><ele>240.0</ele></trkpt>
      <trkpt lat="54.444905" lon="-3.262618"><ele>229.0</ele></trkpt>
      <trkpt lat="54.445285" lon="-3.262683"><ele>218.0</ele></trkpt>
      <trkpt lat="54.445738" lon="-3.262343"><ele>213.0</ele></trkpt>
      <trkpt lat="54.446069" lon="-3.262278"><ele>210.0</ele></trkpt>
      <trkpt lat="54.446466" lon="-3.261969"><ele>202.0</ele></trkpt>
      <trkpt lat="54.447345" lon="-3.261078"><ele>187.0</ele></trkpt>
      <trkpt lat="54.447681" lon="-3.260573"><ele>183.0</ele></trkpt>
      <trkpt lat="54.447882" lon="-3.260429"><ele>182.0</ele></trkpt>
      <trkpt lat="54.448244" lon="-3.260408"><ele>176.0</ele></trkpt>
      <trkpt lat="54.448633" lon="-3.260248"><ele>169.0</ele></trkpt>
      <trkpt lat="54.449272" lon="-3.259893"><ele>158.0</ele></trkpt>
      <trkpt lat="54.449590" lon="-3.259924"><ele>149.0</ele></trkpt>
      <trkpt lat="54.450034" lon="-3.259798"><ele>138.0</ele></trkpt>
      <trkpt lat="54.450559" lon="-3.259782"><ele>129.0</ele></trkpt>
      <trkpt lat="54.451007" lon="-3.259893"><ele>117.0</ele></trkpt>
      <trkpt lat="54.451258" lon="-3.259707"><ele>115.0</ele></trkpt>
      <trkpt lat="54.451651" lon="-3.259709"><ele>108.0</ele></trkpt>
      <trkpt lat="54.452164" lon="-3.259542"><ele>103.0</ele></trkpt>
      <trkpt lat="54.452406" lon="-3.259668"><ele>100.0</ele></trkpt>
      <trkpt lat="54.453014" lon="-3.259482"><ele>89.0</ele></trkpt>
      <trkpt lat="54.454949" lon="-3.259961"><ele>83.0</ele></trkpt>
      <trkpt lat="54.455167" lon="-3.261170"><ele>75.0</ele></trkpt>
      <trkpt lat="54.455463" lon="-3.261274"><ele>74.0</ele></trkpt>
      <trkpt lat="54.455793" lon="-3.260939"><ele>75.0</ele></trkpt>
      <trkpt lat="54.456028" lon="-3.260910"><ele>75.0</ele></trkpt>
      <trkpt lat="54.456192" lon="-3.261142"><ele>75.0</ele></trkpt>
      <trkpt lat="54.456552" lon="-3.260545"><ele>74.0</ele></trkpt>
      <trkpt lat="54.456852" lon="-3.260304"><ele>71.0</ele></trkpt>
      <trkpt lat="54.456979" lon="-3.260070"><ele>70.0</ele></trkpt>
      <trkpt lat="54.457385" lon="-3.259725"><ele>69.0</ele></trkpt>
      <trkpt lat="54.457823" lon="-3.259536"><ele>69.0</ele></trkpt>
      <trkpt lat="54.458152" lon="-3.258568"><ele>68.0</ele></trkpt>
      <trkpt lat="54.458572" lon="-3.257583"><ele>69.0</ele></trkpt>
      <trkpt lat="54.459324" lon="-3.257201"><ele>68.0</ele></trkpt>
      <trkpt lat="54.459764" lon="-3.256869"><ele>70.0</ele></trkpt>
      <trkpt lat="54.460403" lon="-3.256650"><ele>72.0</ele></trkpt>
      <trkpt lat="54.460753" lon="-3.256303"><ele>72.0</ele></trkpt>
      <trkpt lat="54.461546" lon="-3.256025"><ele>72.0</ele></trkpt>
      <trkpt lat="54.461774" lon="-3.256032"><ele>72.0</ele></trkpt>
      <trkpt lat="54.462269" lon="-3.256417"><ele>71.0</ele></trkpt>
      <trkpt lat="54.462483" lon="-3.256507"><ele>73.0</ele></trkpt>
      <trkpt lat="54.463481" lon="-3.256478"><ele>73.0</ele></trkpt>
      <trkpt lat="54.463940" lon="-3.256921"><ele>73.0</ele></trkpt>
      <trkpt lat="54.464116" lon="-3.256653"><ele>74.0</ele></trkpt>
      <trkpt lat="54.464735" lon="-3.256469"><ele>76.0</ele></trkpt>
      <trkpt lat="54.465456" lon="-3.256408"><ele>77.0</ele></trkpt>
      <trkpt lat="54.465711" lon="-3.256511"><ele>77.0</ele></trkpt>
      <trkpt lat="54.466514" lon="-3.256571"><ele>78.0</ele></trkpt>
      <trkpt lat="54.466850" lon="-3.256354"><ele>80.0</ele></trkpt>
      <trkpt lat="54.467311" lon="-3.256280"><ele>81.0</ele></trkpt>
      <trkpt lat="54.467450" lon="-3.256006"><ele>82.0</ele></trkpt>
      <trkpt lat="54.467758" lon="-3.255942"><ele>82.0</ele></trkpt>
      <trkpt lat="54.467604" lon="-3.254369"><ele>84.0</ele></trkpt>
      <trkpt lat="54.467505" lon="-3.253999"><ele>84.0</ele></trkpt>
      <trkpt lat="54.467096" lon="-3.253180"><ele>84.0</ele></trkpt>
      <trkpt lat="54.467357" lon="-3.252719"><ele>86.0</ele></trkpt>
      <trkpt lat="54.467794" lon="-3.252118"><ele>86.0</ele></trkpt>
      <trkpt lat="54.467878" lon="-3.251841"><ele>87.0</ele></trkpt>
      <trkpt lat="54.468457" lon="-3.251333"><ele>90.0</ele></trkpt>
      <trkpt lat="54.468616" lon="-3.251016"><ele>90.0</ele></trkpt>
      <trkpt lat="54.469184" lon="-3.250369"><ele>92.0</ele></trkpt>
      <trkpt lat="54.469312" lon="-3.250018"><ele>93.0</ele></trkpt>
      <trkpt lat="54.470008" lon="-3.249053"><ele>97.0</ele></trkpt>
      <trkpt lat="54.470306" lon="-3.248021"><ele>101.0</ele></trkpt>
      <trkpt lat="54.470523" lon="-3.247469"><ele>104.0</ele></trkpt>
      <trkpt lat="54.470781" lon="-3.247284"><ele>105.0</ele></trkpt>
      <trkpt lat="54.470974" lon="-3.247333"><ele>105.0</ele></trkpt>
      <trkpt lat="54.471348" lon="-3.246143"><ele>111.0</ele></trkpt>
      <trkpt lat="54.471382" lon="-3.245285"><ele>111.0</ele></trkpt>
      <trkpt lat="54.471223" lon="-3.243102"><ele>114.0</ele></trkpt>
      <trkpt lat="54.471398" lon="-3.241326"><ele>121.0</ele></trkpt>
      <trkpt lat="54.471550" lon="-3.240515"><ele>123.0</ele></trkpt>
      <trkpt lat="54.471613" lon="-3.239240"><ele>127.0</ele></trkpt>
      <trkpt lat="54.471987" lon="-3.237964"><ele>131.0</ele></trkpt>
      <trkpt lat="54.472278" lon="-3.237608"><ele>134.0</ele></trkpt>
      <trkpt lat="54.472380" lon="-3.237353"><ele>135.0</ele></trkpt>
      <trkpt lat="54.472544" lon="-3.236586"><ele>139.0</ele></trkpt>
      <trkpt lat="54.472772" lon="-3.235047"><ele>147.0</ele></trkpt>
      <trkpt lat="54.472805" lon="-3.234265"><ele>151.0</ele></trkpt>
      <trkpt lat="54.472777" lon="-3.233320"><ele>156.0</ele></trkpt>
      <trkpt lat="54.472843" lon="-3.231777"><ele>159.0</ele></trkpt>
      <trkpt lat="54.473133" lon="-3.230809"><ele>169.0</ele></trkpt>
      <trkpt lat="54.473111" lon="-3.229875"><ele>171.0</ele></trkpt>
      <trkpt lat="54.473147" lon="-3.229425"><ele>176.0</ele></trkpt>
      <trkpt lat="54.473501" lon="-3.228331"><ele>187.0</ele></trkpt>
      <trkpt lat="54.473524" lon="-3.227924"><ele>190.0</ele></trkpt>
      <trkpt lat="54.473671" lon="-3.227595"><ele>198.0</ele></trkpt>
      <trkpt lat="54.473883" lon="-3.226314"><ele>215.0</ele></trkpt>
      <trkpt lat="54.473857" lon="-3.225863"><ele>217.0</ele></trkpt>
      <trkpt lat="54.474109" lon="-3.224357"><ele>243.0</ele></trkpt>
      <trkpt lat="54.474180" lon="-3.223479"><ele>259.0</ele></trkpt>
      <trkpt lat="54.474076" lon="-3.222736"><ele>267.0</ele></trkpt>
      <trkpt lat="54.474088" lon="-3.221545"><ele>276.0</ele></trkpt>
      <trkpt lat="54.474387" lon="-3.220309"><ele>303.0</ele></trkpt>
      <trkpt lat="54.474447" lon="-3.219893"><ele>309.0</ele></trkpt>
      <trkpt lat="54.474468" lon="-3.219089"><ele>322.0</ele></trkpt>
      <trkpt lat="54.474402" lon="-3.217611"><ele>343.0</ele></trkpt>
      <trkpt lat="54.474451" lon="-3.217087"><ele>351.0</ele></trkpt>
      <trkpt lat="54.474611" lon="-3.216705"><ele>365.0</ele></trkpt>
      <trkpt lat="54.474770" lon="-3.215100"><ele>403.0</ele></trkpt>
      <trkpt lat="54.474726" lon="-3.214562"><ele>409.0</ele></trkpt>
      <trkpt lat="54.474767" lon="-3.214188"><ele>421.0</ele></trkpt>
      <trkpt lat="54.474598" lon="-3.213614"><ele>422.0</ele></trkpt>
      <trkpt lat="54.474571" lon="-3.213259"><ele>429.0</ele></trkpt>
      <trkpt lat="54.474487" lon="-3.212946"><ele>429.0</ele></trkpt>
      <trkpt lat="54.474478" lon="-3.212516"><ele>437.0</ele></trkpt>
      <trkpt lat="54.474322" lon="-3.211911"><ele>438.0</ele></trkpt>
      <trkpt lat="54.474296" lon="-3.211448"><ele>443.0</ele></trkpt>
      <trkpt lat="54.474339" lon="-3.210881"><ele>453.0</ele></trkpt>
      <trkpt lat="54.474276" lon="-3.210332"><ele>456.0</ele></trkpt>
      <trkpt lat="54.474305" lon="-3.209893"><ele>463.0</ele></trkpt>
      <trkpt lat="54.474278" lon="-3.209452"><ele>468.0</ele></trkpt>
      <trkpt lat="54.474177" lon="-3.208977"><ele>467.0</ele></trkpt>
      <trkpt lat="54.474008" lon="-3.208489"><ele>463.0</ele></trkpt>
      <trkpt lat="54.474140" lon="-3.207763"><ele>471.0</ele></trkpt>
      <trkpt lat="54.474655" lon="-3.207338"><ele>480.0</ele></trkpt>
      <trkpt lat="54.474904" lon="-3.206724"><ele>476.0</ele></trkpt>
      <trkpt lat="54.474696" lon="-3.204539"><ele>482.0</ele></trkpt>
      <trkpt lat="54.474759" lon="-3.203758"><ele>486.0</ele></trkpt>
      <trkpt lat="54.474710" lon="-3.203091"><ele>487.0</ele></trkpt>
      <trkpt lat="54.474531" lon="-3.202313"><ele>486.0</ele></trkpt>
      <trkpt lat="54.474462" lon="-3.201731"><ele>489.0</ele></trkpt>
      <trkpt lat="54.474517" lon="-3.201186"><ele>496.0</ele></trkpt>
      <trkpt lat="54.474518" lon="-3.199855"><ele>510.0</ele></trkpt>
      <trkpt lat="54.474440" lon="-3.199531"><ele>514.0</ele></trkpt>
      <trkpt lat="54.473541" lon="-3.198431"><ele>545.0</ele></trkpt>
      <trkpt lat="54.473537" lon="-3.198206"><ele>545.0</ele></trkpt>
      <trkpt lat="54.472984" lon="-3.197385"><ele>561.0</ele></trkpt>
      <trkpt lat="54.472655" lon="-3.197160"><ele>569.0</ele></trkpt>
      <trkpt lat="54.472291" lon="-3.196763"><ele>578.0</ele></trkpt>
      <trkpt lat="54.472196" lon="-3.196374"><ele>582.0</ele></trkpt>
      <trkpt lat="54.471862" lon="-3.196021"><ele>585.0</ele></trkpt>
      <trkpt lat="54.471705" lon="-3.195544"><ele>589.0</ele></trkpt>
      <trkpt lat="54.471223" lon="-3.195133"><ele>596.0</ele></trkpt>
      <trkpt lat="54.471002" lon="-3.194751"><ele>599.0</ele></trkpt>
      <trkpt lat="54.470943" lon="-3.194428"><ele>600.0</ele></trkpt>
      <trkpt lat="54.470186" lon="-3.193386"><ele>611.0</ele></trkpt>
      <trkpt lat="54.469476" lon="-3.192035"><ele>626.0</ele></trkpt>
      <trkpt lat="54.469217" lon="-3.191748"><ele>625.0</ele></trkpt>
      <trkpt lat="54.468648" lon="-3.191313"><ele>621.0</ele></trkpt>
      <trkpt lat="54.468445" lon="-3.190996"><ele>620.0</ele></trkpt>
      <trkpt lat="54.467806" lon="-3.190623"><ele>625.0</ele></trkpt>
      <trkpt lat="54.467523" lon="-3.190261"><ele>628.0</ele></trkpt>
      <trkpt lat="54.467033" lon="-3.189356"><ele>643.0</ele></trkpt>
      <trkpt lat="54.466513" lon="-3.187742"><ele>659.0</ele></trkpt>
      <trkpt lat="54.466322" lon="-3.187457"><ele>664.0</ele></trkpt>
      <trkpt lat="54.466221" lon="-3.187003"><ele>666.0</ele></trkpt>
      <trkpt lat="54.466224" lon="-3.186027"><ele>674.0</ele></trkpt>
      <trkpt lat="54.466133" lon="-3.185745"><ele>677.0</ele></trkpt>
      <trkpt lat="54.465765" lon="-3.185177"><ele>687.0</ele></trkpt>
      <trkpt lat="54.465413" lon="-3.184201"><ele>697.0</ele></trkpt>
      <trkpt lat="54.465247" lon="-3.183885"><ele>699.0</ele></trkpt>
      <trkpt lat="54.465152" lon="-3.183410"><ele>703.0</ele></trkpt>
      <trkpt lat="54.464754" lon="-3.182712"><ele>715.0</ele></trkpt>
      <trkpt lat="54.464658" lon="-3.182301"><ele>718.0</ele></trkpt>
      <trkpt lat="54.464468" lon="-3.181941"><ele>722.0</ele></trkpt>
      <trkpt lat="54.464265" lon="-3.181710"><ele>723.0</ele></trkpt>
      <trkpt lat="54.464066" lon="-3.181629"><ele>722.0</ele></trkpt>
      <trkpt lat="54.464071" lon="-3.181136"><ele>718.0</ele></trkpt>
      <trkpt lat="54.464150" lon="-3.180687"><ele>716.0</ele></trkpt>
      <trkpt lat="54.463903" lon="-3.179811"><ele>701.0</ele></trkpt>
      <trkpt lat="54.463869" lon="-3.179392"><ele>696.0</ele></trkpt>
      <trkpt lat="54.463510" lon="-3.178533"><ele>672.0</ele></trkpt>
      <trkpt lat="54.463264" lon="-3.176917"><ele>649.0</ele></trkpt>
      <trkpt lat="54.462789" lon="-3.175744"><ele>638.0</ele></trkpt>
      <trkpt lat="54.462597" lon="-3.175567"><ele>636.0</ele></trkpt>
      <trkpt lat="54.462271" lon="-3.174409"><ele>634.0</ele></trkpt>
      <trkpt lat="54.462039" lon="-3.173952"><ele>638.0</ele></trkpt>
      <trkpt lat="54.462000" lon="-3.173425"><ele>643.0</ele></trkpt>
      <trkpt lat="54.461824" lon="-3.172959"><ele>648.0</ele></trkpt>
      <trkpt lat="54.461778" lon="-3.172603"><ele>650.0</ele></trkpt>
      <trkpt lat="54.461797" lon="-3.171928"><ele>648.0</ele></trkpt>
      <trkpt lat="54.461357" lon="-3.171572"><ele>645.0</ele></trkpt>
      <trkpt lat="54.461236" lon="-3.171257"><ele>643.0</ele></trkpt>
      <trkpt lat="54.461135" lon="-3.170020"><ele>631.0</ele></trkpt>
      <trkpt lat="54.460823" lon="-3.168777"><ele>611.0</ele></trkpt>
      <trkpt lat="54.460642" lon="-3.168171"><ele>601.0</ele></trkpt>
      <trkpt lat="54.460439" lon="-3.167843"><ele>595.0</ele></trkpt>
      <trkpt lat="54.460351" lon="-3.167326"><ele>587.0</ele></trkpt>
      <trkpt lat="54.460109" lon="-3.166493"><ele>570.0</ele></trkpt>
      <trkpt lat="54.459773" lon="-3.165807"><ele>561.0</ele></trkpt>
      <trkpt lat="54.459827" lon="-3.165390"><ele>562.0</ele></trkpt>
      <trkpt lat="54.459800" lon="-3.164981"><ele>562.0</ele></trkpt>
      <trkpt lat="54.459954" lon="-3.163838"><ele>558.0</ele></trkpt>
      <trkpt lat="54.460007" lon="-3.162841"><ele>564.0</ele></trkpt>
      <trkpt lat="54.460087" lon="-3.162318"><ele>565.0</ele></trkpt>
      <trkpt lat="54.460277" lon="-3.162012"><ele>558.0</ele></trkpt>
      <trkpt lat="54.460708" lon="-3.160726"><ele>560.0</ele></trkpt>
      <trkpt lat="54.460847" lon="-3.159850"><ele>563.0</ele></trkpt>
      <trkpt lat="54.461367" lon="-3.158362"><ele>557.0</ele></trkpt>
      <trkpt lat="54.461587" lon="-3.157457"><ele>555.0</ele></trkpt>
      <trkpt lat="54.461708" lon="-3.156548"><ele>559.0</ele></trkpt>
      <trkpt lat="54.462104" lon="-3.155583"><ele>554.0</ele></trkpt>
      <trkpt lat="54.462221" lon="-3.154470"><ele>553.0</ele></trkpt>
      <trkpt lat="54.462336" lon="-3.154141"><ele>553.0</ele></trkpt>
      <trkpt lat="54.462376" lon="-3.153230"><ele>553.0</ele></trkpt>
      <trkpt lat="54.462513" lon="-3.152611"><ele>556.0</ele></trkpt>
      <trkpt lat="54.462711" lon="-3.152102"><ele>560.0</ele></trkpt>
      <trkpt lat="54.463485" lon="-3.150782"><ele>567.0</ele></trkpt>
      <trkpt lat="54.463824" lon="-3.149912"><ele>569.0</ele></trkpt>
      <trkpt lat="54.464468" lon="-3.149061"><ele>570.0</ele></trkpt>
      <trkpt lat="54.464868" lon="-3.148731"><ele>572.0</ele></trkpt>
      <trkpt lat="54.465028" lon="-3.148381"><ele>575.0</ele></trkpt>
      <trkpt lat="54.465038" lon="-3.147888"><ele>572.0</ele></trkpt>
      <trkpt lat="54.465235" lon="-3.147561"><ele>569.0</ele></trkpt>
      <trkpt lat="54.465498" lon="-3.147386"><ele>566.0</ele></trkpt>
      <trkpt lat="54.465851" lon="-3.146988"><ele>560.0</ele></trkpt>
      <trkpt lat="54.466329" lon="-3.146583"><ele>556.0</ele></trkpt>
      <trkpt lat="54.467592" lon="-3.145642"><ele>534.0</ele></trkpt>
      <trkpt lat="54.467977" lon="-3.145148"><ele>525.0</ele></trkpt>
      <trkpt lat="54.468401" lon="-3.144463"><ele>516.0</ele></trkpt>
      <trkpt lat="54.468682" lon="-3.143741"><ele>507.0</ele></trkpt>
      <trkpt lat="54.468915" lon="-3.143554"><ele>504.0</ele></trkpt>
      <trkpt lat="54.469093" lon="-3.143130"><ele>498.0</ele></trkpt>
      <trkpt lat="54.469428" lon="-3.141401"><ele>488.0</ele></trkpt>
      <trkpt lat="54.469629" lon="-3.140581"><ele>482.0</ele></trkpt>
      <trkpt lat="54.469782" lon="-3.140220"><ele>483.0</ele></trkpt>
      <trkpt lat="54.469807" lon="-3.139513"><ele>482.0</ele></trkpt>
      <trkpt lat="54.469779" lon="-3.139179"><ele>482.0</ele></trkpt>
      <trkpt lat="54.469595" lon="-3.138895"><ele>481.0</ele></trkpt>
      <trkpt lat="54.469512" lon="-3.138431"><ele>481.0</ele></trkpt>
      <trkpt lat="54.469203" lon="-3.138112"><ele>480.0</ele></trkpt>
      <trkpt lat="54.469094" lon="-3.137819"><ele>480.0</ele></trkpt>
      <trkpt lat="54.469058" lon="-3.137625"><ele>479.0</ele></trkpt>
      <trkpt lat="54.469160" lon="-3.137434"><ele>481.0</ele></trkpt>
      <trkpt lat="54.469061" lon="-3.137303"><ele>479.0</ele></trkpt>
      <trkpt lat="54.468953" lon="-3.136871"><ele>478.0</ele></trkpt>
      <trkpt lat="54.468861" lon="-3.136686"><ele>478.0</ele></trkpt>
      <trkpt lat="54.468527" lon="-3.136376"><ele>478.0</ele></trkpt>
      <trkpt lat="54.468405" lon="-3.136169"><ele>479.0</ele></trkpt>
      <trkpt lat="54.468200" lon="-3.135390"><ele>479.0</ele></trkpt>
      <trkpt lat="54.468233" lon="-3.135187"><ele>480.0</ele></trkpt>
      <trkpt lat="54.468620" lon="-3.135144"><ele>478.0</ele></trkpt>
      <trkpt lat="54.469326" lon="-3.135626"><ele>477.0</ele></trkpt>
      <trkpt lat="54.469429" lon="-3.135285"><ele>474.0</ele></trkpt>
      <trkpt lat="54.469563" lon="-3.135053"><ele>472.0</ele></trkpt>
      <trkpt lat="54.469889" lon="-3.134783"><ele>469.0</ele></trkpt>
      <trkpt lat="54.470177" lon="-3.134716"><ele>468.0</ele></trkpt>
      <trkpt lat="54.470879" lon="-3.134360"><ele>467.0</ele></trkpt>
      <trkpt lat="54.471118" lon="-3.134087"><ele>464.0</ele></trkpt>
      <trkpt lat="54.471709" lon="-3.133707"><ele>463.0</ele></trkpt>
      <trkpt lat="54.471831" lon="-3.133313"><ele>458.0</ele></trkpt>
      <trkpt lat="54.472292" lon="-3.132725"><ele>453.0</ele></trkpt>
      <trkpt lat="54.472394" lon="-3.132481"><ele>451.0</ele></trkpt>
      <trkpt lat="54.472756" lon="-3.132491"><ele>444.0</ele></trkpt>
      <trkpt lat="54.473054" lon="-3.132596"><ele>431.0</ele></trkpt>
      <trkpt lat="54.473301" lon="-3.132850"><ele>424.0</ele></trkpt>
      <trkpt lat="54.473393" lon="-3.133056"><ele>422.0</ele></trkpt>
      <trkpt lat="54.473971" lon="-3.133169"><ele>400.0</ele></trkpt>
      <trkpt lat="54.474113" lon="-3.133312"><ele>394.0</ele></trkpt>
      <trkpt lat="54.474165" lon="-3.133056"><ele>388.0</ele></trkpt>
      <trkpt lat="54.474376" lon="-3.133148"><ele>376.0</ele></trkpt>
      <trkpt lat="54.474555" lon="-3.133410"><ele>366.0</ele></trkpt>
      <trkpt lat="54.474895" lon="-3.133066"><ele>352.0</ele></trkpt>
      <trkpt lat="54.475213" lon="-3.133729"><ele>335.0</ele></trkpt>
      <trkpt lat="54.475484" lon="-3.134069"><ele>320.0</ele></trkpt>
      <trkpt lat="54.475991" lon="-3.134545"><ele>295.0</ele></trkpt>
      <trkpt lat="54.476414" lon="-3.134578"><ele>282.0</ele></trkpt>
      <trkpt lat="54.476386" lon="-3.134899"><ele>280.0</ele></trkpt>
      <trkpt lat="54.476445" lon="-3.135255"><ele>276.0</ele></trkpt>
      <trkpt lat="54.476971" lon="-3.135731"><ele>259.0</ele></trkpt>
      <trkpt lat="54.477506" lon="-3.135852"><ele>245.0</ele></trkpt>
      <trkpt lat="54.477701" lon="-3.135664"><ele>243.0</ele></trkpt>
      <trkpt lat="54.477918" lon="-3.135788"><ele>239.0</ele></trkpt>
      <trkpt lat="54.478052" lon="-3.136060"><ele>236.0</ele></trkpt>
      <trkpt lat="54.478546" lon="-3.135977"><ele>228.0</ele></trkpt>
      <trkpt lat="54.479210" lon="-3.136993"><ele>215.0</ele></trkpt>
      <trkpt lat="54.479463" lon="-3.137172"><ele>213.0</ele></trkpt>
      <trkpt lat="54.479850" lon="-3.137194"><ele>212.0</ele></trkpt>
      <trkpt lat="54.479916" lon="-3.137485"><ele>212.0</ele></trkpt>
      <trkpt lat="54.480988" lon="-3.138127"><ele>208.0</ele></trkpt>
      <trkpt lat="54.481774" lon="-3.138084"><ele>206.0</ele></trkpt>
      <trkpt lat="54.482775" lon="-3.138305"><ele>203.0</ele></trkpt>
      <trkpt lat="54.483296" lon="-3.137933"><ele>198.0</ele></trkpt>
      <trkpt lat="54.483737" lon="-3.138117"><ele>200.0</ele></trkpt>
      <trkpt lat="54.484354" lon="-3.138156"><ele>202.0</ele></trkpt>
      <trkpt lat="54.484555" lon="-3.138033"><ele>201.0</ele></trkpt>
      <trkpt lat="54.485578" lon="-3.137965"><ele>198.0</ele></trkpt>
      <trkpt lat="54.486855" lon="-3.138011"><ele>200.0</ele></trkpt>
      <trkpt lat="54.487281" lon="-3.137819"><ele>199.0</ele></trkpt>
      <trkpt lat="54.487477" lon="-3.137503"><ele>198.0</ele></trkpt>
      <trkpt lat="54.487703" lon="-3.137305"><ele>198.0</ele></trkpt>
      <trkpt lat="54.487947" lon="-3.137226"><ele>200.0</ele></trkpt>
      <trkpt lat="54.489045" lon="-3.136063"><ele>196.0</ele></trkpt>
      <trkpt lat="54.489295" lon="-3.135974"><ele>197.0</ele></trkpt>
      <trkpt lat="54.489503" lon="-3.135808"><ele>196.0</ele></trkpt>
      <trkpt lat="54.490184" lon="-3.135559"><ele>191.0</ele></trkpt>
      <trkpt lat="54.490314" lon="-3.135036"><ele>186.0</ele></trkpt>
      <trkpt lat="54.491011" lon="-3.134433"><ele>183.0</ele></trkpt>
      <trkpt lat="54.491624" lon="-3.133581"><ele>183.0</ele></trkpt>
      <trkpt lat="54.491728" lon="-3.133123"><ele>184.0</ele></trkpt>
      <trkpt lat="54.491930" lon="-3.133536"><ele>183.0</ele></trkpt>
      <trkpt lat="54.492276" lon="-3.133836"><ele>183.0</ele></trkpt>
      <trkpt lat="54.492537" lon="-3.133864"><ele>184.0</ele></trkpt>
      <trkpt lat="54.492754" lon="-3.133999"><ele>183.0</ele></trkpt>
      <trkpt lat="54.492979" lon="-3.133941"><ele>183.0</ele></trkpt>
      <trkpt lat="54.493186" lon="-3.133786"><ele>182.0</ele></trkpt>
      <trkpt lat="54.494128" lon="-3.133584"><ele>179.0</ele></trkpt>
      <trkpt lat="54.495112" lon="-3.133053"><ele>180.0</ele></trkpt>
      <trkpt lat="54.496060" lon="-3.132286"><ele>177.0</ele></trkpt>
      <trkpt lat="54.496714" lon="-3.131606"><ele>170.0</ele></trkpt>
      <trkpt lat="54.497177" lon="-3.131501"><ele>170.0</ele></trkpt>
      <trkpt lat="54.497620" lon="-3.131533"><ele>171.0</ele></trkpt>
      <trkpt lat="54.499118" lon="-3.131215"><ele>171.0</ele></trkpt>
      <trkpt lat="54.499725" lon="-3.130942"><ele>171.0</ele></trkpt>
      <trkpt lat="54.499901" lon="-3.130765"><ele>169.0</ele></trkpt>
      <trkpt lat="54.500427" lon="-3.130575"><ele>168.0</ele></trkpt>
      <trkpt lat="54.500652" lon="-3.130410"><ele>168.0</ele></trkpt>
      <trkpt lat="54.500867" lon="-3.130115"><ele>165.0</ele></trkpt>
      <trkpt lat="54.501173" lon="-3.129451"><ele>157.0</ele></trkpt>
      <trkpt lat="54.501602" lon="-3.128884"><ele>154.0</ele></trkpt>
      <trkpt lat="54.501965" lon="-3.128658"><ele>159.0</ele></trkpt>
      <trkpt lat="54.502198" lon="-3.128407"><ele>159.0</ele></trkpt>
      <trkpt lat="54.503101" lon="-3.126896"><ele>150.0</ele></trkpt>
      <trkpt lat="54.503552" lon="-3.126630"><ele>151.0</ele></trkpt>
      <trkpt lat="54.504187" lon="-3.126025"><ele>151.0</ele></trkpt>
      <trkpt lat="54.505018" lon="-3.125704"><ele>154.0</ele></trkpt>
      <trkpt lat="54.505294" lon="-3.125530"><ele>154.0</ele></trkpt>
      <trkpt lat="54.505465" lon="-3.125245"><ele>151.0</ele></trkpt>
      <trkpt lat="54.505811" lon="-3.124246"><ele>145.0</ele></trkpt>
      <trkpt lat="54.505949" lon="-3.124142"><ele>144.0</ele></trkpt>
      <trkpt lat="54.506466" lon="-3.124113"><ele>137.0</ele></trkpt>
      <trkpt lat="54.506670" lon="-3.124291"><ele>135.0</ele></trkpt>
      <trkpt lat="54.506787" lon="-3.124498"><ele>134.0</ele></trkpt>
      <trkpt lat="54.507059" lon="-3.124677"><ele>132.0</ele></trkpt>
      <trkpt lat="54.507184" lon="-3.124632"><ele>131.0</ele></trkpt>
      <trkpt lat="54.507326" lon="-3.124786"><ele>130.0</ele></trkpt>
      <trkpt lat="54.507595" lon="-3.125352"><ele>126.0</ele></trkpt>
      <trkpt lat="54.507610" lon="-3.125674"><ele>125.0</ele></trkpt>
      <trkpt lat="54.507547" lon="-3.126498"><ele>124.0</ele></trkpt>
      <trkpt lat="54.507566" lon="-3.128473"><ele>124.0</ele></trkpt>
      <trkpt lat="54.507924" lon="-3.128816"><ele>125.0</ele></trkpt>
      <trkpt lat="54.508484" lon="-3.128853"><ele>123.0</ele></trkpt>
      <trkpt lat="54.508804" lon="-3.129323"><ele>126.0</ele></trkpt>
      <trkpt lat="54.508924" lon="-3.129809"><ele>125.0</ele></trkpt>
      <trkpt lat="54.508959" lon="-3.130733"><ele>124.0</ele></trkpt>
      <trkpt lat="54.509309" lon="-3.131955"><ele>117.0</ele></trkpt>
      <trkpt lat="54.509335" lon="-3.132525"><ele>117.0</ele></trkpt>
      <trkpt lat="54.509295" lon="-3.133457"><ele>117.0</ele></trkpt>
      <trkpt lat="54.509420" lon="-3.134051"><ele>114.0</ele></trkpt>
      <trkpt lat="54.509639" lon="-3.134615"><ele>118.0</ele></trkpt>
      <trkpt lat="54.509886" lon="-3.134891"><ele>116.0</ele></trkpt>
      <trkpt lat="54.509971" lon="-3.135086"><ele>117.0</ele></trkpt>
      <trkpt lat="54.510181" lon="-3.135274"><ele>115.0</ele></trkpt>
      <trkpt lat="54.511095" lon="-3.136824"><ele>110.0</ele></trkpt>
      <trkpt lat="54.511279" lon="-3.137762"><ele>114.0</ele></trkpt>
      <trkpt lat="54.511462" lon="-3.138207"><ele>114.0</ele></trkpt>
      <trkpt lat="54.511509" lon="-3.138530"><ele>116.0</ele></trkpt>
      <trkpt lat="54.511760" lon="-3.138956"><ele>114.0</ele></trkpt>
      <trkpt lat="54.512316" lon="-3.139465"><ele>106.0</ele></trkpt>
      <trkpt lat="54.512500" lon="-3.139803"><ele>106.0</ele></trkpt>
      <trkpt lat="54.512617" lon="-3.139892"><ele>105.0</ele></trkpt>
      <trkpt lat="54.512779" lon="-3.139875"><ele>103.0</ele></trkpt>
      <trkpt lat="54.513251" lon="-3.140682"><ele>103.0</ele></trkpt>
      <trkpt lat="54.513406" lon="-3.140762"><ele>102.0</ele></trkpt>
      <trkpt lat="54.513781" lon="-3.140676"><ele>101.0</ele></trkpt>
      <trkpt lat="54.513976" lon="-3.140456"><ele>99.0</ele></trkpt>
      <trkpt lat="54.514728" lon="-3.138653"><ele>104.0</ele></trkpt>
      <trkpt lat="54.514917" lon="-3.139098"><ele>103.0</ele></trkpt>
      <trkpt lat="54.515175" lon="-3.139470"><ele>102.0</ele></trkpt>
      <trkpt lat="54.515798" lon="-3.140142"><ele>103.0</ele></trkpt>
      <trkpt lat="54.516214" lon="-3.140272"><ele>111.0</ele></trkpt>
      <trkpt lat="54.516975" lon="-3.141463"><ele>102.0</ele></trkpt>
      <trkpt lat="54.518050" lon="-3.142362"><ele>99.0</ele></trkpt>
      <trkpt lat="54.518694" lon="-3.142766"><ele>99.0</ele></trkpt>
      <trkpt lat="54.519320" lon="-3.142652"><ele>100.0</ele></trkpt>
      <trkpt lat="54.519411" lon="-3.142279"><ele>104.0</ele></trkpt>
      <trkpt lat="54.520348" lon="-3.142628"><ele>104.0</ele></trkpt>
      <trkpt lat="54.520519" lon="-3.142954"><ele>102.0</ele></trkpt>
      <trkpt lat="54.520547" lon="-3.143277"><ele>99.0</ele></trkpt>
      <trkpt lat="54.520475" lon="-3.143629"><ele>98.0</ele></trkpt>
      <trkpt lat="54.520511" lon="-3.143791"><ele>97.0</ele></trkpt>
      <trkpt lat="54.520690" lon="-3.143925"><ele>96.0</ele></trkpt>
      <trkpt lat="54.521114" lon="-3.144580"><ele>94.0</ele></trkpt>
      <trkpt lat="54.521211" lon="-3.144841"><ele>94.0</ele></trkpt>
      <trkpt lat="54.521208" lon="-3.145130"><ele>95.0</ele></trkpt>
      <trkpt lat="54.522321" lon="-3.145312"><ele>97.0</ele></trkpt>
      <trkpt lat="54.522520" lon="-3.145425"><ele>97.0</ele></trkpt>
      <trkpt lat="54.523105" lon="-3.145484"><ele>98.0</ele></trkpt>
      <trkpt lat="54.523364" lon="-3.145663"><ele>95.0</ele></trkpt>
      <trkpt lat="54.524233" lon="-3.145983"><ele>93.0</ele></trkpt>
      <trkpt lat="54.524610" lon="-3.146283"><ele>93.0</ele></trkpt>
      <trkpt lat="54.524291" lon="-3.147733"><ele>90.0</ele></trkpt>
      <trkpt lat="54.524003" lon="-3.147275"><ele>90.0</ele></trkpt>
      <trkpt lat="54.522985" lon="-3.149247"><ele>96.0</ele></trkpt>
      <trkpt lat="54.522957" lon="-3.149525"><ele>95.0</ele></trkpt>
      <trkpt lat="54.523031" lon="-3.149656"><ele>94.0</ele></trkpt>
      <trkpt lat="54.523027" lon="-3.150021"><ele>94.0</ele></trkpt>
      <trkpt lat="54.523580" lon="-3.153438"><ele>90.0</ele></trkpt>
      <trkpt lat="54.523555" lon="-3.154757"><ele>90.0</ele></trkpt>
      <trkpt lat="54.523722" lon="-3.154955"><ele>89.0</ele></trkpt>
      <trkpt lat="54.523787" lon="-3.155236"><ele>90.0</ele></trkpt>
      <trkpt lat="54.523959" lon="-3.155498"><ele>89.0</ele></trkpt>
      <trkpt lat="54.525265" lon="-3.156995"><ele>89.0</ele></trkpt>
      <trkpt lat="54.525717" lon="-3.157233"><ele>87.0</ele></trkpt>
      <trkpt lat="54.525658" lon="-3.157596"><ele>88.0</ele></trkpt>
      <trkpt lat="54.526213" lon="-3.158159"><ele>89.0</ele></trkpt>
      <trkpt lat="54.526661" lon="-3.158226"><ele>88.0</ele></trkpt>
      <trkpt lat="54.527005" lon="-3.157999"><ele>87.0</ele></trkpt>
      <trkpt lat="54.527704" lon="-3.157225"><ele>87.0</ele></trkpt>
      <trkpt lat="54.527917" lon="-3.157081"><ele>87.0</ele></trkpt>
      <trkpt lat="54.528098" lon="-3.157075"><ele>87.0</ele></trkpt>
      <trkpt lat="54.528493" lon="-3.157419"><ele>89.0</ele></trkpt>
      <trkpt lat="54.528679" lon="-3.157500"><ele>89.0</ele></trkpt>
      <trkpt lat="54.529103" lon="-3.158048"><ele>92.0</ele></trkpt>
      <trkpt lat="54.529348" lon="-3.158463"><ele>101.0</ele></trkpt>
      <trkpt lat="54.529534" lon="-3.158586"><ele>106.0</ele></trkpt>
      <trkpt lat="54.530420" lon="-3.158343"><ele>126.0</ele></trkpt>
      <trkpt lat="54.530687" lon="-3.158501"><ele>139.0</ele></trkpt>
      <trkpt lat="54.531326" lon="-3.159356"><ele>181.0</ele></trkpt>
      <trkpt lat="54.531348" lon="-3.159690"><ele>188.0</ele></trkpt>
      <trkpt lat="54.531175" lon="-3.160157"><ele>194.0</ele></trkpt>
      <trkpt lat="54.531398" lon="-3.160303"><ele>203.0</ele></trkpt>
      <trkpt lat="54.531508" lon="-3.160542"><ele>213.0</ele></trkpt>
      <trkpt lat="54.531474" lon="-3.160852"><ele>218.0</ele></trkpt>
      <trkpt lat="54.531504" lon="-3.161604"><ele>228.0</ele></trkpt>
      <trkpt lat="54.531736" lon="-3.162040"><ele>232.0</ele></trkpt>
      <trkpt lat="54.532095" lon="-3.161664"><ele>245.0</ele></trkpt>
      <trkpt lat="54.532301" lon="-3.161616"><ele>251.0</ele></trkpt>
      <trkpt lat="54.532484" lon="-3.161289"><ele>260.0</ele></trkpt>
      <trkpt lat="54.533108" lon="-3.161167"><ele>268.0</ele></trkpt>
      <trkpt lat="54.533192" lon="-3.161513"><ele>260.0</ele></trkpt>
      <trkpt lat="54.533114" lon="-3.161167"><ele>268.0</ele></trkpt>
      <trkpt lat="54.532484" lon="-3.161289"><ele>260.0</ele></trkpt>
      <trkpt lat="54.532301" lon="-3.161616"><ele>251.0</ele></trkpt>
      <trkpt lat="54.532095" lon="-3.161664"><ele>245.0</ele></trkpt>
      <trkpt lat="54.531772" lon="-3.162180"><ele>232.0</ele></trkpt>
      <trkpt lat="54.531701" lon="-3.162447"><ele>227.0</ele></trkpt>
      <trkpt lat="54.531451" lon="-3.162557"><ele>226.0</ele></trkpt>
      <trkpt lat="54.530940" lon="-3.163852"><ele>224.0</ele></trkpt>
      <trkpt lat="54.530733" lon="-3.164683"><ele>217.0</ele></trkpt>
      <trkpt lat="54.530544" lon="-3.164967"><ele>220.0</ele></trkpt>
      <trkpt lat="54.530384" lon="-3.165371"><ele>222.0</ele></trkpt>
      <trkpt lat="54.530046" lon="-3.165586"><ele>219.0</ele></trkpt>
      <trkpt lat="54.529314" lon="-3.166563"><ele>217.0</ele></trkpt>
      <trkpt lat="54.529088" lon="-3.166771"><ele>217.0</ele></trkpt>
      <trkpt lat="54.528777" lon="-3.166762"><ele>212.0</ele></trkpt>
      <trkpt lat="54.528489" lon="-3.166883"><ele>209.0</ele></trkpt>
      <trkpt lat="54.528301" lon="-3.167060"><ele>207.0</ele></trkpt>
      <trkpt lat="54.528060" lon="-3.167439"><ele>207.0</ele></trkpt>
      <trkpt lat="54.527716" lon="-3.168234"><ele>213.0</ele></trkpt>
      <trkpt lat="54.527026" lon="-3.168794"><ele>203.0</ele></trkpt>
      <trkpt lat="54.526865" lon="-3.168725"><ele>201.0</ele></trkpt>
      <trkpt lat="54.526743" lon="-3.168453"><ele>198.0</ele></trkpt>
      <trkpt lat="54.526576" lon="-3.168320"><ele>197.0</ele></trkpt>
      <trkpt lat="54.526315" lon="-3.168301"><ele>200.0</ele></trkpt>
      <trkpt lat="54.526114" lon="-3.168457"><ele>202.0</ele></trkpt>
      <trkpt lat="54.525918" lon="-3.168161"><ele>201.0</ele></trkpt>
      <trkpt lat="54.525719" lon="-3.168070"><ele>202.0</ele></trkpt>
      <trkpt lat="54.525469" lon="-3.168127"><ele>203.0</ele></trkpt>
      <trkpt lat="54.525274" lon="-3.168336"><ele>204.0</ele></trkpt>
      <trkpt lat="54.525052" lon="-3.168823"><ele>209.0</ele></trkpt>
      <trkpt lat="54.524850" lon="-3.169107"><ele>213.0</ele></trkpt>
      <trkpt lat="54.524241" lon="-3.169615"><ele>223.0</ele></trkpt>
      <trkpt lat="54.523970" lon="-3.169329"><ele>218.0</ele></trkpt>
      <trkpt lat="54.523549" lon="-3.169703"><ele>224.0</ele></trkpt>
      <trkpt lat="54.523261" lon="-3.169802"><ele>225.0</ele></trkpt>
      <trkpt lat="54.522046" lon="-3.169864"><ele>230.0</ele></trkpt>
      <trkpt lat="54.521734" lon="-3.169951"><ele>230.0</ele></trkpt>
      <trkpt lat="54.521367" lon="-3.169909"><ele>227.0</ele></trkpt>
      <trkpt lat="54.521004" lon="-3.170123"><ele>233.0</ele></trkpt>
      <trkpt lat="54.519941" lon="-3.169921"><ele>235.0</ele></trkpt>
      <trkpt lat="54.518672" lon="-3.170335"><ele>249.0</ele></trkpt>
      <trkpt lat="54.517967" lon="-3.171099"><ele>246.0</ele></trkpt>
      <trkpt lat="54.517193" lon="-3.172321"><ele>238.0</ele></trkpt>
      <trkpt lat="54.517091" lon="-3.172543"><ele>235.0</ele></trkpt>
      <trkpt lat="54.516730" lon="-3.173810"><ele>236.0</ele></trkpt>
      <trkpt lat="54.516309" lon="-3.174839"><ele>236.0</ele></trkpt>
      <trkpt lat="54.516231" lon="-3.175233"><ele>238.0</ele></trkpt>
      <trkpt lat="54.515826" lon="-3.175876"><ele>236.0</ele></trkpt>
      <trkpt lat="54.515714" lon="-3.177096"><ele>247.0</ele></trkpt>
      <trkpt lat="54.515605" lon="-3.177469"><ele>250.0</ele></trkpt>
      <trkpt lat="54.515288" lon="-3.177996"><ele>249.0</ele></trkpt>
      <trkpt lat="54.515200" lon="-3.178712"><ele>253.0</ele></trkpt>
      <trkpt lat="54.514876" lon="-3.180001"><ele>260.0</ele></trkpt>
      <trkpt lat="54.514237" lon="-3.182998"><ele>280.0</ele></trkpt>
      <trkpt lat="54.513111" lon="-3.185959"><ele>293.0</ele></trkpt>
      <trkpt lat="54.512741" lon="-3.186206"><ele>295.0</ele></trkpt>
      <trkpt lat="54.512601" lon="-3.186502"><ele>296.0</ele></trkpt>
      <trkpt lat="54.512517" lon="-3.186865"><ele>297.0</ele></trkpt>
      <trkpt lat="54.512515" lon="-3.187745"><ele>300.0</ele></trkpt>
      <trkpt lat="54.512896" lon="-3.188818"><ele>306.0</ele></trkpt>
      <trkpt lat="54.513024" lon="-3.189744"><ele>310.0</ele></trkpt>
      <trkpt lat="54.513070" lon="-3.190218"><ele>312.0</ele></trkpt>
      <trkpt lat="54.513043" lon="-3.191601"><ele>316.0</ele></trkpt>
      <trkpt lat="54.513120" lon="-3.192065"><ele>318.0</ele></trkpt>
      <trkpt lat="54.513143" lon="-3.192892"><ele>326.0</ele></trkpt>
      <trkpt lat="54.513072" lon="-3.193147"><ele>327.0</ele></trkpt>
      <trkpt lat="54.512914" lon="-3.193347"><ele>327.0</ele></trkpt>
      <trkpt lat="54.512809" lon="-3.193944"><ele>330.0</ele></trkpt>
      <trkpt lat="54.512642" lon="-3.194401"><ele>333.0</ele></trkpt>
      <trkpt lat="54.512353" lon="-3.194693"><ele>336.0</ele></trkpt>
      <trkpt lat="54.512105" lon="-3.195136"><ele>340.0</ele></trkpt>
      <trkpt lat="54.511755" lon="-3.195287"><ele>337.0</ele></trkpt>
      <trkpt lat="54.511616" lon="-3.195455"><ele>338.0</ele></trkpt>
      <trkpt lat="54.511252" lon="-3.196431"><ele>347.0</ele></trkpt>
      <trkpt lat="54.511185" lon="-3.196912"><ele>352.0</ele></trkpt>
      <trkpt lat="54.511146" lon="-3.197619"><ele>357.0</ele></trkpt>
      <trkpt lat="54.511179" lon="-3.198124"><ele>359.0</ele></trkpt>
      <trkpt lat="54.511361" lon="-3.199278"><ele>358.0</ele></trkpt>
      <trkpt lat="54.511357" lon="-3.199686"><ele>357.0</ele></trkpt>
      <trkpt lat="54.511140" lon="-3.200162"><ele>360.0</ele></trkpt>
      <trkpt lat="54.511106" lon="-3.200440"><ele>362.0</ele></trkpt>
      <trkpt lat="54.511251" lon="-3.201507"><ele>368.0</ele></trkpt>
      <trkpt lat="54.511329" lon="-3.201831"><ele>374.0</ele></trkpt>
      <trkpt lat="54.511823" lon="-3.202232"><ele>372.0</ele></trkpt>
      <trkpt lat="54.512318" lon="-3.203856"><ele>382.0</ele></trkpt>
      <trkpt lat="54.512517" lon="-3.205106"><ele>395.0</ele></trkpt>
      <trkpt lat="54.512753" lon="-3.207086"><ele>429.0</ele></trkpt>
      <trkpt lat="54.512807" lon="-3.207303"><ele>433.0</ele></trkpt>
      <trkpt lat="54.513059" lon="-3.207653"><ele>441.0</ele></trkpt>
      <trkpt lat="54.512995" lon="-3.207845"><ele>446.0</ele></trkpt>
      <trkpt lat="54.512820" lon="-3.207893"><ele>447.0</ele></trkpt>
      <trkpt lat="54.512843" lon="-3.208108"><ele>453.0</ele></trkpt>
      <trkpt lat="54.513042" lon="-3.208114"><ele>452.0</ele></trkpt>
      <trkpt lat="54.513147" lon="-3.208225"><ele>453.0</ele></trkpt>
      <trkpt lat="54.513082" lon="-3.208427"><ele>458.0</ele></trkpt>
      <trkpt lat="54.512757" lon="-3.208578"><ele>465.0</ele></trkpt>
      <trkpt lat="54.512724" lon="-3.208770"><ele>470.0</ele></trkpt>
      <trkpt lat="54.512976" lon="-3.209121"><ele>477.0</ele></trkpt>
      <trkpt lat="54.512847" lon="-3.209589"><ele>487.0</ele></trkpt>
      <trkpt lat="54.512263" lon="-3.210677"><ele>505.0</ele></trkpt>
      <trkpt lat="54.512181" lon="-3.211383"><ele>514.0</ele></trkpt>
      <trkpt lat="54.511933" lon="-3.212470"><ele>525.0</ele></trkpt>
      <trkpt lat="54.511365" lon="-3.212593"><ele>525.0</ele></trkpt>
      <trkpt lat="54.510455" lon="-3.212630"><ele>531.0</ele></trkpt>
      <trkpt lat="54.509785" lon="-3.222268"><ele>479.0</ele></trkpt>
      <trkpt lat="54.509945" lon="-3.223066"><ele>476.0</ele></trkpt>
      <trkpt lat="54.509968" lon="-3.223893"><ele>466.0</ele></trkpt>
      <trkpt lat="54.510048" lon="-3.224668"><ele>461.0</ele></trkpt>
      <trkpt lat="54.510107" lon="-3.225003"><ele>460.0</ele></trkpt>
      <trkpt lat="54.510228" lon="-3.225318"><ele>462.0</ele></trkpt>
      <trkpt lat="54.509875" lon="-3.226359"><ele>443.0</ele></trkpt>
      <trkpt lat="54.509848" lon="-3.227184"><ele>437.0</ele></trkpt>
      <trkpt lat="54.509888" lon="-3.227486"><ele>433.0</ele></trkpt>
      <trkpt lat="54.509619" lon="-3.229441"><ele>399.0</ele></trkpt>
      <trkpt lat="54.509522" lon="-3.229835"><ele>390.0</ele></trkpt>
      <trkpt lat="54.509501" lon="-3.230661"><ele>374.0</ele></trkpt>
      <trkpt lat="54.509542" lon="-3.232186"><ele>334.0</ele></trkpt>
      <trkpt lat="54.509391" lon="-3.232289"><ele>333.0</ele></trkpt>
      <trkpt lat="54.509355" lon="-3.232749"><ele>320.0</ele></trkpt>
      <trkpt lat="54.509185" lon="-3.232916"><ele>315.0</ele></trkpt>
      <trkpt lat="54.509226" lon="-3.233196"><ele>306.0</ele></trkpt>
      <trkpt lat="54.509412" lon="-3.233277"><ele>301.0</ele></trkpt>
      <trkpt lat="54.510077" lon="-3.232867"><ele>286.0</ele></trkpt>
      <trkpt lat="54.510887" lon="-3.232828"><ele>272.0</ele></trkpt>
      <trkpt lat="54.511633" lon="-3.233000"><ele>248.0</ele></trkpt>
      <trkpt lat="54.511949" lon="-3.233149"><ele>238.0</ele></trkpt>
      <trkpt lat="54.512178" lon="-3.233307"><ele>234.0</ele></trkpt>
      <trkpt lat="54.512387" lon="-3.233624"><ele>224.0</ele></trkpt>
      <trkpt lat="54.512726" lon="-3.233978"><ele>217.0</ele></trkpt>
      <trkpt lat="54.512999" lon="-3.234673"><ele>201.0</ele></trkpt>
      <trkpt lat="54.513131" lon="-3.235203"><ele>188.0</ele></trkpt>
      <trkpt lat="54.513403" lon="-3.235962"><ele>174.0</ele></trkpt>
      <trkpt lat="54.513395" lon="-3.236187"><ele>168.0</ele></trkpt>
      <trkpt lat="54.513058" lon="-3.236422"><ele>157.0</ele></trkpt>
      <trkpt lat="54.513116" lon="-3.236853"><ele>150.0</ele></trkpt>
      <trkpt lat="54.513231" lon="-3.237200"><ele>146.0</ele></trkpt>
      <trkpt lat="54.513198" lon="-3.237716"><ele>137.0</ele></trkpt>
      <trkpt lat="54.513413" lon="-3.238087"><ele>135.0</ele></trkpt>
      <trkpt lat="54.514246" lon="-3.240655"><ele>125.0</ele></trkpt>
      <trkpt lat="54.514416" lon="-3.241058"><ele>124.0</ele></trkpt>
      <trkpt lat="54.515381" lon="-3.241752"><ele>117.0</ele></trkpt>
      <trkpt lat="54.515936" lon="-3.242885"><ele>114.0</ele></trkpt>
      <trkpt lat="54.516332" lon="-3.243133"><ele>114.0</ele></trkpt>
      <trkpt lat="54.516756" lon="-3.243715"><ele>114.0</ele></trkpt>
      <trkpt lat="54.517496" lon="-3.244435"><ele>114.0</ele></trkpt>
      <trkpt lat="54.518041" lon="-3.244677"><ele>115.0</ele></trkpt>
      <trkpt lat="54.518340" lon="-3.244675"><ele>119.0</ele></trkpt>
      <trkpt lat="54.518949" lon="-3.244887"><ele>116.0</ele></trkpt>
      <trkpt lat="54.519173" lon="-3.244894"><ele>115.0</ele></trkpt>
      <trkpt lat="54.519581" lon="-3.244573"><ele>118.0</ele></trkpt>
      <trkpt lat="54.520099" lon="-3.244514"><ele>120.0</ele></trkpt>
      <trkpt lat="54.520719" lon="-3.244694"><ele>121.0</ele></trkpt>
      <trkpt lat="54.521488" lon="-3.244460"><ele>119.0</ele></trkpt>
      <trkpt lat="54.521720" lon="-3.244295"><ele>120.0</ele></trkpt>
      <trkpt lat="54.521878" lon="-3.244032"><ele>124.0</ele></trkpt>
      <trkpt lat="54.522136" lon="-3.243825"><ele>125.0</ele></trkpt>
      <trkpt lat="54.522341" lon="-3.243874"><ele>124.0</ele></trkpt>
      <trkpt lat="54.522656" lon="-3.244152"><ele>122.0</ele></trkpt>
      <trkpt lat="54.523222" lon="-3.244148"><ele>119.0</ele></trkpt>
      <trkpt lat="54.523557" lon="-3.245532"><ele>112.0</ele></trkpt>
      <trkpt lat="54.523915" lon="-3.246476"><ele>111.0</ele></trkpt>
      <trkpt lat="54.523733" lon="-3.247222"><ele>109.0</ele></trkpt>
      <trkpt lat="54.523659" lon="-3.248325"><ele>108.0</ele></trkpt>
      <trkpt lat="54.523580" lon="-3.248730"><ele>107.0</ele></trkpt>
      <trkpt lat="54.522924" lon="-3.250170"><ele>104.0</ele></trkpt>
      <trkpt lat="54.522521" lon="-3.251209"><ele>103.0</ele></trkpt>
      <trkpt lat="54.522383" lon="-3.251849"><ele>102.0</ele></trkpt>
      <trkpt lat="54.521856" lon="-3.253474"><ele>102.0</ele></trkpt>
      <trkpt lat="54.521555" lon="-3.254237"><ele>109.0</ele></trkpt>
      <trkpt lat="54.521758" lon="-3.254533"><ele>108.0</ele></trkpt>
      <trkpt lat="54.522448" lon="-3.255842"><ele>117.0</ele></trkpt>
      <trkpt lat="54.524759" lon="-3.259423"><ele>114.0</ele></trkpt>
      <trkpt lat="54.525348" lon="-3.260203"><ele>112.0</ele></trkpt>
      <trkpt lat="54.525739" lon="-3.260988"><ele>112.0</ele></trkpt>
      <trkpt lat="54.526229" lon="-3.261818"><ele>112.0</ele></trkpt>
      <trkpt lat="54.527893" lon="-3.264080"><ele>111.0</ele></trkpt>
      <trkpt lat="54.529517" lon="-3.266578"><ele>104.0</ele></trkpt>
      <trkpt lat="54.529617" lon="-3.267096"><ele>111.0</ele></trkpt>
      <trkpt lat="54.529915" lon="-3.267781"><ele>104.0</ele></trkpt>
      <trkpt lat="54.529941" lon="-3.268871"><ele>114.0</ele></trkpt>
      <trkpt lat="54.530110" lon="-3.269343"><ele>118.0</ele></trkpt>
      <trkpt lat="54.530580" lon="-3.269685"><ele>111.0</ele></trkpt>
      <trkpt lat="54.531039" lon="-3.270440"><ele>108.0</ele></trkpt>
      <trkpt lat="54.531489" lon="-3.271441"><ele>110.0</ele></trkpt>
      <trkpt lat="54.532044" lon="-3.273143"><ele>119.0</ele></trkpt>
      <trkpt lat="54.532733" lon="-3.274538"><ele>115.0</ele></trkpt>
      <trkpt lat="54.532799" lon="-3.274798"><ele>115.0</ele></trkpt>
      <trkpt lat="54.532795" lon="-3.275205"><ele>117.0</ele></trkpt>
      <trkpt lat="54.532877" lon="-3.275701"><ele>119.0</ele></trkpt>
      <trkpt lat="54.533046" lon="-3.276168"><ele>120.0</ele></trkpt>
      <trkpt lat="54.533743" lon="-3.277327"><ele>121.0</ele></trkpt>
      <trkpt lat="54.534169" lon="-3.278285"><ele>118.0</ele></trkpt>
      <trkpt lat="54.534332" lon="-3.278827"><ele>118.0</ele></trkpt>
      <trkpt lat="54.534502" lon="-3.279186"><ele>119.0</ele></trkpt>
      <trkpt lat="54.534674" lon="-3.279406"><ele>117.0</ele></trkpt>
      <trkpt lat="54.534972" lon="-3.280102"><ele>114.0</ele></trkpt>
      <trkpt lat="54.535486" lon="-3.280301"><ele>104.0</ele></trkpt>
      <trkpt lat="54.535608" lon="-3.280026"><ele>104.0</ele></trkpt>
      <trkpt lat="54.535467" lon="-3.279817"><ele>105.0</ele></trkpt>
      <trkpt lat="54.535400" lon="-3.279601"><ele>105.0</ele></trkpt>
      <trkpt lat="54.535484" lon="-3.279335"><ele>104.0</ele></trkpt>
      <trkpt lat="54.535972" lon="-3.278535"><ele>104.0</ele></trkpt>
      <trkpt lat="54.536107" lon="-3.278185"><ele>105.0</ele></trkpt>
      <trkpt lat="54.537962" lon="-3.279091"><ele>105.0</ele></trkpt>
      <trkpt lat="54.538149" lon="-3.279043"><ele>105.0</ele></trkpt>
      <trkpt lat="54.538564" lon="-3.278702"><ele>107.0</ele></trkpt>
      <trkpt lat="54.539011" lon="-3.278222"><ele>108.0</ele></trkpt>
      <trkpt lat="54.539719" lon="-3.277714"><ele>110.0</ele></trkpt>
      <trkpt lat="54.539874" lon="-3.277885"><ele>110.0</ele></trkpt>
      <trkpt lat="54.540393" lon="-3.278744"><ele>111.0</ele></trkpt>
      <trkpt lat="54.540529" lon="-3.278201"><ele>113.0</ele></trkpt>
      <trkpt lat="54.540715" lon="-3.277702"><ele>114.0</ele></trkpt>
      <trkpt lat="54.540968" lon="-3.277346"><ele>114.0</ele></trkpt>
      <trkpt lat="54.541318" lon="-3.276627"><ele>117.0</ele></trkpt>
      <trkpt lat="54.540967" lon="-3.277335"><ele>114.0</ele></trkpt>
      <trkpt lat="54.540714" lon="-3.277703"><ele>114.0</ele></trkpt>
      <trkpt lat="54.540535" lon="-3.278148"><ele>113.0</ele></trkpt>
      <trkpt lat="54.540385" lon="-3.278733"><ele>111.0</ele></trkpt>
      <trkpt lat="54.540031" lon="-3.278110"><ele>110.0</ele></trkpt>
      <trkpt lat="54.539718" lon="-3.277725"><ele>110.0</ele></trkpt>
      <trkpt lat="54.539437" lon="-3.278349"><ele>109.0</ele></trkpt>
      <trkpt lat="54.539122" lon="-3.279326"><ele>107.0</ele></trkpt>
      <trkpt lat="54.538531" lon="-3.282162"><ele>103.0</ele></trkpt>
      <trkpt lat="54.537652" lon="-3.285826"><ele>101.0</ele></trkpt>
      <trkpt lat="54.537579" lon="-3.286285"><ele>102.0</ele></trkpt>
      <trkpt lat="54.537581" lon="-3.286628"><ele>102.0</ele></trkpt>
      <trkpt lat="54.537811" lon="-3.287312"><ele>101.0</ele></trkpt>
      <trkpt lat="54.537509" lon="-3.287549"><ele>113.0</ele></trkpt>
      <trkpt lat="54.537524" lon="-3.287882"><ele>118.0</ele></trkpt>
      <trkpt lat="54.537658" lon="-3.288197"><ele>117.0</ele></trkpt>
      <trkpt lat="54.538053" lon="-3.288478"><ele>105.0</ele></trkpt>
      <trkpt lat="54.538237" lon="-3.288806"><ele>106.0</ele></trkpt>
      <trkpt lat="54.538481" lon="-3.289854"><ele>109.0</ele></trkpt>
      <trkpt lat="54.538784" lon="-3.290562"><ele>107.0</ele></trkpt>
      <trkpt lat="54.539160" lon="-3.290949"><ele>107.0</ele></trkpt>
      <trkpt lat="54.539611" lon="-3.291264"><ele>103.0</ele></trkpt>
      <trkpt lat="54.539758" lon="-3.291547"><ele>103.0</ele></trkpt>
      <trkpt lat="54.539885" lon="-3.291841"><ele>103.0</ele></trkpt>
      <trkpt lat="54.539968" lon="-3.292198"><ele>104.0</ele></trkpt>
      <trkpt lat="54.540017" lon="-3.292865"><ele>107.0</ele></trkpt>
      <trkpt lat="54.540295" lon="-3.293721"><ele>107.0</ele></trkpt>
      <trkpt lat="54.540460" lon="-3.293995"><ele>107.0</ele></trkpt>
      <trkpt lat="54.541386" lon="-3.294690"><ele>105.0</ele></trkpt>
      <trkpt lat="54.541852" lon="-3.295338"><ele>107.0</ele></trkpt>
      <trkpt lat="54.542445" lon="-3.295754"><ele>107.0</ele></trkpt>
      <trkpt lat="54.542684" lon="-3.296169"><ele>108.0</ele></trkpt>
      <trkpt lat="54.543187" lon="-3.297440"><ele>110.0</ele></trkpt>
      <trkpt lat="54.543314" lon="-3.298357"><ele>111.0</ele></trkpt>
      <trkpt lat="54.543447" lon="-3.298704"><ele>114.0</ele></trkpt>
      <trkpt lat="54.543563" lon="-3.298880"><ele>114.0</ele></trkpt>
      <trkpt lat="54.543749" lon="-3.298950"><ele>110.0</ele></trkpt>
      <trkpt lat="54.543914" lon="-3.299309"><ele>111.0</ele></trkpt>
      <trkpt lat="54.544247" lon="-3.299535"><ele>109.0</ele></trkpt>
      <trkpt lat="54.544444" lon="-3.299755"><ele>108.0</ele></trkpt>
      <trkpt lat="54.544797" lon="-3.300561"><ele>111.0</ele></trkpt>
      <trkpt lat="54.544827" lon="-3.301195"><ele>117.0</ele></trkpt>
      <trkpt lat="54.544911" lon="-3.301541"><ele>118.0</ele></trkpt>
      <trkpt lat="54.545494" lon="-3.302847"><ele>117.0</ele></trkpt>
      <trkpt lat="54.545765" lon="-3.303167"><ele>115.0</ele></trkpt>
      <trkpt lat="54.546024" lon="-3.303948"><ele>114.0</ele></trkpt>
      <trkpt lat="54.546196" lon="-3.304136"><ele>113.0</ele></trkpt>
      <trkpt lat="54.546530" lon="-3.304286"><ele>111.0</ele></trkpt>
      <trkpt lat="54.546770" lon="-3.304584"><ele>110.0</ele></trkpt>
      <trkpt lat="54.547442" lon="-3.305174"><ele>109.0</ele></trkpt>
      <trkpt lat="54.548623" lon="-3.305899"><ele>110.0</ele></trkpt>
      <trkpt lat="54.549268" lon="-3.306102"><ele>108.0</ele></trkpt>
      <trkpt lat="54.549766" lon="-3.306064"><ele>107.0</ele></trkpt>
      <trkpt lat="54.550406" lon="-3.306192"><ele>106.0</ele></trkpt>
      <trkpt lat="54.550836" lon="-3.306184"><ele>108.0</ele></trkpt>
      <trkpt lat="54.551478" lon="-3.306087"><ele>110.0</ele></trkpt>
      <trkpt lat="54.551791" lon="-3.305914"><ele>113.0</ele></trkpt>
      <trkpt lat="54.552343" lon="-3.306029"><ele>109.0</ele></trkpt>
      <trkpt lat="54.552576" lon="-3.305843"><ele>102.0</ele></trkpt>
      <trkpt lat="54.552811" lon="-3.305411"><ele>99.0</ele></trkpt>
      <trkpt lat="54.552873" lon="-3.304865"><ele>99.0</ele></trkpt>
      <trkpt lat="54.552827" lon="-3.305658"><ele>99.0</ele></trkpt>
      <trkpt lat="54.553099" lon="-3.306944"><ele>105.0</ele></trkpt>
      <trkpt lat="54.553294" lon="-3.307283"><ele>108.0</ele></trkpt>
      <trkpt lat="54.553609" lon="-3.307529"><ele>109.0</ele></trkpt>
      <trkpt lat="54.553969" lon="-3.307658"><ele>109.0</ele></trkpt>
      <trkpt lat="54.554597" lon="-3.307679"><ele>105.0</ele></trkpt>
      <trkpt lat="54.555083" lon="-3.308242"><ele>109.0</ele></trkpt>
      <trkpt lat="54.556658" lon="-3.308732"><ele>107.0</ele></trkpt>
      <trkpt lat="54.557058" lon="-3.309153"><ele>110.0</ele></trkpt>
      <trkpt lat="54.557319" lon="-3.309140"><ele>107.0</ele></trkpt>
      <trkpt lat="54.559027" lon="-3.310064"><ele>104.0</ele></trkpt>
      <trkpt lat="54.559421" lon="-3.310388"><ele>107.0</ele></trkpt>
      <trkpt lat="54.560049" lon="-3.311052"><ele>107.0</ele></trkpt>
      <trkpt lat="54.560968" lon="-3.311243"><ele>104.0</ele></trkpt>
      <trkpt lat="54.561723" lon="-3.312126"><ele>106.0</ele></trkpt>
      <trkpt lat="54.562253" lon="-3.313216"><ele>108.0</ele></trkpt>
      <trkpt lat="54.562543" lon="-3.313418"><ele>108.0</ele></trkpt>
      <trkpt lat="54.562841" lon="-3.313492"><ele>107.0</ele></trkpt>
      <trkpt lat="54.563144" lon="-3.313685"><ele>108.0</ele></trkpt>
      <trkpt lat="54.563591" lon="-3.314311"><ele>111.0</ele></trkpt>
      <trkpt lat="54.563822" lon="-3.314442"><ele>111.0</ele></trkpt>
      <trkpt lat="54.564246" lon="-3.314928"><ele>110.0</ele></trkpt>
      <trkpt lat="54.564335" lon="-3.315350"><ele>112.0</ele></trkpt>
      <trkpt lat="54.565305" lon="-3.316497"><ele>111.0</ele></trkpt>
      <trkpt lat="54.566085" lon="-3.316844"><ele>105.0</ele></trkpt>
      <trkpt lat="54.567003" lon="-3.317142"><ele>108.0</ele></trkpt>
      <trkpt lat="54.567405" lon="-3.317381"><ele>106.0</ele></trkpt>
      <trkpt lat="54.567737" lon="-3.317681"><ele>109.0</ele></trkpt>
      <trkpt lat="54.568110" lon="-3.317747"><ele>108.0</ele></trkpt>
      <trkpt lat="54.568435" lon="-3.317586"><ele>105.0</ele></trkpt>
      <trkpt lat="54.568979" lon="-3.316799"><ele>102.0</ele></trkpt>
      <trkpt lat="54.569176" lon="-3.316365"><ele>100.0</ele></trkpt>
      <trkpt lat="54.569243" lon="-3.315949"><ele>100.0</ele></trkpt>
      <trkpt lat="54.569232" lon="-3.315283"><ele>102.0</ele></trkpt>
      <trkpt lat="54.569287" lon="-3.314748"><ele>104.0</ele></trkpt>
      <trkpt lat="54.569461" lon="-3.314185"><ele>104.0</ele></trkpt>
      <trkpt lat="54.569658" lon="-3.313880"><ele>105.0</ele></trkpt>
      <trkpt lat="54.569858" lon="-3.313769"><ele>103.0</ele></trkpt>
      <trkpt lat="54.570452" lon="-3.313960"><ele>101.0</ele></trkpt>
      <trkpt lat="54.570772" lon="-3.314249"><ele>102.0</ele></trkpt>
      <trkpt lat="54.571336" lon="-3.314965"><ele>101.0</ele></trkpt>
      <trkpt lat="54.572421" lon="-3.314786"><ele>100.0</ele></trkpt>
      <trkpt lat="54.572591" lon="-3.314609"><ele>100.0</ele></trkpt>
      <trkpt lat="54.572746" lon="-3.313846"><ele>99.0</ele></trkpt>
      <trkpt lat="54.573002" lon="-3.313790"><ele>100.0</ele></trkpt>
      <trkpt lat="54.573490" lon="-3.314095"><ele>103.0</ele></trkpt>
      <trkpt lat="54.574633" lon="-3.314250"><ele>102.0</ele></trkpt>
      <trkpt lat="54.575492" lon="-3.314761"><ele>101.0</ele></trkpt>
      <trkpt lat="54.575788" lon="-3.314374"><ele>103.0</ele></trkpt>
      <trkpt lat="54.575913" lon="-3.313777"><ele>105.0</ele></trkpt>
      <trkpt lat="54.575917" lon="-3.313416"><ele>107.0</ele></trkpt>
      <trkpt lat="54.576578" lon="-3.313781"><ele>111.0</ele></trkpt>
      <trkpt lat="54.576870" lon="-3.313833"><ele>114.0</ele></trkpt>
      <trkpt lat="54.577110" lon="-3.314066"><ele>112.0</ele></trkpt>
      <trkpt lat="54.577560" lon="-3.313845"><ele>120.0</ele></trkpt>
      <trkpt lat="54.577135" lon="-3.313477"><ele>122.0</ele></trkpt>
      <trkpt lat="54.576665" lon="-3.312106"><ele>136.0</ele></trkpt>
      <trkpt lat="54.576395" lon="-3.311775"><ele>134.0</ele></trkpt>
      <trkpt lat="54.575619" lon="-3.311085"><ele>134.0</ele></trkpt>
      <trkpt lat="54.575362" lon="-3.310669"><ele>139.0</ele></trkpt>
      <trkpt lat="54.574652" lon="-3.309068"><ele>150.0</ele></trkpt>
      <trkpt lat="54.574260" lon="-3.307950"><ele>155.0</ele></trkpt>
      <trkpt lat="54.574022" lon="-3.307546"><ele>156.0</ele></trkpt>
      <trkpt lat="54.573895" lon="-3.307177"><ele>156.0</ele></trkpt>
      <trkpt lat="54.573979" lon="-3.306911"><ele>155.0</ele></trkpt>
      <trkpt lat="54.574185" lon="-3.306843"><ele>156.0</ele></trkpt>
      <trkpt lat="54.574525" lon="-3.307036"><ele>151.0</ele></trkpt>
      <trkpt lat="54.575270" lon="-3.305965"><ele>142.0</ele></trkpt>
      <trkpt lat="54.575248" lon="-3.305739"><ele>142.0</ele></trkpt>
      <trkpt lat="54.575070" lon="-3.305465"><ele>143.0</ele></trkpt>
      <trkpt lat="54.575111" lon="-3.305199"><ele>144.0</ele></trkpt>
      <trkpt lat="54.575957" lon="-3.303391"><ele>152.0</ele></trkpt>
      <trkpt lat="54.576138" lon="-3.303375"><ele>153.0</ele></trkpt>
      <trkpt lat="54.576849" lon="-3.299685"><ele>181.0</ele></trkpt>
      <trkpt lat="54.577054" lon="-3.299209"><ele>185.0</ele></trkpt>
      <trkpt lat="54.577184" lon="-3.298676"><ele>189.0</ele></trkpt>
      <trkpt lat="54.577576" lon="-3.298362"><ele>189.0</ele></trkpt>
      <trkpt lat="54.577799" lon="-3.298455"><ele>188.0</ele></trkpt>
      <trkpt lat="54.577948" lon="-3.297880"><ele>200.0</ele></trkpt>
      <trkpt lat="54.577623" lon="-3.296861"><ele>217.0</ele></trkpt>
      <trkpt lat="54.577532" lon="-3.296118"><ele>233.0</ele></trkpt>
      <trkpt lat="54.577376" lon="-3.295565"><ele>241.0</ele></trkpt>
      <trkpt lat="54.577273" lon="-3.294747"><ele>255.0</ele></trkpt>
      <trkpt lat="54.577486" lon="-3.294056"><ele>273.0</ele></trkpt>
      <trkpt lat="54.577503" lon="-3.293606"><ele>274.0</ele></trkpt>
      <trkpt lat="54.577909" lon="-3.292825"><ele>289.0</ele></trkpt>
      <trkpt lat="54.578134" lon="-3.292156"><ele>299.0</ele></trkpt>
      <trkpt lat="54.578177" lon="-3.291674"><ele>292.0</ele></trkpt>
      <trkpt lat="54.578545" lon="-3.290420"><ele>295.0</ele></trkpt>
      <trkpt lat="54.578709" lon="-3.289620"><ele>309.0</ele></trkpt>
      <trkpt lat="54.578729" lon="-3.287668"><ele>319.0</ele></trkpt>
      <trkpt lat="54.578859" lon="-3.286599"><ele>318.0</ele></trkpt>
      <trkpt lat="54.578907" lon="-3.285592"><ele>321.0</ele></trkpt>
      <trkpt lat="54.578979" lon="-3.285304"><ele>325.0</ele></trkpt>
      <trkpt lat="54.581092" lon="-3.283096"><ele>348.0</ele></trkpt>
      <trkpt lat="54.581305" lon="-3.282505"><ele>351.0</ele></trkpt>
      <trkpt lat="54.581514" lon="-3.282158"><ele>354.0</ele></trkpt>
      <trkpt lat="54.581677" lon="-3.281433"><ele>351.0</ele></trkpt>
      <trkpt lat="54.581773" lon="-3.281254"><ele>354.0</ele></trkpt>
      <trkpt lat="54.581853" lon="-3.280698"><ele>354.0</ele></trkpt>
      <trkpt lat="54.582283" lon="-3.280004"><ele>363.0</ele></trkpt>
      <trkpt lat="54.582357" lon="-3.279523"><ele>362.0</ele></trkpt>
      <trkpt lat="54.582689" lon="-3.278128"><ele>372.0</ele></trkpt>
      <trkpt lat="54.582690" lon="-3.277430"><ele>371.0</ele></trkpt>
      <trkpt lat="54.582847" lon="-3.276279"><ele>381.0</ele></trkpt>
      <trkpt lat="54.582732" lon="-3.274763"><ele>383.0</ele></trkpt>
      <trkpt lat="54.582872" lon="-3.272685"><ele>393.0</ele></trkpt>
      <trkpt lat="54.582780" lon="-3.272039"><ele>393.0</ele></trkpt>
      <trkpt lat="54.582762" lon="-3.271330"><ele>402.0</ele></trkpt>
      <trkpt lat="54.582506" lon="-3.270291"><ele>409.0</ele></trkpt>
      <trkpt lat="54.582370" lon="-3.269053"><ele>423.0</ele></trkpt>
      <trkpt lat="54.582208" lon="-3.268426"><ele>425.0</ele></trkpt>
      <trkpt lat="54.581998" lon="-3.267142"><ele>444.0</ele></trkpt>
      <trkpt lat="54.581705" lon="-3.265985"><ele>461.0</ele></trkpt>
      <trkpt lat="54.581571" lon="-3.264618"><ele>479.0</ele></trkpt>
      <trkpt lat="54.581122" lon="-3.263530"><ele>495.0</ele></trkpt>
      <trkpt lat="54.580850" lon="-3.262149"><ele>514.0</ele></trkpt>
      <trkpt lat="54.580424" lon="-3.261234"><ele>523.0</ele></trkpt>
      <trkpt lat="54.580286" lon="-3.260790"><ele>529.0</ele></trkpt>
      <trkpt lat="54.579945" lon="-3.259459"><ele>550.0</ele></trkpt>
      <trkpt lat="54.579925" lon="-3.259008"><ele>560.0</ele></trkpt>
      <trkpt lat="54.579767" lon="-3.258638"><ele>565.0</ele></trkpt>
      <trkpt lat="54.579746" lon="-3.258316"><ele>572.0</ele></trkpt>
      <trkpt lat="54.579392" lon="-3.257049"><ele>595.0</ele></trkpt>
      <trkpt lat="54.579115" lon="-3.256751"><ele>603.0</ele></trkpt>
      <trkpt lat="54.578964" lon="-3.255136"><ele>601.0</ele></trkpt>
      <trkpt lat="54.579227" lon="-3.254351"><ele>578.0</ele></trkpt>
      <trkpt lat="54.579804" lon="-3.253971"><ele>563.0</ele></trkpt>
      <trkpt lat="54.580005" lon="-3.253763"><ele>559.0</ele></trkpt>
      <trkpt lat="54.580138" lon="-3.253477"><ele>554.0</ele></trkpt>
      <trkpt lat="54.580185" lon="-3.253135"><ele>549.0</ele></trkpt>
      <trkpt lat="54.579938" lon="-3.252956"><ele>539.0</ele></trkpt>
      <trkpt lat="54.579792" lon="-3.252694"><ele>530.0</ele></trkpt>
      <trkpt lat="54.579763" lon="-3.252479"><ele>525.0</ele></trkpt>
      <trkpt lat="54.579871" lon="-3.252310"><ele>525.0</ele></trkpt>
      <trkpt lat="54.579755" lon="-3.252028"><ele>516.0</ele></trkpt>
      <trkpt lat="54.579839" lon="-3.251751"><ele>514.0</ele></trkpt>
      <trkpt lat="54.579747" lon="-3.251652"><ele>509.0</ele></trkpt>
      <trkpt lat="54.579749" lon="-3.251394"><ele>505.0</ele></trkpt>
      <trkpt lat="54.579601" lon="-3.251304"><ele>500.0</ele></trkpt>
      <trkpt lat="54.579611" lon="-3.251004"><ele>495.0</ele></trkpt>
      <trkpt lat="54.579508" lon="-3.250721"><ele>489.0</ele></trkpt>
      <trkpt lat="54.579557" lon="-3.249532"><ele>470.0</ele></trkpt>
      <trkpt lat="54.579646" lon="-3.248773"><ele>461.0</ele></trkpt>
      <trkpt lat="54.579797" lon="-3.248037"><ele>456.0</ele></trkpt>
      <trkpt lat="54.579813" lon="-3.247619"><ele>455.0</ele></trkpt>
      <trkpt lat="54.579651" lon="-3.246519"><ele>448.0</ele></trkpt>
      <trkpt lat="54.579461" lon="-3.245612"><ele>438.0</ele></trkpt>
      <trkpt lat="54.579520" lon="-3.244713"><ele>428.0</ele></trkpt>
      <trkpt lat="54.579502" lon="-3.244090"><ele>419.0</ele></trkpt>
      <trkpt lat="54.579952" lon="-3.242655"><ele>391.0</ele></trkpt>
      <trkpt lat="54.579998" lon="-3.242356"><ele>389.0</ele></trkpt>
      <trkpt lat="54.579996" lon="-3.241358"><ele>373.0</ele></trkpt>
      <trkpt lat="54.580181" lon="-3.240354"><ele>353.0</ele></trkpt>
      <trkpt lat="54.580451" lon="-3.239461"><ele>342.0</ele></trkpt>
      <trkpt lat="54.580477" lon="-3.238765"><ele>340.0</ele></trkpt>
      <trkpt lat="54.580795" lon="-3.237970"><ele>330.0</ele></trkpt>
      <trkpt lat="54.581116" lon="-3.236960"><ele>321.0</ele></trkpt>
      <trkpt lat="54.581312" lon="-3.236644"><ele>315.0</ele></trkpt>
      <trkpt lat="54.582211" lon="-3.235716"><ele>293.0</ele></trkpt>
      <trkpt lat="54.582737" lon="-3.235346"><ele>282.0</ele></trkpt>
      <trkpt lat="54.583385" lon="-3.235269"><ele>262.0</ele></trkpt>
      <trkpt lat="54.583880" lon="-3.235520"><ele>257.0</ele></trkpt>
      <trkpt lat="54.584190" lon="-3.235573"><ele>251.0</ele></trkpt>
      <trkpt lat="54.584483" lon="-3.235507"><ele>249.0</ele></trkpt>
      <trkpt lat="54.584724" lon="-3.235686"><ele>250.0</ele></trkpt>
      <trkpt lat="54.584892" lon="-3.235701"><ele>252.0</ele></trkpt>
      <trkpt lat="54.585173" lon="-3.235538"><ele>255.0</ele></trkpt>
      <trkpt lat="54.586026" lon="-3.234255"><ele>255.0</ele></trkpt>
      <trkpt lat="54.586473" lon="-3.233035"><ele>248.0</ele></trkpt>
      <trkpt lat="54.587106" lon="-3.231949"><ele>251.0</ele></trkpt>
      <trkpt lat="54.587526" lon="-3.231017"><ele>245.0</ele></trkpt>
      <trkpt lat="54.588260" lon="-3.229741"><ele>246.0</ele></trkpt>
      <trkpt lat="54.588496" lon="-3.229233"><ele>246.0</ele></trkpt>
      <trkpt lat="54.588729" lon="-3.228886"><ele>247.0</ele></trkpt>
      <trkpt lat="54.588875" lon="-3.228601"><ele>248.0</ele></trkpt>
      <trkpt lat="54.588972" lon="-3.228217"><ele>246.0</ele></trkpt>
      <trkpt lat="54.589309" lon="-3.227509"><ele>247.0</ele></trkpt>
      <trkpt lat="54.589592" lon="-3.226594"><ele>242.0</ele></trkpt>
      <trkpt lat="54.589783" lon="-3.226139"><ele>243.0</ele></trkpt>
      <trkpt lat="54.589953" lon="-3.225307"><ele>238.0</ele></trkpt>
      <trkpt lat="54.590669" lon="-3.222933"><ele>232.0</ele></trkpt>
      <trkpt lat="54.590943" lon="-3.222319"><ele>233.0</ele></trkpt>
      <trkpt lat="54.590997" lon="-3.221868"><ele>229.0</ele></trkpt>
      <trkpt lat="54.591421" lon="-3.219907"><ele>223.0</ele></trkpt>
      <trkpt lat="54.591866" lon="-3.218289"><ele>214.0</ele></trkpt>
      <trkpt lat="54.592158" lon="-3.217675"><ele>218.0</ele></trkpt>
      <trkpt lat="54.592513" lon="-3.216452"><ele>216.0</ele></trkpt>
      <trkpt lat="54.593627" lon="-3.213277"><ele>212.0</ele></trkpt>
      <trkpt lat="54.595703" lon="-3.208317"><ele>199.0</ele></trkpt>
      <trkpt lat="54.595799" lon="-3.207998"><ele>196.0</ele></trkpt>
      <trkpt lat="54.596033" lon="-3.207651"><ele>198.0</ele></trkpt>
      <trkpt lat="54.597219" lon="-3.205304"><ele>192.0</ele></trkpt>
      <trkpt lat="54.597924" lon="-3.204392"><ele>189.0</ele></trkpt>
      <trkpt lat="54.598456" lon="-3.203431"><ele>183.0</ele></trkpt>
      <trkpt lat="54.598892" lon="-3.202433"><ele>176.0</ele></trkpt>
      <trkpt lat="54.599205" lon="-3.201573"><ele>169.0</ele></trkpt>
      <trkpt lat="54.599565" lon="-3.201048"><ele>174.0</ele></trkpt>
      <trkpt lat="54.599709" lon="-3.200311"><ele>160.0</ele></trkpt>
      <trkpt lat="54.599995" lon="-3.199622"><ele>156.0</ele></trkpt>
      <trkpt lat="54.600344" lon="-3.198892"><ele>152.0</ele></trkpt>
      <trkpt lat="54.600685" lon="-3.198355"><ele>147.0</ele></trkpt>
      <trkpt lat="54.601106" lon="-3.197906"><ele>145.0</ele></trkpt>
      <trkpt lat="54.601525" lon="-3.197672"><ele>146.0</ele></trkpt>
      <trkpt lat="54.602030" lon="-3.197526"><ele>141.0</ele></trkpt>
      <trkpt lat="54.603185" lon="-3.197581"><ele>136.0</ele></trkpt>
      <trkpt lat="54.602081" lon="-3.196776"><ele>121.0</ele></trkpt>
      <trkpt lat="54.601819" lon="-3.196391"><ele>114.0</ele></trkpt>
      <trkpt lat="54.601752" lon="-3.196014"><ele>109.0</ele></trkpt>
      <trkpt lat="54.601787" lon="-3.195607"><ele>108.0</ele></trkpt>
      <trkpt lat="54.602066" lon="-3.194478"><ele>111.0</ele></trkpt>
      <trkpt lat="54.602071" lon="-3.193963"><ele>109.0</ele></trkpt>
      <trkpt lat="54.601973" lon="-3.193177"><ele>101.0</ele></trkpt>
      <trkpt lat="54.601835" lon="-3.193313"><ele>99.0</ele></trkpt>
      <trkpt lat="54.601727" lon="-3.192923"><ele>96.0</ele></trkpt>
      <trkpt lat="54.601369" lon="-3.192655"><ele>95.0</ele></trkpt>
      <trkpt lat="54.601416" lon="-3.192324"><ele>93.0</ele></trkpt>
      <trkpt lat="54.601408" lon="-3.191240"><ele>89.0</ele></trkpt>
      <trkpt lat="54.601570" lon="-3.191277"><ele>90.0</ele></trkpt>
      <trkpt lat="54.601685" lon="-3.190304"><ele>88.0</ele></trkpt>
      <trkpt lat="54.601526" lon="-3.189463"><ele>87.0</ele></trkpt>
      <trkpt lat="54.601316" lon="-3.189253"><ele>88.0</ele></trkpt>
      <trkpt lat="54.601219" lon="-3.189035"><ele>89.0</ele></trkpt>
      <trkpt lat="54.601222" lon="-3.188123"><ele>89.0</ele></trkpt>
      <trkpt lat="54.601306" lon="-3.187149"><ele>86.0</ele></trkpt>
      <trkpt lat="54.601295" lon="-3.186344"><ele>86.0</ele></trkpt>
      <trkpt lat="54.601236" lon="-3.186031"><ele>85.0</ele></trkpt>
      <trkpt lat="54.600887" lon="-3.185527"><ele>85.0</ele></trkpt>
      <trkpt lat="54.600785" lon="-3.185181"><ele>85.0</ele></trkpt>
      <trkpt lat="54.600813" lon="-3.184806"><ele>84.0</ele></trkpt>
      <trkpt lat="54.601013" lon="-3.184082"><ele>84.0</ele></trkpt>
      <trkpt lat="54.600942" lon="-3.183737"><ele>84.0</ele></trkpt>
      <trkpt lat="54.600621" lon="-3.183448"><ele>83.0</ele></trkpt>
      <trkpt lat="54.600255" lon="-3.182815"><ele>81.0</ele></trkpt>
      <trkpt lat="54.599997" lon="-3.182507"><ele>81.0</ele></trkpt>
      <trkpt lat="54.599851" lon="-3.182825"><ele>81.0</ele></trkpt>
      <trkpt lat="54.599678" lon="-3.182638"><ele>81.0</ele></trkpt>
      <trkpt lat="54.599547" lon="-3.182677"><ele>82.0</ele></trkpt>
      <trkpt lat="54.599251" lon="-3.183129"><ele>82.0</ele></trkpt>
      <trkpt lat="54.599001" lon="-3.183219"><ele>84.0</ele></trkpt>
      <trkpt lat="54.598661" lon="-3.183048"><ele>85.0</ele></trkpt>
      <trkpt lat="54.596984" lon="-3.181334"><ele>85.0</ele></trkpt>
      <trkpt lat="54.596632" lon="-3.181098"><ele>87.0</ele></trkpt>
      <trkpt lat="54.596372" lon="-3.179706"><ele>84.0</ele></trkpt>
      <trkpt lat="54.596225" lon="-3.179477"><ele>83.0</ele></trkpt>
      <trkpt lat="54.594992" lon="-3.178368"><ele>81.0</ele></trkpt>
      <trkpt lat="54.594531" lon="-3.177818"><ele>82.0</ele></trkpt>
      <trkpt lat="54.594729" lon="-3.177298"><ele>83.0</ele></trkpt>
      <trkpt lat="54.594937" lon="-3.175727"><ele>82.0</ele></trkpt>
      <trkpt lat="54.595527" lon="-3.174521"><ele>81.0</ele></trkpt>
      <trkpt lat="54.595759" lon="-3.173701"><ele>82.0</ele></trkpt>
      <trkpt lat="54.596259" lon="-3.172793"><ele>80.0</ele></trkpt>
      <trkpt lat="54.596463" lon="-3.172316"><ele>80.0</ele></trkpt>
      <trkpt lat="54.596504" lon="-3.171877"><ele>87.0</ele></trkpt>
      <trkpt lat="54.596771" lon="-3.171316"><ele>90.0</ele></trkpt>
      <trkpt lat="54.596870" lon="-3.170686"><ele>92.0</ele></trkpt>
      <trkpt lat="54.596901" lon="-3.170054"><ele>91.0</ele></trkpt>
      <trkpt lat="54.596752" lon="-3.169395"><ele>95.0</ele></trkpt>
      <trkpt lat="54.597079" lon="-3.169329"><ele>81.0</ele></trkpt>
      <trkpt lat="54.597224" lon="-3.169130"><ele>77.0</ele></trkpt>
      <trkpt lat="54.598485" lon="-3.167996"><ele>75.0</ele></trkpt>
      <trkpt lat="54.599116" lon="-3.166308"><ele>77.0</ele></trkpt>
      <trkpt lat="54.599480" lon="-3.165986"><ele>76.0</ele></trkpt>
      <trkpt lat="54.600078" lon="-3.165231"><ele>78.0</ele></trkpt>
      <trkpt lat="54.600656" lon="-3.163938"><ele>90.0</ele></trkpt>
      <trkpt lat="54.601012" lon="-3.163712"><ele>91.0</ele></trkpt>
      <trkpt lat="54.601868" lon="-3.162642"><ele>91.0</ele></trkpt>
      <trkpt lat="54.602171" lon="-3.162104"><ele>92.0</ele></trkpt>
      <trkpt lat="54.601873" lon="-3.161430"><ele>91.0</ele></trkpt>
      <trkpt lat="54.601785" lon="-3.160891"><ele>91.0</ele></trkpt>
      <trkpt lat="54.602054" lon="-3.160738"><ele>92.0</ele></trkpt>
      <trkpt lat="54.602322" lon="-3.160681"><ele>94.0</ele></trkpt>
      <trkpt lat="54.602520" lon="-3.160751"><ele>96.0</ele></trkpt>
      <trkpt lat="54.603733" lon="-3.158758"><ele>81.0</ele></trkpt>
      <trkpt lat="54.603434" lon="-3.158137"><ele>81.0</ele></trkpt>
      <trkpt lat="54.603394" lon="-3.157761"><ele>79.0</ele></trkpt>
      <trkpt lat="54.603231" lon="-3.157219"><ele>82.0</ele></trkpt>
      <trkpt lat="54.603364" lon="-3.157041"><ele>79.0</ele></trkpt>
      <trkpt lat="54.603906" lon="-3.156895"><ele>78.0</ele></trkpt>
      <trkpt lat="54.604767" lon="-3.155203"><ele>77.0</ele></trkpt>
      <trkpt lat="54.604257" lon="-3.148139"><ele>77.0</ele></trkpt>
      <trkpt lat="54.603349" lon="-3.143553"><ele>78.0</ele></trkpt>
      <trkpt lat="54.603239" lon="-3.143378"><ele>78.0</ele></trkpt>
      <trkpt lat="54.603368" lon="-3.142920"><ele>78.0</ele></trkpt>
      <trkpt lat="54.603538" lon="-3.142635"><ele>78.0</ele></trkpt>
      <trkpt lat="54.602992" lon="-3.141879"><ele>80.0</ele></trkpt>
      <trkpt lat="54.602216" lon="-3.140452"><ele>82.0</ele></trkpt>
      <trkpt lat="54.601894" lon="-3.139724"><ele>83.0</ele></trkpt>
      <trkpt lat="54.601525" lon="-3.138641"><ele>84.0</ele></trkpt>
      <trkpt lat="54.600729" lon="-3.137373"><ele>86.0</ele></trkpt>
      <trkpt lat="54.600367" lon="-3.136859"><ele>88.0</ele></trkpt>
      <trkpt lat="54.600170" lon="-3.136693"><ele>88.0</ele></trkpt>
      <trkpt lat="54.600037" lon="-3.136860"><ele>87.0</ele></trkpt>
      <trkpt lat="54.599684" lon="-3.136808"><ele>86.0</ele></trkpt>
      <trkpt lat="54.599294" lon="-3.136561"><ele>88.0</ele></trkpt>
      <trkpt lat="54.598950" lon="-3.137463"><ele>82.0</ele></trkpt>
      <trkpt lat="54.598802" lon="-3.137416"><ele>83.0</ele></trkpt>
      <trkpt lat="54.598639" lon="-3.137562"><ele>83.0</ele></trkpt>
      <trkpt lat="54.598517" lon="-3.137902"><ele>84.0</ele></trkpt>
      <trkpt lat="54.598469" lon="-3.138415"><ele>83.0</ele></trkpt>
      <trkpt lat="54.598318" lon="-3.138636"><ele>82.0</ele></trkpt>
      <trkpt lat="54.597457" lon="-3.138956"><ele>81.0</ele></trkpt>
      <trkpt lat="54.596756" lon="-3.138754"><ele>83.0</ele></trkpt>
      <trkpt lat="54.596544" lon="-3.138887"><ele>83.0</ele></trkpt>
      <trkpt lat="54.595948" lon="-3.139471"><ele>85.0</ele></trkpt>
      <trkpt lat="54.595309" lon="-3.139925"><ele>87.0</ele></trkpt>
      <trkpt lat="54.595015" lon="-3.140110"><ele>86.0</ele></trkpt>
      <trkpt lat="54.594754" lon="-3.140124"><ele>87.0</ele></trkpt>
      <trkpt lat="54.594385" lon="-3.140339"><ele>84.0</ele></trkpt>
      <trkpt lat="54.593458" lon="-3.140485"><ele>81.0</ele></trkpt>
      <trkpt lat="54.592904" lon="-3.140491"><ele>83.0</ele></trkpt>
      <trkpt lat="54.592379" lon="-3.140809"><ele>83.0</ele></trkpt>
      <trkpt lat="54.591963" lon="-3.140733"><ele>85.0</ele></trkpt>
      <trkpt lat="54.591127" lon="-3.141053"><ele>87.0</ele></trkpt>
      <trkpt lat="54.590754" lon="-3.141096"><ele>87.0</ele></trkpt>
      <trkpt lat="54.590102" lon="-3.140938"><ele>76.0</ele></trkpt>
      <trkpt lat="54.590416" lon="-3.140657"><ele>86.0</ele></trkpt>
      <trkpt lat="54.590550" lon="-3.140275"><ele>87.0</ele></trkpt>
      <trkpt lat="54.590485" lon="-3.139929"><ele>84.0</ele></trkpt>
      <trkpt lat="54.590358" lon="-3.139507"><ele>82.0</ele></trkpt>
      <trkpt lat="54.590138" lon="-3.139083"><ele>82.0</ele></trkpt>
      <trkpt lat="54.589866" lon="-3.138957"><ele>81.0</ele></trkpt>
      <trkpt lat="54.589576" lon="-3.138713"><ele>79.0</ele></trkpt>
      <trkpt lat="54.589424" lon="-3.138387"><ele>81.0</ele></trkpt>
      <trkpt lat="54.589704" lon="-3.137075"><ele>79.0</ele></trkpt>
      <trkpt lat="54.589689" lon="-3.136634"><ele>78.0</ele></trkpt>
      <trkpt lat="54.589455" lon="-3.136445"><ele>79.0</ele></trkpt>
      <trkpt lat="54.589464" lon="-3.136059"><ele>80.0</ele></trkpt>
      <trkpt lat="54.589981" lon="-3.134046"><ele>82.0</ele></trkpt>
      <trkpt lat="54.589937" lon="-3.133422"><ele>83.0</ele></trkpt>
      <trkpt lat="54.588726" lon="-3.132605"><ele>81.0</ele></trkpt>
      <trkpt lat="54.588447" lon="-3.132543"><ele>81.0</ele></trkpt>
      <trkpt lat="54.588072" lon="-3.132672"><ele>81.0</ele></trkpt>
      <trkpt lat="54.588067" lon="-3.133262"><ele>81.0</ele></trkpt>
      <trkpt lat="54.587682" lon="-3.133831"><ele>80.0</ele></trkpt>
      <trkpt lat="54.587089" lon="-3.134083"><ele>81.0</ele></trkpt>
      <trkpt lat="54.586636" lon="-3.134027"><ele>84.0</ele></trkpt>
      <trkpt lat="54.586473" lon="-3.134184"><ele>83.0</ele></trkpt>
      <trkpt lat="54.586339" lon="-3.134502"><ele>83.0</ele></trkpt>
      <trkpt lat="54.586348" lon="-3.134845"><ele>82.0</ele></trkpt>
      <trkpt lat="54.586207" lon="-3.135335"><ele>82.0</ele></trkpt>
      <trkpt lat="54.586012" lon="-3.135544"><ele>82.0</ele></trkpt>
      <trkpt lat="54.584978" lon="-3.135601"><ele>79.0</ele></trkpt>
      <trkpt lat="54.584600" lon="-3.135429"><ele>78.0</ele></trkpt>
      <trkpt lat="54.584231" lon="-3.135644"><ele>79.0</ele></trkpt>
      <trkpt lat="54.583852" lon="-3.135645"><ele>80.0</ele></trkpt>
      <trkpt lat="54.583487" lon="-3.135420"><ele>76.0</ele></trkpt>
      <trkpt lat="54.583508" lon="-3.135141"><ele>78.0</ele></trkpt>
      <trkpt lat="54.583781" lon="-3.134548"><ele>82.0</ele></trkpt>
      <trkpt lat="54.583810" lon="-3.134088"><ele>83.0</ele></trkpt>
      <trkpt lat="54.583765" lon="-3.133593"><ele>85.0</ele></trkpt>
      <trkpt lat="54.583602" lon="-3.133159"><ele>85.0</ele></trkpt>
      <trkpt lat="54.583351" lon="-3.132712"><ele>76.0</ele></trkpt>
      <trkpt lat="54.583510" lon="-3.131654"><ele>80.0</ele></trkpt>
      <trkpt lat="54.583487" lon="-3.131450"><ele>80.0</ele></trkpt>
      <trkpt lat="54.583332" lon="-3.131434"><ele>80.0</ele></trkpt>
      <trkpt lat="54.583203" lon="-3.131206"><ele>81.0</ele></trkpt>
      <trkpt lat="54.582182" lon="-3.130683"><ele>85.0</ele></trkpt>
      <trkpt lat="54.582165" lon="-3.130468"><ele>88.0</ele></trkpt>
      <trkpt lat="54.582299" lon="-3.130097"><ele>91.0</ele></trkpt>
      <trkpt lat="54.583055" lon="-3.129742"><ele>89.0</ele></trkpt>
      <trkpt lat="54.583490" lon="-3.129754"><ele>88.0</ele></trkpt>
      <trkpt lat="54.583542" lon="-3.129509"><ele>88.0</ele></trkpt>
      <trkpt lat="54.583303" lon="-3.129234"><ele>90.0</ele></trkpt>
      <trkpt lat="54.583250" lon="-3.128835"><ele>91.0</ele></trkpt>
      <trkpt lat="54.582988" lon="-3.128324"><ele>97.0</ele></trkpt>
      <trkpt lat="54.583170" lon="-3.128071"><ele>99.0</ele></trkpt>
      <trkpt lat="54.583459" lon="-3.127114"><ele>109.0</ele></trkpt>
      <trkpt lat="54.583694" lon="-3.126584"><ele>112.0</ele></trkpt>
      <trkpt lat="54.583692" lon="-3.126144"><ele>117.0</ele></trkpt>
      <trkpt lat="54.583796" lon="-3.125728"><ele>119.0</ele></trkpt>
      <trkpt lat="54.584136" lon="-3.125169"><ele>119.0</ele></trkpt>
      <trkpt lat="54.584401" lon="-3.124178"><ele>123.0</ele></trkpt>
      <trkpt lat="54.584584" lon="-3.123819"><ele>123.0</ele></trkpt>
      <trkpt lat="54.585669" lon="-3.122883"><ele>133.0</ele></trkpt>
      <trkpt lat="54.586681" lon="-3.120969"><ele>149.0</ele></trkpt>
      <trkpt lat="54.587153" lon="-3.120445"><ele>153.0</ele></trkpt>
      <trkpt lat="54.587330" lon="-3.120053"><ele>157.0</ele></trkpt>
      <trkpt lat="54.587523" lon="-3.119361"><ele>162.0</ele></trkpt>
      <trkpt lat="54.588100" lon="-3.118197"><ele>169.0</ele></trkpt>
      <trkpt lat="54.588305" lon="-3.117569"><ele>175.0</ele></trkpt>
      <trkpt lat="54.588551" lon="-3.117115"><ele>179.0</ele></trkpt>
      <trkpt lat="54.588903" lon="-3.116749"><ele>181.0</ele></trkpt>
      <trkpt lat="54.589376" lon="-3.116000"><ele>195.0</ele></trkpt>
      <trkpt lat="54.589576" lon="-3.115909"><ele>196.0</ele></trkpt>
      <trkpt lat="54.589830" lon="-3.116023"><ele>195.0</ele></trkpt>
      <trkpt lat="54.590260" lon="-3.115917"><ele>193.0</ele></trkpt>
      <trkpt lat="54.591286" lon="-3.115205"><ele>200.0</ele></trkpt>
      <trkpt lat="54.590816" lon="-3.114259"><ele>209.0</ele></trkpt>
      <trkpt lat="54.590483" lon="-3.111975"><ele>220.0</ele></trkpt>
      <trkpt lat="54.590398" lon="-3.111693"><ele>222.0</ele></trkpt>
      <trkpt lat="54.590620" lon="-3.111292"><ele>222.0</ele></trkpt>
      <trkpt lat="54.590896" lon="-3.111621"><ele>221.0</ele></trkpt>
      <trkpt lat="54.591157" lon="-3.108946"><ele>234.0</ele></trkpt>
      <trkpt lat="54.591241" lon="-3.108626"><ele>234.0</ele></trkpt>
      <trkpt lat="54.591275" lon="-3.107608"><ele>235.0</ele></trkpt>
      <trkpt lat="54.591246" lon="-3.106673"><ele>235.0</ele></trkpt>
      <trkpt lat="54.591088" lon="-3.106347"><ele>235.0</ele></trkpt>
      <trkpt lat="54.591090" lon="-3.106154"><ele>235.0</ele></trkpt>
      <trkpt lat="54.591313" lon="-3.106149"><ele>236.0</ele></trkpt>
      <trkpt lat="54.591570" lon="-3.106006"><ele>235.0</ele></trkpt>
      <trkpt lat="54.591809" lon="-3.105702"><ele>234.0</ele></trkpt>
      <trkpt lat="54.592308" lon="-3.105447"><ele>232.0</ele></trkpt>
      <trkpt lat="54.593066" lon="-3.105564"><ele>231.0</ele></trkpt>
      <trkpt lat="54.593405" lon="-3.105799"><ele>230.0</ele></trkpt>
      <trkpt lat="54.593712" lon="-3.105571"><ele>229.0</ele></trkpt>
      <trkpt lat="54.594789" lon="-3.104066"><ele>218.0</ele></trkpt>
      <trkpt lat="54.594301" lon="-3.103001"><ele>211.0</ele></trkpt>
      <trkpt lat="54.593849" lon="-3.102162"><ele>203.0</ele></trkpt>
      <trkpt lat="54.593136" lon="-3.101274"><ele>199.0</ele></trkpt>
      <trkpt lat="54.592440" lon="-3.100601"><ele>194.0</ele></trkpt>
      <trkpt lat="54.592430" lon="-3.100300"><ele>191.0</ele></trkpt>
      <trkpt lat="54.592316" lon="-3.099868"><ele>188.0</ele></trkpt>
      <trkpt lat="54.591891" lon="-3.098719"><ele>176.0</ele></trkpt>
      <trkpt lat="54.591778" lon="-3.098147"><ele>172.0</ele></trkpt>
      <trkpt lat="54.591769" lon="-3.097052"><ele>168.0</ele></trkpt>
      <trkpt lat="54.591558" lon="-3.096381"><ele>164.0</ele></trkpt>
      <trkpt lat="54.590991" lon="-3.095175"><ele>153.0</ele></trkpt>
      <trkpt lat="54.590889" lon="-3.094754"><ele>151.0</ele></trkpt>
      <trkpt lat="54.590199" lon="-3.093297"><ele>150.0</ele></trkpt>
      <trkpt lat="54.590421" lon="-3.092209"><ele>147.0</ele></trkpt>
      <trkpt lat="54.590204" lon="-3.090701"><ele>150.0</ele></trkpt>
      <trkpt lat="54.590239" lon="-3.090251"><ele>150.0</ele></trkpt>
      <trkpt lat="54.590516" lon="-3.089271"><ele>152.0</ele></trkpt>
      <trkpt lat="54.590551" lon="-3.087469"><ele>150.0</ele></trkpt>
      <trkpt lat="54.590868" lon="-3.086029"><ele>153.0</ele></trkpt>
      <trkpt lat="54.590896" lon="-3.085075"><ele>160.0</ele></trkpt>
      <trkpt lat="54.590839" lon="-3.084483"><ele>165.0</ele></trkpt>
      <trkpt lat="54.591013" lon="-3.083726"><ele>169.0</ele></trkpt>
      <trkpt lat="54.591063" lon="-3.082987"><ele>175.0</ele></trkpt>
      <trkpt lat="54.590897" lon="-3.082800"><ele>178.0</ele></trkpt>
      <trkpt lat="54.591048" lon="-3.082676"><ele>178.0</ele></trkpt>
      <trkpt lat="54.591136" lon="-3.082474"><ele>181.0</ele></trkpt>
      <trkpt lat="54.590727" lon="-3.082324"><ele>187.0</ele></trkpt>
      <trkpt lat="54.591348" lon="-3.081793"><ele>193.0</ele></trkpt>
      <trkpt lat="54.591358" lon="-3.081353"><ele>201.0</ele></trkpt>
      <trkpt lat="54.591618" lon="-3.080770"><ele>211.0</ele></trkpt>
      <trkpt lat="54.591893" lon="-3.079919"><ele>219.0</ele></trkpt>
      <trkpt lat="54.591935" lon="-3.079394"><ele>222.0</ele></trkpt>
      <trkpt lat="54.591942" lon="-3.077935"><ele>223.0</ele></trkpt>
      <trkpt lat="54.592158" lon="-3.076653"><ele>226.0</ele></trkpt>
      <trkpt lat="54.592828" lon="-3.074783"><ele>219.0</ele></trkpt>
      <trkpt lat="54.593002" lon="-3.073659"><ele>209.0</ele></trkpt>
      <trkpt lat="54.593181" lon="-3.073373"><ele>203.0</ele></trkpt>
      <trkpt lat="54.593381" lon="-3.073298"><ele>200.0</ele></trkpt>
      <trkpt lat="54.593646" lon="-3.072882"><ele>189.0</ele></trkpt>
      <trkpt lat="54.593865" lon="-3.072411"><ele>177.0</ele></trkpt>
      <trkpt lat="54.593799" lon="-3.072026"><ele>171.0</ele></trkpt>
      <trkpt lat="54.593811" lon="-3.071523"><ele>163.0</ele></trkpt>
      <trkpt lat="54.593931" lon="-3.071023"><ele>158.0</ele></trkpt>
      <trkpt lat="54.594023" lon="-3.070073"><ele>151.0</ele></trkpt>
      <trkpt lat="54.594245" lon="-3.069297"><ele>145.0</ele></trkpt>
      <trkpt lat="54.594582" lon="-3.069320"><ele>146.0</ele></trkpt>
      <trkpt lat="54.594960" lon="-3.069078"><ele>148.0</ele></trkpt>
      <trkpt lat="54.595061" lon="-3.068882"><ele>147.0</ele></trkpt>
      <trkpt lat="54.595033" lon="-3.067783"><ele>146.0</ele></trkpt>
      <trkpt lat="54.595153" lon="-3.067230"><ele>145.0</ele></trkpt>
      <trkpt lat="54.595386" lon="-3.066839"><ele>145.0</ele></trkpt>
      <trkpt lat="54.595587" lon="-3.066712"><ele>144.0</ele></trkpt>
      <trkpt lat="54.595871" lon="-3.066640"><ele>144.0</ele></trkpt>
      <trkpt lat="54.596422" lon="-3.066734"><ele>142.0</ele></trkpt>
      <trkpt lat="54.597497" lon="-3.066604"><ele>141.0</ele></trkpt>
      <trkpt lat="54.597690" lon="-3.066516"><ele>142.0</ele></trkpt>
      <trkpt lat="54.597999" lon="-3.066233"><ele>143.0</ele></trkpt>
      <trkpt lat="54.598075" lon="-3.065467"><ele>143.0</ele></trkpt>
      <trkpt lat="54.598154" lon="-3.065125"><ele>143.0</ele></trkpt>
      <trkpt lat="54.598191" lon="-3.064438"><ele>142.0</ele></trkpt>
      <trkpt lat="54.598434" lon="-3.063849"><ele>141.0</ele></trkpt>
      <trkpt lat="54.598705" lon="-3.063525"><ele>140.0</ele></trkpt>
      <trkpt lat="54.598950" lon="-3.062698"><ele>141.0</ele></trkpt>
      <trkpt lat="54.599080" lon="-3.061933"><ele>144.0</ele></trkpt>
      <trkpt lat="54.599206" lon="-3.061473"><ele>146.0</ele></trkpt>
      <trkpt lat="54.599219" lon="-3.060971"><ele>147.0</ele></trkpt>
      <trkpt lat="54.599108" lon="-3.060465"><ele>149.0</ele></trkpt>
      <trkpt lat="54.598327" lon="-3.060299"><ele>151.0</ele></trkpt>
      <trkpt lat="54.598429" lon="-3.059256"><ele>158.0</ele></trkpt>
      <trkpt lat="54.598624" lon="-3.058824"><ele>161.0</ele></trkpt>
      <trkpt lat="54.598787" lon="-3.058617"><ele>161.0</ele></trkpt>
      <trkpt lat="54.598811" lon="-3.058445"><ele>162.0</ele></trkpt>
      <trkpt lat="54.598355" lon="-3.057970"><ele>169.0</ele></trkpt>
      <trkpt lat="54.598355" lon="-3.057149"><ele>176.0</ele></trkpt>
      <trkpt lat="54.598518" lon="-3.056042"><ele>183.0</ele></trkpt>
      <trkpt lat="54.598661" lon="-3.055503"><ele>188.0</ele></trkpt>
      <trkpt lat="54.598973" lon="-3.054902"><ele>197.0</ele></trkpt>
      <trkpt lat="54.600066" lon="-3.054428"><ele>206.0</ele></trkpt>
      <trkpt lat="54.600450" lon="-3.054372"><ele>208.0</ele></trkpt>
      <trkpt lat="54.601683" lon="-3.053623"><ele>213.0</ele></trkpt>
      <trkpt lat="54.602407" lon="-3.051405"><ele>237.0</ele></trkpt>
      <trkpt lat="54.602695" lon="-3.050076"><ele>256.0</ele></trkpt>
      <trkpt lat="54.602937" lon="-3.049606"><ele>261.0</ele></trkpt>
      <trkpt lat="54.603286" lon="-3.049165"><ele>264.0</ele></trkpt>
      <trkpt lat="54.603370" lon="-3.048267"><ele>273.0</ele></trkpt>
      <trkpt lat="54.603565" lon="-3.047928"><ele>278.0</ele></trkpt>
      <trkpt lat="54.604073" lon="-3.045082"><ele>308.0</ele></trkpt>
      <trkpt lat="54.604213" lon="-3.044808"><ele>309.0</ele></trkpt>
      <trkpt lat="54.604554" lon="-3.043533"><ele>310.0</ele></trkpt>
      <trkpt lat="54.604922" lon="-3.042629"><ele>306.0</ele></trkpt>
      <trkpt lat="54.604779" lon="-3.040507"><ele>313.0</ele></trkpt>
      <trkpt lat="54.604571" lon="-3.038874"><ele>316.0</ele></trkpt>
      <trkpt lat="54.604468" lon="-3.038368"><ele>318.0</ele></trkpt>
      <trkpt lat="54.603419" lon="-3.035575"><ele>338.0</ele></trkpt>
      <trkpt lat="54.603171" lon="-3.034973"><ele>343.0</ele></trkpt>
      <trkpt lat="54.602733" lon="-3.034141"><ele>347.0</ele></trkpt>
      <trkpt lat="54.602616" lon="-3.033556"><ele>351.0</ele></trkpt>
      <trkpt lat="54.602821" lon="-3.031986"><ele>365.0</ele></trkpt>
      <trkpt lat="54.602687" lon="-3.029653"><ele>393.0</ele></trkpt>
      <trkpt lat="54.602696" lon="-3.026900"><ele>414.0</ele></trkpt>
      <trkpt lat="54.602860" lon="-3.023767"><ele>430.0</ele></trkpt>
      <trkpt lat="54.602819" lon="-3.023144"><ele>433.0</ele></trkpt>
      <trkpt lat="54.602717" lon="-3.022612"><ele>435.0</ele></trkpt>
      <trkpt lat="54.602147" lon="-3.021129"><ele>439.0</ele></trkpt>
      <trkpt lat="54.601919" lon="-3.020871"><ele>440.0</ele></trkpt>
      <trkpt lat="54.601568" lon="-3.020664"><ele>440.0</ele></trkpt>
      <trkpt lat="54.601386" lon="-3.020447"><ele>439.0</ele></trkpt>
      <trkpt lat="54.600984" lon="-3.018955"><ele>436.0</ele></trkpt>
      <trkpt lat="54.600811" lon="-3.018540"><ele>436.0</ele></trkpt>
      <trkpt lat="54.600349" lon="-3.017854"><ele>439.0</ele></trkpt>
      <trkpt lat="54.600341" lon="-3.017335"><ele>436.0</ele></trkpt>
      <trkpt lat="54.600230" lon="-3.016473"><ele>433.0</ele></trkpt>
      <trkpt lat="54.600072" lon="-3.016126"><ele>433.0</ele></trkpt>
      <trkpt lat="54.599831" lon="-3.014425"><ele>426.0</ele></trkpt>
      <trkpt lat="54.599852" lon="-3.013363"><ele>418.0</ele></trkpt>
      <trkpt lat="54.599738" lon="-3.012963"><ele>419.0</ele></trkpt>
      <trkpt lat="54.599688" lon="-3.012168"><ele>417.0</ele></trkpt>
      <trkpt lat="54.599490" lon="-3.011326"><ele>414.0</ele></trkpt>
      <trkpt lat="54.598910" lon="-3.010904"><ele>419.0</ele></trkpt>
      <trkpt lat="54.598494" lon="-3.010754"><ele>417.0</ele></trkpt>
      <trkpt lat="54.597874" lon="-3.010556"><ele>411.0</ele></trkpt>
      <trkpt lat="54.597296" lon="-3.010616"><ele>408.0</ele></trkpt>
      <trkpt lat="54.595781" lon="-3.008948"><ele>396.0</ele></trkpt>
      <trkpt lat="54.595610" lon="-3.008525"><ele>395.0</ele></trkpt>
      <trkpt lat="54.595413" lon="-3.007608"><ele>394.0</ele></trkpt>
      <trkpt lat="54.594755" lon="-3.005263"><ele>401.0</ele></trkpt>
      <trkpt lat="54.594714" lon="-3.004940"><ele>402.0</ele></trkpt>
      <trkpt lat="54.594730" lon="-3.004533"><ele>404.0</ele></trkpt>
      <trkpt lat="54.594854" lon="-3.003806"><ele>405.0</ele></trkpt>
      <trkpt lat="54.594871" lon="-3.002551"><ele>405.0</ele></trkpt>
      <trkpt lat="54.594917" lon="-3.002231"><ele>404.0</ele></trkpt>
      <trkpt lat="54.595345" lon="-3.000847"><ele>398.0</ele></trkpt>
      <trkpt lat="54.596031" lon="-2.998997"><ele>406.0</ele></trkpt>
      <trkpt lat="54.595963" lon="-2.998276"><ele>407.0</ele></trkpt>
      <trkpt lat="54.596002" lon="-2.997258"><ele>407.0</ele></trkpt>
      <trkpt lat="54.595853" lon="-2.996578"><ele>408.0</ele></trkpt>
      <trkpt lat="54.595837" lon="-2.996245"><ele>410.0</ele></trkpt>
      <trkpt lat="54.595892" lon="-2.994862"><ele>409.0</ele></trkpt>
      <trkpt lat="54.595871" lon="-2.994368"><ele>411.0</ele></trkpt>
      <trkpt lat="54.595587" lon="-2.991829"><ele>410.0</ele></trkpt>
      <trkpt lat="54.595503" lon="-2.991430"><ele>410.0</ele></trkpt>
      <trkpt lat="54.595185" lon="-2.990789"><ele>412.0</ele></trkpt>
      <trkpt lat="54.594569" lon="-2.990184"><ele>414.0</ele></trkpt>
      <trkpt lat="54.594434" lon="-2.989966"><ele>415.0</ele></trkpt>
      <trkpt lat="54.594374" lon="-2.988881"><ele>422.0</ele></trkpt>
      <trkpt lat="54.594433" lon="-2.987777"><ele>422.0</ele></trkpt>
      <trkpt lat="54.594402" lon="-2.987004"><ele>426.0</ele></trkpt>
      <trkpt lat="54.594479" lon="-2.986662"><ele>425.0</ele></trkpt>
      <trkpt lat="54.594472" lon="-2.985267"><ele>427.0</ele></trkpt>
      <trkpt lat="54.594755" lon="-2.982645"><ele>431.0</ele></trkpt>
      <trkpt lat="54.594747" lon="-2.982034"><ele>437.0</ele></trkpt>
      <trkpt lat="54.594787" lon="-2.981713"><ele>437.0</ele></trkpt>
      <trkpt lat="54.594940" lon="-2.981255"><ele>432.0</ele></trkpt>
      <trkpt lat="54.595065" lon="-2.980421"><ele>433.0</ele></trkpt>
      <trkpt lat="54.595494" lon="-2.978810"><ele>428.0</ele></trkpt>
      <trkpt lat="54.595723" lon="-2.976702"><ele>433.0</ele></trkpt>
      <trkpt lat="54.595778" lon="-2.973678"><ele>438.0</ele></trkpt>
      <trkpt lat="54.595455" lon="-2.972200"><ele>432.0</ele></trkpt>
      <trkpt lat="54.594247" lon="-2.970851"><ele>431.0</ele></trkpt>
      <trkpt lat="54.593465" lon="-2.970746"><ele>434.0</ele></trkpt>
      <trkpt lat="54.592076" lon="-2.970284"><ele>429.0</ele></trkpt>
      <trkpt lat="54.591140" lon="-2.970648"><ele>431.0</ele></trkpt>
      <trkpt lat="54.590784" lon="-2.970929"><ele>433.0</ele></trkpt>
      <trkpt lat="54.590604" lon="-2.970892"><ele>432.0</ele></trkpt>
      <trkpt lat="54.590521" lon="-2.970337"><ele>427.0</ele></trkpt>
      <trkpt lat="54.590510" lon="-2.969893"><ele>425.0</ele></trkpt>
      <trkpt lat="54.589600" lon="-2.965922"><ele>425.0</ele></trkpt>
      <trkpt lat="54.589950" lon="-2.965359"><ele>424.0</ele></trkpt>
      <trkpt lat="54.590005" lon="-2.964954"><ele>423.0</ele></trkpt>
      <trkpt lat="54.589696" lon="-2.964045"><ele>421.0</ele></trkpt>
      <trkpt lat="54.589476" lon="-2.963113"><ele>422.0</ele></trkpt>
      <trkpt lat="54.589331" lon="-2.962843"><ele>421.0</ele></trkpt>
      <trkpt lat="54.588908" lon="-2.962325"><ele>420.0</ele></trkpt>
      <trkpt lat="54.588656" lon="-2.961570"><ele>417.0</ele></trkpt>
      <trkpt lat="54.588629" lon="-2.961303"><ele>417.0</ele></trkpt>
      <trkpt lat="54.588810" lon="-2.960723"><ele>416.0</ele></trkpt>
      <trkpt lat="54.589157" lon="-2.958814"><ele>408.0</ele></trkpt>
      <trkpt lat="54.589243" lon="-2.957203"><ele>400.0</ele></trkpt>
      <trkpt lat="54.589255" lon="-2.955654"><ele>394.0</ele></trkpt>
      <trkpt lat="54.589254" lon="-2.954867"><ele>391.0</ele></trkpt>
      <trkpt lat="54.589124" lon="-2.954598"><ele>387.0</ele></trkpt>
      <trkpt lat="54.589039" lon="-2.954113"><ele>383.0</ele></trkpt>
      <trkpt lat="54.588986" lon="-2.953388"><ele>377.0</ele></trkpt>
      <trkpt lat="54.588898" lon="-2.951570"><ele>368.0</ele></trkpt>
      <trkpt lat="54.588896" lon="-2.949869"><ele>357.0</ele></trkpt>
      <trkpt lat="54.588640" lon="-2.948834"><ele>350.0</ele></trkpt>
      <trkpt lat="54.588945" lon="-2.948321"><ele>353.0</ele></trkpt>
      <trkpt lat="54.589272" lon="-2.948011"><ele>356.0</ele></trkpt>
      <trkpt lat="54.589533" lon="-2.947458"><ele>358.0</ele></trkpt>
      <trkpt lat="54.590295" lon="-2.945089"><ele>345.0</ele></trkpt>
      <trkpt lat="54.590503" lon="-2.944828"><ele>344.0</ele></trkpt>
      <trkpt lat="54.590680" lon="-2.944730"><ele>346.0</ele></trkpt>
      <trkpt lat="54.590891" lon="-2.944100"><ele>345.0</ele></trkpt>
      <trkpt lat="54.591168" lon="-2.943548"><ele>342.0</ele></trkpt>
      <trkpt lat="54.591792" lon="-2.942801"><ele>333.0</ele></trkpt>
      <trkpt lat="54.591989" lon="-2.942018"><ele>325.0</ele></trkpt>
      <trkpt lat="54.592874" lon="-2.940870"><ele>324.0</ele></trkpt>
      <trkpt lat="54.593204" lon="-2.940002"><ele>316.0</ele></trkpt>
      <trkpt lat="54.593570" lon="-2.939299"><ele>311.0</ele></trkpt>
      <trkpt lat="54.592708" lon="-2.939483"><ele>305.0</ele></trkpt>
      <trkpt lat="54.591984" lon="-2.939847"><ele>304.0</ele></trkpt>
      <trkpt lat="54.590429" lon="-2.940128"><ele>299.0</ele></trkpt>
      <trkpt lat="54.590178" lon="-2.940287"><ele>300.0</ele></trkpt>
      <trkpt lat="54.589859" lon="-2.940610"><ele>301.0</ele></trkpt>
      <trkpt lat="54.589439" lon="-2.940677"><ele>299.0</ele></trkpt>
      <trkpt lat="54.588939" lon="-2.940627"><ele>298.0</ele></trkpt>
      <trkpt lat="54.588174" lon="-2.940673"><ele>295.0</ele></trkpt>
      <trkpt lat="54.586966" lon="-2.940848"><ele>293.0</ele></trkpt>
      <trkpt lat="54.586620" lon="-2.940814"><ele>293.0</ele></trkpt>
      <trkpt lat="54.586413" lon="-2.940936"><ele>292.0</ele></trkpt>
      <trkpt lat="54.586080" lon="-2.940940"><ele>291.0</ele></trkpt>
      <trkpt lat="54.586190" lon="-2.940600"><ele>290.0</ele></trkpt>
      <trkpt lat="54.586150" lon="-2.940690"><ele>291.0</ele></trkpt>
      <trkpt lat="54.586140" lon="-2.940510"><ele>290.0</ele></trkpt>
      <trkpt lat="54.586080" lon="-2.940400"><ele>290.0</ele></trkpt>
      <trkpt lat="54.586111" lon="-2.940092"><ele>289.0</ele></trkpt>
      <trkpt lat="54.586039" lon="-2.939758"><ele>289.0</ele></trkpt>
      <trkpt lat="54.586593" lon="-2.938076"><ele>289.0</ele></trkpt>
      <trkpt lat="54.586485" lon="-2.937569"><ele>288.0</ele></trkpt>
      <trkpt lat="54.586459" lon="-2.936978"><ele>284.0</ele></trkpt>
      <trkpt lat="54.586524" lon="-2.936583"><ele>280.0</ele></trkpt>
      <trkpt lat="54.586490" lon="-2.936153"><ele>277.0</ele></trkpt>
      <trkpt lat="54.586248" lon="-2.935235"><ele>275.0</ele></trkpt>
      <trkpt lat="54.586408" lon="-2.934659"><ele>275.0</ele></trkpt>
      <trkpt lat="54.586609" lon="-2.934439"><ele>272.0</ele></trkpt>
      <trkpt lat="54.586712" lon="-2.934001"><ele>271.0</ele></trkpt>
      <trkpt lat="54.586581" lon="-2.933268"><ele>273.0</ele></trkpt>
      <trkpt lat="54.585923" lon="-2.932330"><ele>274.0</ele></trkpt>
      <trkpt lat="54.585834" lon="-2.931760"><ele>277.0</ele></trkpt>
      <trkpt lat="54.585749" lon="-2.931543"><ele>279.0</ele></trkpt>
      <trkpt lat="54.584693" lon="-2.931117"><ele>275.0</ele></trkpt>
      <trkpt lat="54.582805" lon="-2.930033"><ele>262.0</ele></trkpt>
      <trkpt lat="54.582502" lon="-2.929833"><ele>260.0</ele></trkpt>
      <trkpt lat="54.582367" lon="-2.929658"><ele>260.0</ele></trkpt>
      <trkpt lat="54.581913" lon="-2.929615"><ele>256.0</ele></trkpt>
      <trkpt lat="54.581557" lon="-2.929811"><ele>248.0</ele></trkpt>
      <trkpt lat="54.580744" lon="-2.929567"><ele>242.0</ele></trkpt>
      <trkpt lat="54.580516" lon="-2.929390"><ele>242.0</ele></trkpt>
      <trkpt lat="54.580155" lon="-2.929328"><ele>238.0</ele></trkpt>
      <trkpt lat="54.579592" lon="-2.928962"><ele>237.0</ele></trkpt>
      <trkpt lat="54.579118" lon="-2.929176"><ele>231.0</ele></trkpt>
      <trkpt lat="54.578912" lon="-2.929647"><ele>225.0</ele></trkpt>
      <trkpt lat="54.578649" lon="-2.929888"><ele>220.0</ele></trkpt>
      <trkpt lat="54.577995" lon="-2.929980"><ele>213.0</ele></trkpt>
      <trkpt lat="54.577490" lon="-2.930216"><ele>211.0</ele></trkpt>
      <trkpt lat="54.577173" lon="-2.930122"><ele>205.0</ele></trkpt>
      <trkpt lat="54.577011" lon="-2.930215"><ele>204.0</ele></trkpt>
      <trkpt lat="54.576858" lon="-2.930662"><ele>203.0</ele></trkpt>
      <trkpt lat="54.576743" lon="-2.930295"><ele>203.0</ele></trkpt>
      <trkpt lat="54.576469" lon="-2.930348"><ele>200.0</ele></trkpt>
      <trkpt lat="54.576430" lon="-2.930561"><ele>198.0</ele></trkpt>
      <trkpt lat="54.576465" lon="-2.930873"><ele>201.0</ele></trkpt>
      <trkpt lat="54.576314" lon="-2.931020"><ele>201.0</ele></trkpt>
      <trkpt lat="54.575974" lon="-2.931635"><ele>204.0</ele></trkpt>
      <trkpt lat="54.576429" lon="-2.932235"><ele>220.0</ele></trkpt>
      <trkpt lat="54.576194" lon="-2.932917"><ele>225.0</ele></trkpt>
      <trkpt lat="54.576007" lon="-2.933739"><ele>227.0</ele></trkpt>
      <trkpt lat="54.576199" lon="-2.933872"><ele>232.0</ele></trkpt>
      <trkpt lat="54.576085" lon="-2.934105"><ele>233.0</ele></trkpt>
      <trkpt lat="54.576040" lon="-2.934415"><ele>234.0</ele></trkpt>
      <trkpt lat="54.575881" lon="-2.934862"><ele>235.0</ele></trkpt>
      <trkpt lat="54.575357" lon="-2.935880"><ele>237.0</ele></trkpt>
      <trkpt lat="54.574891" lon="-2.937447"><ele>238.0</ele></trkpt>
      <trkpt lat="54.574802" lon="-2.938421"><ele>245.0</ele></trkpt>
      <trkpt lat="54.574582" lon="-2.939553"><ele>247.0</ele></trkpt>
      <trkpt lat="54.574576" lon="-2.940283"><ele>251.0</ele></trkpt>
      <trkpt lat="54.574364" lon="-2.940407"><ele>246.0</ele></trkpt>
      <trkpt lat="54.574231" lon="-2.940693"><ele>245.0</ele></trkpt>
      <trkpt lat="54.574127" lon="-2.942086"><ele>259.0</ele></trkpt>
      <trkpt lat="54.573828" lon="-2.942937"><ele>264.0</ele></trkpt>
      <trkpt lat="54.573176" lon="-2.944468"><ele>272.0</ele></trkpt>
      <trkpt lat="54.572850" lon="-2.945501"><ele>281.0</ele></trkpt>
      <trkpt lat="54.572521" lon="-2.946276"><ele>282.0</ele></trkpt>
      <trkpt lat="54.572317" lon="-2.946915"><ele>287.0</ele></trkpt>
      <trkpt lat="54.571739" lon="-2.949230"><ele>314.0</ele></trkpt>
      <trkpt lat="54.571265" lon="-2.949969"><ele>313.0</ele></trkpt>
      <trkpt lat="54.571081" lon="-2.950426"><ele>315.0</ele></trkpt>
      <trkpt lat="54.570900" lon="-2.950583"><ele>313.0</ele></trkpt>
      <trkpt lat="54.570703" lon="-2.951082"><ele>317.0</ele></trkpt>
      <trkpt lat="54.570577" lon="-2.951305"><ele>319.0</ele></trkpt>
      <trkpt lat="54.570408" lon="-2.951462"><ele>317.0</ele></trkpt>
      <trkpt lat="54.570331" lon="-2.951685"><ele>319.0</ele></trkpt>
      <trkpt lat="54.570119" lon="-2.951831"><ele>320.0</ele></trkpt>
      <trkpt lat="54.569930" lon="-2.952158"><ele>326.0</ele></trkpt>
      <trkpt lat="54.569718" lon="-2.952228"><ele>324.0</ele></trkpt>
      <trkpt lat="54.568935" lon="-2.952940"><ele>326.0</ele></trkpt>
      <trkpt lat="54.567957" lon="-2.954666"><ele>351.0</ele></trkpt>
      <trkpt lat="54.567618" lon="-2.955098"><ele>353.0</ele></trkpt>
      <trkpt lat="54.567309" lon="-2.955638"><ele>361.0</ele></trkpt>
      <trkpt lat="54.566252" lon="-2.958006"><ele>407.0</ele></trkpt>
      <trkpt lat="54.566200" lon="-2.958295"><ele>413.0</ele></trkpt>
      <trkpt lat="54.566317" lon="-2.958437"><ele>422.0</ele></trkpt>
      <trkpt lat="54.566540" lon="-2.958474"><ele>431.0</ele></trkpt>
      <trkpt lat="54.566612" lon="-2.958916"><ele>447.0</ele></trkpt>
      <trkpt lat="54.566436" lon="-2.959845"><ele>468.0</ele></trkpt>
      <trkpt lat="54.565810" lon="-2.961097"><ele>489.0</ele></trkpt>
      <trkpt lat="54.565593" lon="-2.961886"><ele>505.0</ele></trkpt>
      <trkpt lat="54.565595" lon="-2.962336"><ele>518.0</ele></trkpt>
      <trkpt lat="54.564651" lon="-2.963730"><ele>521.0</ele></trkpt>
      <trkpt lat="54.564568" lon="-2.964061"><ele>524.0</ele></trkpt>
      <trkpt lat="54.564561" lon="-2.964951"><ele>530.0</ele></trkpt>
      <trkpt lat="54.564296" lon="-2.967735"><ele>537.0</ele></trkpt>
      <trkpt lat="54.564237" lon="-2.968087"><ele>539.0</ele></trkpt>
      <trkpt lat="54.564110" lon="-2.968449"><ele>539.0</ele></trkpt>
      <trkpt lat="54.564131" lon="-2.968965"><ele>542.0</ele></trkpt>
      <trkpt lat="54.563866" lon="-2.970171"><ele>547.0</ele></trkpt>
      <trkpt lat="54.563862" lon="-2.970643"><ele>548.0</ele></trkpt>
      <trkpt lat="54.563784" lon="-2.971092"><ele>549.0</ele></trkpt>
      <trkpt lat="54.563727" lon="-2.972045"><ele>544.0</ele></trkpt>
      <trkpt lat="54.563693" lon="-2.973890"><ele>547.0</ele></trkpt>
      <trkpt lat="54.563628" lon="-2.974221"><ele>545.0</ele></trkpt>
      <trkpt lat="54.563692" lon="-2.977882"><ele>549.0</ele></trkpt>
      <trkpt lat="54.563507" lon="-2.980742"><ele>541.0</ele></trkpt>
      <trkpt lat="54.563470" lon="-2.982308"><ele>543.0</ele></trkpt>
      <trkpt lat="54.563539" lon="-2.982985"><ele>550.0</ele></trkpt>
      <trkpt lat="54.563737" lon="-2.983162"><ele>563.0</ele></trkpt>
      <trkpt lat="54.563509" lon="-2.983586"><ele>550.0</ele></trkpt>
      <trkpt lat="54.563493" lon="-2.984100"><ele>553.0</ele></trkpt>
      <trkpt lat="54.563383" lon="-2.984559"><ele>550.0</ele></trkpt>
      <trkpt lat="54.563338" lon="-2.985459"><ele>555.0</ele></trkpt>
      <trkpt lat="54.563209" lon="-2.986079"><ele>556.0</ele></trkpt>
      <trkpt lat="54.563163" lon="-2.987086"><ele>571.0</ele></trkpt>
      <trkpt lat="54.563005" lon="-2.988155"><ele>569.0</ele></trkpt>
      <trkpt lat="54.562980" lon="-2.988959"><ele>569.0</ele></trkpt>
      <trkpt lat="54.562902" lon="-2.989408"><ele>563.0</ele></trkpt>
      <trkpt lat="54.562885" lon="-2.989987"><ele>571.0</ele></trkpt>
      <trkpt lat="54.562636" lon="-2.990700"><ele>578.0</ele></trkpt>
      <trkpt lat="54.562360" lon="-2.991069"><ele>577.0</ele></trkpt>
      <trkpt lat="54.562176" lon="-2.991494"><ele>584.0</ele></trkpt>
      <trkpt lat="54.561900" lon="-2.991777"><ele>586.0</ele></trkpt>
      <trkpt lat="54.561507" lon="-2.991842"><ele>587.0</ele></trkpt>
      <trkpt lat="54.560876" lon="-2.991473"><ele>590.0</ele></trkpt>
      <trkpt lat="54.560210" lon="-2.990706"><ele>592.0</ele></trkpt>
      <trkpt lat="54.559807" lon="-2.990470"><ele>597.0</ele></trkpt>
      <trkpt lat="54.559432" lon="-2.989936"><ele>599.0</ele></trkpt>
      <trkpt lat="54.559121" lon="-2.989145"><ele>588.0</ele></trkpt>
      <trkpt lat="54.558904" lon="-2.989107"><ele>591.0</ele></trkpt>
      <trkpt lat="54.558772" lon="-2.989254"><ele>598.0</ele></trkpt>
      <trkpt lat="54.558193" lon="-2.989369"><ele>613.0</ele></trkpt>
      <trkpt lat="54.557057" lon="-2.988955"><ele>617.0</ele></trkpt>
      <trkpt lat="54.556807" lon="-2.989121"><ele>621.0</ele></trkpt>
      <trkpt lat="54.556498" lon="-2.989693"><ele>620.0</ele></trkpt>
      <trkpt lat="54.556418" lon="-2.990324"><ele>617.0</ele></trkpt>
      <trkpt lat="54.556399" lon="-2.991139"><ele>613.0</ele></trkpt>
      <trkpt lat="54.556483" lon="-2.993040"><ele>598.0</ele></trkpt>
      <trkpt lat="54.556419" lon="-2.994004"><ele>588.0</ele></trkpt>
      <trkpt lat="54.556180" lon="-2.994996"><ele>574.0</ele></trkpt>
      <trkpt lat="54.555796" lon="-2.994815"><ele>558.0</ele></trkpt>
      <trkpt lat="54.555414" lon="-2.994355"><ele>557.0</ele></trkpt>
      <trkpt lat="54.555046" lon="-2.994507"><ele>554.0</ele></trkpt>
      <trkpt lat="54.554572" lon="-2.994582"><ele>554.0</ele></trkpt>
      <trkpt lat="54.554200" lon="-2.994433"><ele>553.0</ele></trkpt>
      <trkpt lat="54.554096" lon="-2.994248"><ele>552.0</ele></trkpt>
      <trkpt lat="54.554011" lon="-2.993935"><ele>552.0</ele></trkpt>
      <trkpt lat="54.553772" lon="-2.993543"><ele>551.0</ele></trkpt>
      <trkpt lat="54.553450" lon="-2.992516"><ele>545.0</ele></trkpt>
      <trkpt lat="54.553174" lon="-2.992026"><ele>541.0</ele></trkpt>
      <trkpt lat="54.552800" lon="-2.992146"><ele>540.0</ele></trkpt>
      <trkpt lat="54.552584" lon="-2.991926"><ele>540.0</ele></trkpt>
      <trkpt lat="54.552265" lon="-2.991392"><ele>540.0</ele></trkpt>
      <trkpt lat="54.551961" lon="-2.990548"><ele>536.0</ele></trkpt>
      <trkpt lat="54.551696" lon="-2.989458"><ele>527.0</ele></trkpt>
      <trkpt lat="54.551431" lon="-2.989086"><ele>524.0</ele></trkpt>
      <trkpt lat="54.551285" lon="-2.988707"><ele>517.0</ele></trkpt>
      <trkpt lat="54.551246" lon="-2.988148"><ele>506.0</ele></trkpt>
      <trkpt lat="54.551123" lon="-2.988017"><ele>502.0</ele></trkpt>
      <trkpt lat="54.550710" lon="-2.988243"><ele>500.0</ele></trkpt>
      <trkpt lat="54.550524" lon="-2.988184"><ele>496.0</ele></trkpt>
      <trkpt lat="54.550587" lon="-2.987263"><ele>477.0</ele></trkpt>
      <trkpt lat="54.550256" lon="-2.987437"><ele>472.0</ele></trkpt>
      <trkpt lat="54.549620" lon="-2.987615"><ele>461.0</ele></trkpt>
      <trkpt lat="54.548538" lon="-2.988994"><ele>438.0</ele></trkpt>
      <trkpt lat="54.548556" lon="-2.988319"><ele>423.0</ele></trkpt>
      <trkpt lat="54.547931" lon="-2.988701"><ele>401.0</ele></trkpt>
      <trkpt lat="54.547902" lon="-2.988432"><ele>396.0</ele></trkpt>
      <trkpt lat="54.548206" lon="-2.987001"><ele>382.0</ele></trkpt>
      <trkpt lat="54.547844" lon="-2.987057"><ele>368.0</ele></trkpt>
      <trkpt lat="54.547846" lon="-2.986134"><ele>352.0</ele></trkpt>
      <trkpt lat="54.547723" lon="-2.985133"><ele>336.0</ele></trkpt>
      <trkpt lat="54.547769" lon="-2.984855"><ele>333.0</ele></trkpt>
      <trkpt lat="54.548105" lon="-2.984059"><ele>323.0</ele></trkpt>
      <trkpt lat="54.548044" lon="-2.983907"><ele>317.0</ele></trkpt>
      <trkpt lat="54.547856" lon="-2.984063"><ele>317.0</ele></trkpt>
      <trkpt lat="54.547897" lon="-2.983721"><ele>313.0</ele></trkpt>
      <trkpt lat="54.547998" lon="-2.983488"><ele>312.0</ele></trkpt>
      <trkpt lat="54.548004" lon="-2.982704"><ele>307.0</ele></trkpt>
      <trkpt lat="54.548088" lon="-2.982320"><ele>307.0</ele></trkpt>
      <trkpt lat="54.547913" lon="-2.980234"><ele>294.0</ele></trkpt>
      <trkpt lat="54.547727" lon="-2.979275"><ele>289.0</ele></trkpt>
      <trkpt lat="54.547649" lon="-2.977438"><ele>282.0</ele></trkpt>
      <trkpt lat="54.547475" lon="-2.976629"><ele>273.0</ele></trkpt>
      <trkpt lat="54.547239" lon="-2.975057"><ele>263.0</ele></trkpt>
      <trkpt lat="54.546950" lon="-2.971595"><ele>257.0</ele></trkpt>
      <trkpt lat="54.546953" lon="-2.971155"><ele>256.0</ele></trkpt>
      <trkpt lat="54.546860" lon="-2.970391"><ele>251.0</ele></trkpt>
      <trkpt lat="54.546750" lon="-2.970109"><ele>246.0</ele></trkpt>
      <trkpt lat="54.546693" lon="-2.970269"><ele>242.0</ele></trkpt>
      <trkpt lat="54.546588" lon="-2.970084"><ele>238.0</ele></trkpt>
      <trkpt lat="54.546488" lon="-2.969341"><ele>236.0</ele></trkpt>
      <trkpt lat="54.546337" lon="-2.968844"><ele>229.0</ele></trkpt>
      <trkpt lat="54.546040" lon="-2.968612"><ele>220.0</ele></trkpt>
      <trkpt lat="54.545692" lon="-2.968582"><ele>218.0</ele></trkpt>
      <trkpt lat="54.545341" lon="-2.968069"><ele>218.0</ele></trkpt>
      <trkpt lat="54.544729" lon="-2.967497"><ele>221.0</ele></trkpt>
      <trkpt lat="54.544598" lon="-2.967257"><ele>223.0</ele></trkpt>
      <trkpt lat="54.544426" lon="-2.966126"><ele>217.0</ele></trkpt>
      <trkpt lat="54.544287" lon="-2.965630"><ele>217.0</ele></trkpt>
      <trkpt lat="54.543848" lon="-2.964921"><ele>220.0</ele></trkpt>
      <trkpt lat="54.543558" lon="-2.964657"><ele>220.0</ele></trkpt>
      <trkpt lat="54.543244" lon="-2.964220"><ele>220.0</ele></trkpt>
      <trkpt lat="54.543007" lon="-2.963453"><ele>213.0</ele></trkpt>
      <trkpt lat="54.542651" lon="-2.962812"><ele>208.0</ele></trkpt>
      <trkpt lat="54.541858" lon="-2.963147"><ele>224.0</ele></trkpt>
      <trkpt lat="54.541672" lon="-2.963078"><ele>226.0</ele></trkpt>
      <trkpt lat="54.541644" lon="-2.962680"><ele>224.0</ele></trkpt>
      <trkpt lat="54.541442" lon="-2.962338"><ele>224.0</ele></trkpt>
      <trkpt lat="54.540895" lon="-2.962218"><ele>232.0</ele></trkpt>
      <trkpt lat="54.540684" lon="-2.962062"><ele>237.0</ele></trkpt>
      <trkpt lat="54.540414" lon="-2.961595"><ele>244.0</ele></trkpt>
      <trkpt lat="54.540250" lon="-2.961044"><ele>246.0</ele></trkpt>
      <trkpt lat="54.540055" lon="-2.959751"><ele>245.0</ele></trkpt>
      <trkpt lat="54.539906" lon="-2.959007"><ele>245.0</ele></trkpt>
      <trkpt lat="54.539759" lon="-2.958596"><ele>247.0</ele></trkpt>
      <trkpt lat="54.539580" lon="-2.957659"><ele>250.0</ele></trkpt>
      <trkpt lat="54.539579" lon="-2.957015"><ele>252.0</ele></trkpt>
      <trkpt lat="54.539650" lon="-2.956662"><ele>251.0</ele></trkpt>
      <trkpt lat="54.539323" lon="-2.955582"><ele>266.0</ele></trkpt>
      <trkpt lat="54.539260" lon="-2.954904"><ele>274.0</ele></trkpt>
      <trkpt lat="54.539306" lon="-2.954573"><ele>275.0</ele></trkpt>
      <trkpt lat="54.539141" lon="-2.954247"><ele>280.0</ele></trkpt>
      <trkpt lat="54.538931" lon="-2.954006"><ele>280.0</ele></trkpt>
      <trkpt lat="54.538825" lon="-2.953971"><ele>281.0</ele></trkpt>
      <trkpt lat="54.538112" lon="-2.954395"><ele>286.0</ele></trkpt>
      <trkpt lat="54.537514" lon="-2.954477"><ele>279.0</ele></trkpt>
      <trkpt lat="54.537133" lon="-2.954683"><ele>278.0</ele></trkpt>
      <trkpt lat="54.536828" lon="-2.954654"><ele>272.0</ele></trkpt>
      <trkpt lat="54.536210" lon="-2.954887"><ele>262.0</ele></trkpt>
      <trkpt lat="54.535583" lon="-2.955451"><ele>246.0</ele></trkpt>
      <trkpt lat="54.535311" lon="-2.955917"><ele>240.0</ele></trkpt>
      <trkpt lat="54.535100" lon="-2.956674"><ele>242.0</ele></trkpt>
      <trkpt lat="54.534834" lon="-2.957301"><ele>242.0</ele></trkpt>
      <trkpt lat="54.533928" lon="-2.956035"><ele>203.0</ele></trkpt>
      <trkpt lat="54.533188" lon="-2.955181"><ele>197.0</ele></trkpt>
      <trkpt lat="54.532686" lon="-2.954901"><ele>196.0</ele></trkpt>
      <trkpt lat="54.532739" lon="-2.953679"><ele>196.0</ele></trkpt>
      <trkpt lat="54.533116" lon="-2.951670"><ele>207.0</ele></trkpt>
      <trkpt lat="54.533258" lon="-2.951030"><ele>209.0</ele></trkpt>
      <trkpt lat="54.533620" lon="-2.950169"><ele>202.0</ele></trkpt>
      <trkpt lat="54.533856" lon="-2.949424"><ele>198.0</ele></trkpt>
      <trkpt lat="54.533249" lon="-2.949034"><ele>208.0</ele></trkpt>
      <trkpt lat="54.532887" lon="-2.949186"><ele>217.0</ele></trkpt>
      <trkpt lat="54.532604" lon="-2.948751"><ele>220.0</ele></trkpt>
      <trkpt lat="54.532418" lon="-2.948585"><ele>222.0</ele></trkpt>
      <trkpt lat="54.532316" lon="-2.948111"><ele>217.0</ele></trkpt>
      <trkpt lat="54.532132" lon="-2.947817"><ele>217.0</ele></trkpt>
      <trkpt lat="54.531656" lon="-2.946518"><ele>220.0</ele></trkpt>
      <trkpt lat="54.531178" lon="-2.945606"><ele>220.0</ele></trkpt>
      <trkpt lat="54.531206" lon="-2.945145"><ele>215.0</ele></trkpt>
      <trkpt lat="54.531096" lon="-2.944896"><ele>215.0</ele></trkpt>
      <trkpt lat="54.531007" lon="-2.944293"><ele>215.0</ele></trkpt>
      <trkpt lat="54.531172" lon="-2.943900"><ele>215.0</ele></trkpt>
      <trkpt lat="54.531744" lon="-2.943226"><ele>213.0</ele></trkpt>
      <trkpt lat="54.531940" lon="-2.942888"><ele>209.0</ele></trkpt>
      <trkpt lat="54.532100" lon="-2.942344"><ele>208.0</ele></trkpt>
      <trkpt lat="54.532309" lon="-2.941888"><ele>208.0</ele></trkpt>
      <trkpt lat="54.532592" lon="-2.941529"><ele>207.0</ele></trkpt>
      <trkpt lat="54.532839" lon="-2.940988"><ele>205.0</ele></trkpt>
      <trkpt lat="54.533221" lon="-2.939838"><ele>195.0</ele></trkpt>
      <trkpt lat="54.533284" lon="-2.939024"><ele>190.0</ele></trkpt>
      <trkpt lat="54.533421" lon="-2.938211"><ele>181.0</ele></trkpt>
      <trkpt lat="54.533473" lon="-2.937097"><ele>170.0</ele></trkpt>
      <trkpt lat="54.533665" lon="-2.936393"><ele>162.0</ele></trkpt>
      <trkpt lat="54.534316" lon="-2.935936"><ele>158.0</ele></trkpt>
      <trkpt lat="54.534650" lon="-2.936190"><ele>157.0</ele></trkpt>
      <trkpt lat="54.534776" lon="-2.935238"><ele>154.0</ele></trkpt>
      <trkpt lat="54.534799" lon="-2.934735"><ele>154.0</ele></trkpt>
      <trkpt lat="54.534759" lon="-2.934251"><ele>155.0</ele></trkpt>
      <trkpt lat="54.534269" lon="-2.933231"><ele>153.0</ele></trkpt>
      <trkpt lat="54.534191" lon="-2.932886"><ele>153.0</ele></trkpt>
      <trkpt lat="54.534169" lon="-2.932457"><ele>153.0</ele></trkpt>
      <trkpt lat="54.534056" lon="-2.931757"><ele>151.0</ele></trkpt>
      <trkpt lat="54.534360" lon="-2.931088"><ele>153.0</ele></trkpt>
      <trkpt lat="54.534744" lon="-2.930549"><ele>154.0</ele></trkpt>
      <trkpt lat="54.535133" lon="-2.930182"><ele>155.0</ele></trkpt>
      <trkpt lat="54.535617" lon="-2.929518"><ele>158.0</ele></trkpt>
      <trkpt lat="54.535676" lon="-2.929218"><ele>160.0</ele></trkpt>
      <trkpt lat="54.535679" lon="-2.928779"><ele>161.0</ele></trkpt>
      <trkpt lat="54.535838" lon="-2.928299"><ele>162.0</ele></trkpt>
      <trkpt lat="54.535271" lon="-2.927546"><ele>164.0</ele></trkpt>
      <trkpt lat="54.534780" lon="-2.926709"><ele>164.0</ele></trkpt>
      <trkpt lat="54.534608" lon="-2.926319"><ele>166.0</ele></trkpt>
      <trkpt lat="54.533815" lon="-2.925893"><ele>163.0</ele></trkpt>
      <trkpt lat="54.533304" lon="-2.925892"><ele>159.0</ele></trkpt>
      <trkpt lat="54.532603" lon="-2.926466"><ele>163.0</ele></trkpt>
      <trkpt lat="54.532544" lon="-2.926797"><ele>161.0</ele></trkpt>
      <trkpt lat="54.531923" lon="-2.926601"><ele>159.0</ele></trkpt>
      <trkpt lat="54.531750" lon="-2.926404"><ele>160.0</ele></trkpt>
      <trkpt lat="54.531407" lon="-2.925752"><ele>167.0</ele></trkpt>
      <trkpt lat="54.531097" lon="-2.925552"><ele>168.0</ele></trkpt>
      <trkpt lat="54.530541" lon="-2.924981"><ele>175.0</ele></trkpt>
      <trkpt lat="54.529870" lon="-2.924741"><ele>168.0</ele></trkpt>
      <trkpt lat="54.528547" lon="-2.923509"><ele>173.0</ele></trkpt>
      <trkpt lat="54.527945" lon="-2.923217"><ele>170.0</ele></trkpt>
      <trkpt lat="54.527604" lon="-2.923144"><ele>168.0</ele></trkpt>
      <trkpt lat="54.526756" lon="-2.923179"><ele>166.0</ele></trkpt>
      <trkpt lat="54.526446" lon="-2.922916"><ele>169.0</ele></trkpt>
      <trkpt lat="54.525391" lon="-2.922420"><ele>163.0</ele></trkpt>
      <trkpt lat="54.525175" lon="-2.922200"><ele>163.0</ele></trkpt>
      <trkpt lat="54.524815" lon="-2.922020"><ele>159.0</ele></trkpt>
      <trkpt lat="54.524650" lon="-2.921705"><ele>161.0</ele></trkpt>
      <trkpt lat="54.524298" lon="-2.921332"><ele>168.0</ele></trkpt>
      <trkpt lat="54.523648" lon="-2.920814"><ele>172.0</ele></trkpt>
      <trkpt lat="54.523240" lon="-2.920364"><ele>179.0</ele></trkpt>
      <trkpt lat="54.522863" lon="-2.920055"><ele>180.0</ele></trkpt>
      <trkpt lat="54.522303" lon="-2.919978"><ele>177.0</ele></trkpt>
      <trkpt lat="54.521540" lon="-2.919532"><ele>178.0</ele></trkpt>
      <trkpt lat="54.521129" lon="-2.918782"><ele>176.0</ele></trkpt>
      <trkpt lat="54.520690" lon="-2.918279"><ele>174.0</ele></trkpt>
      <trkpt lat="54.520312" lon="-2.918034"><ele>170.0</ele></trkpt>
      <trkpt lat="54.520032" lon="-2.917974"><ele>170.0</ele></trkpt>
      <trkpt lat="54.519228" lon="-2.918053"><ele>166.0</ele></trkpt>
      <trkpt lat="54.518918" lon="-2.917906"><ele>167.0</ele></trkpt>
      <trkpt lat="54.518594" lon="-2.917888"><ele>167.0</ele></trkpt>
      <trkpt lat="54.518235" lon="-2.918513"><ele>163.0</ele></trkpt>
      <trkpt lat="54.517890" lon="-2.918849"><ele>163.0</ele></trkpt>
      <trkpt lat="54.517078" lon="-2.919142"><ele>161.0</ele></trkpt>
      <trkpt lat="54.516872" lon="-2.919105"><ele>162.0</ele></trkpt>
      <trkpt lat="54.516637" lon="-2.918928"><ele>163.0</ele></trkpt>
      <trkpt lat="54.516375" lon="-2.919051"><ele>161.0</ele></trkpt>
      <trkpt lat="54.516199" lon="-2.919261"><ele>159.0</ele></trkpt>
      <trkpt lat="54.515870" lon="-2.919930"><ele>159.0</ele></trkpt>
      <trkpt lat="54.515464" lon="-2.920039"><ele>162.0</ele></trkpt>
      <trkpt lat="54.514660" lon="-2.919778"><ele>162.0</ele></trkpt>
      <trkpt lat="54.513876" lon="-2.919621"><ele>161.0</ele></trkpt>
      <trkpt lat="54.513465" lon="-2.919612"><ele>162.0</ele></trkpt>
      <trkpt lat="54.510641" lon="-2.919141"><ele>163.0</ele></trkpt>
      <trkpt lat="54.510560" lon="-2.918312"><ele>165.0</ele></trkpt>
      <trkpt lat="54.510168" lon="-2.916598"><ele>169.0</ele></trkpt>
      <trkpt lat="54.510148" lon="-2.915953"><ele>173.0</ele></trkpt>
      <trkpt lat="54.510039" lon="-2.915533"><ele>174.0</ele></trkpt>
      <trkpt lat="54.510012" lon="-2.915060"><ele>175.0</ele></trkpt>
      <trkpt lat="54.510082" lon="-2.914761"><ele>178.0</ele></trkpt>
      <trkpt lat="54.509801" lon="-2.914122"><ele>181.0</ele></trkpt>
      <trkpt lat="54.509766" lon="-2.913713"><ele>185.0</ele></trkpt>
      <trkpt lat="54.509569" lon="-2.913473"><ele>185.0</ele></trkpt>
      <trkpt lat="54.509379" lon="-2.913082"><ele>185.0</ele></trkpt>
      <trkpt lat="54.508964" lon="-2.912751"><ele>182.0</ele></trkpt>
      <trkpt lat="54.508793" lon="-2.912232"><ele>182.0</ele></trkpt>
      <trkpt lat="54.508772" lon="-2.911727"><ele>185.0</ele></trkpt>
      <trkpt lat="54.508433" lon="-2.910443"><ele>190.0</ele></trkpt>
      <trkpt lat="54.508154" lon="-2.908612"><ele>200.0</ele></trkpt>
      <trkpt lat="54.507735" lon="-2.906393"><ele>210.0</ele></trkpt>
      <trkpt lat="54.507706" lon="-2.905308"><ele>217.0</ele></trkpt>
      <trkpt lat="54.507784" lon="-2.904881"><ele>221.0</ele></trkpt>
      <trkpt lat="54.507792" lon="-2.903819"><ele>224.0</ele></trkpt>
      <trkpt lat="54.507983" lon="-2.903201"><ele>229.0</ele></trkpt>
      <trkpt lat="54.508131" lon="-2.902517"><ele>233.0</ele></trkpt>
      <trkpt lat="54.507846" lon="-2.902350"><ele>231.0</ele></trkpt>
      <trkpt lat="54.507899" lon="-2.901890"><ele>237.0</ele></trkpt>
      <trkpt lat="54.507841" lon="-2.901341"><ele>246.0</ele></trkpt>
      <trkpt lat="54.507916" lon="-2.899669"><ele>265.0</ele></trkpt>
      <trkpt lat="54.508007" lon="-2.899124"><ele>273.0</ele></trkpt>
      <trkpt lat="54.508000" lon="-2.898469"><ele>287.0</ele></trkpt>
      <trkpt lat="54.508176" lon="-2.897422"><ele>300.0</ele></trkpt>
      <trkpt lat="54.508153" lon="-2.896316"><ele>319.0</ele></trkpt>
      <trkpt lat="54.508263" lon="-2.895803"><ele>322.0</ele></trkpt>
      <trkpt lat="54.508311" lon="-2.895161"><ele>325.0</ele></trkpt>
      <trkpt lat="54.508283" lon="-2.892993"><ele>325.0</ele></trkpt>
      <trkpt lat="54.508163" lon="-2.892507"><ele>335.0</ele></trkpt>
      <trkpt lat="54.508180" lon="-2.891896"><ele>342.0</ele></trkpt>
      <trkpt lat="54.508118" lon="-2.890929"><ele>354.0</ele></trkpt>
      <trkpt lat="54.508184" lon="-2.890479"><ele>358.0</ele></trkpt>
      <trkpt lat="54.507726" lon="-2.889203"><ele>374.0</ele></trkpt>
      <trkpt lat="54.507252" lon="-2.888410"><ele>394.0</ele></trkpt>
      <trkpt lat="54.507156" lon="-2.887893"><ele>399.0</ele></trkpt>
      <trkpt lat="54.506839" lon="-2.886995"><ele>409.0</ele></trkpt>
      <trkpt lat="54.506991" lon="-2.886623"><ele>411.0</ele></trkpt>
      <trkpt lat="54.506950" lon="-2.886311"><ele>415.0</ele></trkpt>
      <trkpt lat="54.506728" lon="-2.885941"><ele>417.0</ele></trkpt>
      <trkpt lat="54.506521" lon="-2.885368"><ele>424.0</ele></trkpt>
      <trkpt lat="54.506450" lon="-2.884830"><ele>429.0</ele></trkpt>
      <trkpt lat="54.506684" lon="-2.884406"><ele>440.0</ele></trkpt>
      <trkpt lat="54.507078" lon="-2.884071"><ele>451.0</ele></trkpt>
      <trkpt lat="54.507397" lon="-2.884014"><ele>460.0</ele></trkpt>
      <trkpt lat="54.507722" lon="-2.883860"><ele>469.0</ele></trkpt>
      <trkpt lat="54.508488" lon="-2.882975"><ele>494.0</ele></trkpt>
      <trkpt lat="54.508769" lon="-2.881994"><ele>514.0</ele></trkpt>
      <trkpt lat="54.509003" lon="-2.881613"><ele>524.0</ele></trkpt>
      <trkpt lat="54.509411" lon="-2.880259"><ele>551.0</ele></trkpt>
      <trkpt lat="54.509363" lon="-2.880086"><ele>555.0</ele></trkpt>
      <trkpt lat="54.509516" lon="-2.879617"><ele>563.0</ele></trkpt>
      <trkpt lat="54.509552" lon="-2.878932"><ele>572.0</ele></trkpt>
      <trkpt lat="54.509381" lon="-2.878402"><ele>578.0</ele></trkpt>
      <trkpt lat="54.508728" lon="-2.877444"><ele>590.0</ele></trkpt>
      <trkpt lat="54.508589" lon="-2.876872"><ele>598.0</ele></trkpt>
      <trkpt lat="54.508010" lon="-2.875883"><ele>622.0</ele></trkpt>
      <trkpt lat="54.507759" lon="-2.875256"><ele>629.0</ele></trkpt>
      <trkpt lat="54.507762" lon="-2.874880"><ele>635.0</ele></trkpt>
      <trkpt lat="54.507614" lon="-2.874652"><ele>644.0</ele></trkpt>
      <trkpt lat="54.507899" lon="-2.873252"><ele>661.0</ele></trkpt>
      <trkpt lat="54.507852" lon="-2.871964"><ele>685.0</ele></trkpt>
      <trkpt lat="54.507770" lon="-2.871211"><ele>693.0</ele></trkpt>
      <trkpt lat="54.507459" lon="-2.870313"><ele>703.0</ele></trkpt>
      <trkpt lat="54.507338" lon="-2.869817"><ele>708.0</ele></trkpt>
      <trkpt lat="54.507141" lon="-2.869523"><ele>713.0</ele></trkpt>
      <trkpt lat="54.506855" lon="-2.869345"><ele>718.0</ele></trkpt>
      <trkpt lat="54.506057" lon="-2.869436"><ele>726.0</ele></trkpt>
      <trkpt lat="54.504659" lon="-2.868934"><ele>736.0</ele></trkpt>
      <trkpt lat="54.504020" lon="-2.868598"><ele>737.0</ele></trkpt>
      <trkpt lat="54.503357" lon="-2.868048"><ele>736.0</ele></trkpt>
      <trkpt lat="54.503042" lon="-2.867644"><ele>733.0</ele></trkpt>
      <trkpt lat="54.501928" lon="-2.866601"><ele>707.0</ele></trkpt>
      <trkpt lat="54.501113" lon="-2.866433"><ele>712.0</ele></trkpt>
      <trkpt lat="54.500716" lon="-2.866253"><ele>714.0</ele></trkpt>
      <trkpt lat="54.499981" lon="-2.865358"><ele>732.0</ele></trkpt>
      <trkpt lat="54.498885" lon="-2.865227"><ele>740.0</ele></trkpt>
      <trkpt lat="54.498336" lon="-2.865334"><ele>745.0</ele></trkpt>
      <trkpt lat="54.496592" lon="-2.864406"><ele>787.0</ele></trkpt>
      <trkpt lat="54.494890" lon="-2.863619"><ele>813.0</ele></trkpt>
      <trkpt lat="54.493587" lon="-2.863666"><ele>822.0</ele></trkpt>
      <trkpt lat="54.492768" lon="-2.864024"><ele>827.0</ele></trkpt>
      <trkpt lat="54.491784" lon="-2.864862"><ele>827.0</ele></trkpt>
      <trkpt lat="54.491647" lon="-2.864784"><ele>827.0</ele></trkpt>
      <trkpt lat="54.490411" lon="-2.865112"><ele>823.0</ele></trkpt>
      <trkpt lat="54.484212" lon="-2.870785"><ele>760.0</ele></trkpt>
      <trkpt lat="54.483513" lon="-2.871746"><ele>755.0</ele></trkpt>
      <trkpt lat="54.482441" lon="-2.872710"><ele>751.0</ele></trkpt>
      <trkpt lat="54.481241" lon="-2.873929"><ele>760.0</ele></trkpt>
      <trkpt lat="54.480132" lon="-2.875377"><ele>755.0</ele></trkpt>
      <trkpt lat="54.478579" lon="-2.876309"><ele>732.0</ele></trkpt>
      <trkpt lat="54.478119" lon="-2.876138"><ele>719.0</ele></trkpt>
      <trkpt lat="54.477451" lon="-2.876285"><ele>708.0</ele></trkpt>
      <trkpt lat="54.477009" lon="-2.876200"><ele>698.0</ele></trkpt>
      <trkpt lat="54.476341" lon="-2.877141"><ele>695.0</ele></trkpt>
      <trkpt lat="54.475177" lon="-2.877835"><ele>677.0</ele></trkpt>
      <trkpt lat="54.474703" lon="-2.877899"><ele>670.0</ele></trkpt>
      <trkpt lat="54.474123" lon="-2.877844"><ele>663.0</ele></trkpt>
      <trkpt lat="54.473675" lon="-2.877706"><ele>656.0</ele></trkpt>
      <trkpt lat="54.472857" lon="-2.877945"><ele>634.0</ele></trkpt>
      <trkpt lat="54.472008" lon="-2.878067"><ele>610.0</ele></trkpt>
      <trkpt lat="54.471689" lon="-2.878210"><ele>603.0</ele></trkpt>
      <trkpt lat="54.471391" lon="-2.878869"><ele>588.0</ele></trkpt>
      <trkpt lat="54.471149" lon="-2.879593"><ele>566.0</ele></trkpt>
      <trkpt lat="54.470847" lon="-2.879898"><ele>553.0</ele></trkpt>
      <trkpt lat="54.470366" lon="-2.880059"><ele>552.0</ele></trkpt>
      <trkpt lat="54.469846" lon="-2.880445"><ele>529.0</ele></trkpt>
      <trkpt lat="54.469539" lon="-2.880588"><ele>517.0</ele></trkpt>
      <trkpt lat="54.469009" lon="-2.880641"><ele>506.0</ele></trkpt>
      <trkpt lat="54.468689" lon="-2.880913"><ele>491.0</ele></trkpt>
      <trkpt lat="54.468165" lon="-2.880924"><ele>483.0</ele></trkpt>
      <trkpt lat="54.467640" lon="-2.881073"><ele>467.0</ele></trkpt>
      <trkpt lat="54.466964" lon="-2.881466"><ele>428.0</ele></trkpt>
      <trkpt lat="54.466583" lon="-2.881458"><ele>417.0</ele></trkpt>
      <trkpt lat="54.466236" lon="-2.881247"><ele>410.0</ele></trkpt>
      <trkpt lat="54.465936" lon="-2.881348"><ele>397.0</ele></trkpt>
      <trkpt lat="54.464258" lon="-2.883060"><ele>331.0</ele></trkpt>
      <trkpt lat="54.463844" lon="-2.883384"><ele>320.0</ele></trkpt>
      <trkpt lat="54.463811" lon="-2.883662"><ele>318.0</ele></trkpt>
      <trkpt lat="54.463709" lon="-2.883918"><ele>315.0</ele></trkpt>
      <trkpt lat="54.463313" lon="-2.884424"><ele>303.0</ele></trkpt>
      <trkpt lat="54.463057" lon="-2.884451"><ele>297.0</ele></trkpt>
      <trkpt lat="54.462784" lon="-2.884252"><ele>292.0</ele></trkpt>
      <trkpt lat="54.462422" lon="-2.884212"><ele>285.0</ele></trkpt>
      <trkpt lat="54.461522" lon="-2.884428"><ele>270.0</ele></trkpt>
      <trkpt lat="54.461227" lon="-2.884690"><ele>267.0</ele></trkpt>
      <trkpt lat="54.460964" lon="-2.884824"><ele>264.0</ele></trkpt>
      <trkpt lat="54.459266" lon="-2.885098"><ele>253.0</ele></trkpt>
      <trkpt lat="54.459115" lon="-2.885256"><ele>252.0</ele></trkpt>
      <trkpt lat="54.458950" lon="-2.885617"><ele>251.0</ele></trkpt>
      <trkpt lat="54.458409" lon="-2.886217"><ele>252.0</ele></trkpt>
      <trkpt lat="54.458059" lon="-2.886370"><ele>251.0</ele></trkpt>
      <trkpt lat="54.457229" lon="-2.886438"><ele>246.0</ele></trkpt>
      <trkpt lat="54.455754" lon="-2.886825"><ele>245.0</ele></trkpt>
      <trkpt lat="54.455230" lon="-2.886878"><ele>243.0</ele></trkpt>
      <trkpt lat="54.454026" lon="-2.886787"><ele>234.0</ele></trkpt>
      <trkpt lat="54.453277" lon="-2.886867"><ele>233.0</ele></trkpt>
      <trkpt lat="54.453041" lon="-2.886798"><ele>229.0</ele></trkpt>
      <trkpt lat="54.452316" lon="-2.886997"><ele>229.0</ele></trkpt>
      <trkpt lat="54.450506" lon="-2.887054"><ele>225.0</ele></trkpt>
      <trkpt lat="54.449881" lon="-2.887255"><ele>225.0</ele></trkpt>
      <trkpt lat="54.449283" lon="-2.887178"><ele>219.0</ele></trkpt>
      <trkpt lat="54.448682" lon="-2.887401"><ele>221.0</ele></trkpt>
      <trkpt lat="54.448165" lon="-2.887304"><ele>215.0</ele></trkpt>
      <trkpt lat="54.447868" lon="-2.887351"><ele>213.0</ele></trkpt>
      <trkpt lat="54.445686" lon="-2.887969"><ele>197.0</ele></trkpt>
      <trkpt lat="54.445200" lon="-2.888530"><ele>197.0</ele></trkpt>
      <trkpt lat="54.445200" lon="-2.887860"><ele>189.0</ele></trkpt>
      <trkpt lat="54.445350" lon="-2.887060"><ele>196.0</ele></trkpt>
      <trkpt lat="54.444860" lon="-2.887310"><ele>195.0</ele></trkpt>
      <trkpt lat="54.444350" lon="-2.887760"><ele>192.0</ele></trkpt>
      <trkpt lat="54.443760" lon="-2.888130"><ele>192.0</ele></trkpt>
      <trkpt lat="54.443270" lon="-2.888330"><ele>191.0</ele></trkpt>
      <trkpt lat="54.442840" lon="-2.888650"><ele>191.0</ele></trkpt>
      <trkpt lat="54.442600" lon="-2.888970"><ele>189.0</ele></trkpt>
      <trkpt lat="54.442080" lon="-2.889200"><ele>190.0</ele></trkpt>
      <trkpt lat="54.441710" lon="-2.889620"><ele>186.0</ele></trkpt>
      <trkpt lat="54.441120" lon="-2.889790"><ele>189.0</ele></trkpt>
      <trkpt lat="54.440330" lon="-2.889830"><ele>189.0</ele></trkpt>
      <trkpt lat="54.439740" lon="-2.889990"><ele>185.0</ele></trkpt>
      <trkpt lat="54.439010" lon="-2.890070"><ele>180.0</ele></trkpt>
      <trkpt lat="54.438490" lon="-2.890280"><ele>173.0</ele></trkpt>
      <trkpt lat="54.438130" lon="-2.890300"><ele>172.0</ele></trkpt>
      <trkpt lat="54.437120" lon="-2.890910"><ele>163.0</ele></trkpt>
      <trkpt lat="54.436850" lon="-2.891690"><ele>154.0</ele></trkpt>
      <trkpt lat="54.436560" lon="-2.891790"><ele>153.0</ele></trkpt>
      <trkpt lat="54.435610" lon="-2.892380"><ele>151.0</ele></trkpt>
      <trkpt lat="54.435160" lon="-2.892540"><ele>151.0</ele></trkpt>
      <trkpt lat="54.434320" lon="-2.892990"><ele>147.0</ele></trkpt>
      <trkpt lat="54.434100" lon="-2.893260"><ele>145.0</ele></trkpt>
      <trkpt lat="54.433820" lon="-2.893370"><ele>144.0</ele></trkpt>
      <trkpt lat="54.433560" lon="-2.893270"><ele>146.0</ele></trkpt>
      <trkpt lat="54.433360" lon="-2.893620"><ele>144.0</ele></trkpt>
      <trkpt lat="54.432640" lon="-2.893690"><ele>142.0</ele></trkpt>
      <trkpt lat="54.431990" lon="-2.893410"><ele>143.0</ele></trkpt>
      <trkpt lat="54.430860" lon="-2.893420"><ele>141.0</ele></trkpt>
      <trkpt lat="54.430080" lon="-2.893310"><ele>145.0</ele></trkpt>
      <trkpt lat="54.428590" lon="-2.894290"><ele>147.0</ele></trkpt>
      <trkpt lat="54.427810" lon="-2.894650"><ele>149.0</ele></trkpt>
      <trkpt lat="54.427020" lon="-2.894860"><ele>155.0</ele></trkpt>
      <trkpt lat="54.426270" lon="-2.895760"><ele>149.0</ele></trkpt>
      <trkpt lat="54.425970" lon="-2.895690"><ele>153.0</ele></trkpt>
      <trkpt lat="54.425000" lon="-2.895900"><ele>160.0</ele></trkpt>
      <trkpt lat="54.424400" lon="-2.896260"><ele>159.0</ele></trkpt>
      <trkpt lat="54.423980" lon="-2.896330"><ele>166.0</ele></trkpt>
      <trkpt lat="54.423440" lon="-2.896660"><ele>169.0</ele></trkpt>
      <trkpt lat="54.423040" lon="-2.896820"><ele>169.0</ele></trkpt>
      <trkpt lat="54.421680" lon="-2.898020"><ele>164.0</ele></trkpt>
      <trkpt lat="54.421330" lon="-2.897980"><ele>168.0</ele></trkpt>
      <trkpt lat="54.420970" lon="-2.898080"><ele>170.0</ele></trkpt>
      <trkpt lat="54.419940" lon="-2.899680"><ele>150.0</ele></trkpt>
      <trkpt lat="54.419620" lon="-2.899920"><ele>147.0</ele></trkpt>
      <trkpt lat="54.419650" lon="-2.900270"><ele>141.0</ele></trkpt>
      <trkpt lat="54.419890" lon="-2.900700"><ele>137.0</ele></trkpt>
      <trkpt lat="54.420130" lon="-2.901810"><ele>134.0</ele></trkpt>
      <trkpt lat="54.420120" lon="-2.902130"><ele>134.0</ele></trkpt>
      <trkpt lat="54.420270" lon="-2.902910"><ele>131.0</ele></trkpt>
      <trkpt lat="54.420200" lon="-2.903370"><ele>133.0</ele></trkpt>
      <trkpt lat="54.419940" lon="-2.903540"><ele>135.0</ele></trkpt>
      <trkpt lat="54.419780" lon="-2.903850"><ele>135.0</ele></trkpt>
      <trkpt lat="54.419460" lon="-2.904140"><ele>134.0</ele></trkpt>
      <trkpt lat="54.419120" lon="-2.904230"><ele>133.0</ele></trkpt>
      <trkpt lat="54.418030" lon="-2.905060"><ele>128.0</ele></trkpt>
      <trkpt lat="54.417930" lon="-2.906960"><ele>128.0</ele></trkpt>
      <trkpt lat="54.417610" lon="-2.906480"><ele>127.0</ele></trkpt>
      <trkpt lat="54.417900" lon="-2.906940"><ele>128.0</ele></trkpt>
      <trkpt lat="54.418270" lon="-2.907100"><ele>131.0</ele></trkpt>
      <trkpt lat="54.418940" lon="-2.907190"><ele>139.0</ele></trkpt>
      <trkpt lat="54.419730" lon="-2.907650"><ele>143.0</ele></trkpt>
      <trkpt lat="54.420670" lon="-2.907730"><ele>151.0</ele></trkpt>
      <trkpt lat="54.420910" lon="-2.907880"><ele>153.0</ele></trkpt>
      <trkpt lat="54.421230" lon="-2.907910"><ele>156.0</ele></trkpt>
      <trkpt lat="54.422090" lon="-2.907810"><ele>163.0</ele></trkpt>
      <trkpt lat="54.422810" lon="-2.908090"><ele>166.0</ele></trkpt>
      <trkpt lat="54.423410" lon="-2.908080"><ele>173.0</ele></trkpt>
      <trkpt lat="54.423610" lon="-2.908230"><ele>174.0</ele></trkpt>
      <trkpt lat="54.423720" lon="-2.908520"><ele>176.0</ele></trkpt>
      <trkpt lat="54.423460" lon="-2.908860"><ele>175.0</ele></trkpt>
      <trkpt lat="54.423690" lon="-2.908550"><ele>176.0</ele></trkpt>
      <trkpt lat="54.423640" lon="-2.908280"><ele>174.0</ele></trkpt>
      <trkpt lat="54.423420" lon="-2.908110"><ele>173.0</ele></trkpt>
      <trkpt lat="54.422830" lon="-2.908090"><ele>166.0</ele></trkpt>
      <trkpt lat="54.422317" lon="-2.907926"><ele>164.0</ele></trkpt>
      <trkpt lat="54.422200" lon="-2.908520"><ele>163.0</ele></trkpt>
      <trkpt lat="54.422000" lon="-2.908990"><ele>161.0</ele></trkpt>
      <trkpt lat="54.421830" lon="-2.909230"><ele>161.0</ele></trkpt>
      <trkpt lat="54.421470" lon="-2.910100"><ele>166.0</ele></trkpt>
      <trkpt lat="54.421180" lon="-2.910280"><ele>167.0</ele></trkpt>
      <trkpt lat="54.420360" lon="-2.911100"><ele>170.0</ele></trkpt>
      <trkpt lat="54.420040" lon="-2.911330"><ele>168.0</ele></trkpt>
      <trkpt lat="54.419900" lon="-2.911510"><ele>168.0</ele></trkpt>
      <trkpt lat="54.419810" lon="-2.911860"><ele>171.0</ele></trkpt>
      <trkpt lat="54.418990" lon="-2.912340"><ele>174.0</ele></trkpt>
      <trkpt lat="54.418190" lon="-2.913060"><ele>172.0</ele></trkpt>
      <trkpt lat="54.417830" lon="-2.913180"><ele>168.0</ele></trkpt>
      <trkpt lat="54.417420" lon="-2.913520"><ele>167.0</ele></trkpt>
      <trkpt lat="54.416879" lon="-2.913749"><ele>165.0</ele></trkpt>
      <trkpt lat="54.416659" lon="-2.913959"><ele>165.0</ele></trkpt>
      <trkpt lat="54.416353" lon="-2.913995"><ele>164.0</ele></trkpt>
      <trkpt lat="54.416100" lon="-2.914343"><ele>165.0</ele></trkpt>
      <trkpt lat="54.415623" lon="-2.914687"><ele>167.0</ele></trkpt>
      <trkpt lat="54.415521" lon="-2.915017"><ele>172.0</ele></trkpt>
      <trkpt lat="54.415225" lon="-2.915365"><ele>181.0</ele></trkpt>
      <trkpt lat="54.414471" lon="-2.915981"><ele>189.0</ele></trkpt>
      <trkpt lat="54.414073" lon="-2.916530"><ele>195.0</ele></trkpt>
      <trkpt lat="54.413432" lon="-2.917041"><ele>201.0</ele></trkpt>
      <trkpt lat="54.413230" lon="-2.917337"><ele>202.0</ele></trkpt>
      <trkpt lat="54.413090" lon="-2.917709"><ele>204.0</ele></trkpt>
      <trkpt lat="54.412831" lon="-2.918154"><ele>207.0</ele></trkpt>
      <trkpt lat="54.412449" lon="-2.919154"><ele>212.0</ele></trkpt>
      <trkpt lat="54.412192" lon="-2.920082"><ele>218.0</ele></trkpt>
      <trkpt lat="54.412097" lon="-2.921131"><ele>226.0</ele></trkpt>
      <trkpt lat="54.411986" lon="-2.921740"><ele>229.0</ele></trkpt>
      <trkpt lat="54.411794" lon="-2.922326"><ele>230.0</ele></trkpt>
      <trkpt lat="54.411669" lon="-2.923096"><ele>232.0</ele></trkpt>
      <trkpt lat="54.411633" lon="-2.923771"><ele>233.0</ele></trkpt>
      <trkpt lat="54.411812" lon="-2.926752"><ele>237.0</ele></trkpt>
      <trkpt lat="54.412118" lon="-2.927521"><ele>240.0</ele></trkpt>
      <trkpt lat="54.413265" lon="-2.929318"><ele>250.0</ele></trkpt>
      <trkpt lat="54.413589" lon="-2.929422"><ele>250.0</ele></trkpt>
      <trkpt lat="54.414571" lon="-2.930807"><ele>244.0</ele></trkpt>
      <trkpt lat="54.415223" lon="-2.932130"><ele>235.0</ele></trkpt>
      <trkpt lat="54.415633" lon="-2.932472"><ele>230.0</ele></trkpt>
      <trkpt lat="54.416019" lon="-2.932567"><ele>230.0</ele></trkpt>
      <trkpt lat="54.416802" lon="-2.932982"><ele>226.0</ele></trkpt>
      <trkpt lat="54.416996" lon="-2.932976"><ele>227.0</ele></trkpt>
      <trkpt lat="54.417036" lon="-2.933492"><ele>223.0</ele></trkpt>
      <trkpt lat="54.417397" lon="-2.934412"><ele>218.0</ele></trkpt>
      <trkpt lat="54.417451" lon="-2.935540"><ele>210.0</ele></trkpt>
      <trkpt lat="54.417771" lon="-2.936126"><ele>208.0</ele></trkpt>
      <trkpt lat="54.417837" lon="-2.936461"><ele>202.0</ele></trkpt>
      <trkpt lat="54.417310" lon="-2.937567"><ele>188.0</ele></trkpt>
      <trkpt lat="54.417289" lon="-2.937845"><ele>187.0</ele></trkpt>
      <trkpt lat="54.417373" lon="-2.938352"><ele>188.0</ele></trkpt>
      <trkpt lat="54.417471" lon="-2.938568"><ele>190.0</ele></trkpt>
      <trkpt lat="54.417631" lon="-2.940525"><ele>208.0</ele></trkpt>
      <trkpt lat="54.417585" lon="-2.940739"><ele>209.0</ele></trkpt>
      <trkpt lat="54.417595" lon="-2.941039"><ele>210.0</ele></trkpt>
      <trkpt lat="54.417694" lon="-2.941214"><ele>213.0</ele></trkpt>
      <trkpt lat="54.417534" lon="-2.942552"><ele>212.0</ele></trkpt>
      <trkpt lat="54.417560" lon="-2.944055"><ele>210.0</ele></trkpt>
      <trkpt lat="54.417618" lon="-2.944528"><ele>213.0</ele></trkpt>
      <trkpt lat="54.417475" lon="-2.945265"><ele>206.0</ele></trkpt>
      <trkpt lat="54.417514" lon="-2.945878"><ele>209.0</ele></trkpt>
      <trkpt lat="54.417440" lon="-2.946595"><ele>203.0</ele></trkpt>
      <trkpt lat="54.417681" lon="-2.947673"><ele>208.0</ele></trkpt>
      <trkpt lat="54.417684" lon="-2.948060"><ele>205.0</ele></trkpt>
      <trkpt lat="54.417575" lon="-2.948433"><ele>199.0</ele></trkpt>
      <trkpt lat="54.417571" lon="-2.949001"><ele>193.0</ele></trkpt>
      <trkpt lat="54.417637" lon="-2.949357"><ele>191.0</ele></trkpt>
      <trkpt lat="54.417925" lon="-2.950061"><ele>190.0</ele></trkpt>
      <trkpt lat="54.418052" lon="-2.950536"><ele>187.0</ele></trkpt>
      <trkpt lat="54.418043" lon="-2.950944"><ele>183.0</ele></trkpt>
      <trkpt lat="54.418219" lon="-2.951473"><ele>180.0</ele></trkpt>
      <trkpt lat="54.418706" lon="-2.952322"><ele>180.0</ele></trkpt>
      <trkpt lat="54.418760" lon="-2.952581"><ele>178.0</ele></trkpt>
      <trkpt lat="54.418677" lon="-2.952815"><ele>175.0</ele></trkpt>
      <trkpt lat="54.418707" lon="-2.953019"><ele>171.0</ele></trkpt>
      <trkpt lat="54.418918" lon="-2.953142"><ele>169.0</ele></trkpt>
      <trkpt lat="54.419056" lon="-2.953124"><ele>169.0</ele></trkpt>
      <trkpt lat="54.419104" lon="-2.953307"><ele>166.0</ele></trkpt>
      <trkpt lat="54.419283" lon="-2.953537"><ele>163.0</ele></trkpt>
      <trkpt lat="54.419307" lon="-2.953677"><ele>160.0</ele></trkpt>
      <trkpt lat="54.419150" lon="-2.953802"><ele>158.0</ele></trkpt>
      <trkpt lat="54.419392" lon="-2.954022"><ele>155.0</ele></trkpt>
      <trkpt lat="54.419193" lon="-2.954747"><ele>141.0</ele></trkpt>
      <trkpt lat="54.419714" lon="-2.955929"><ele>129.0</ele></trkpt>
      <trkpt lat="54.420504" lon="-2.957085"><ele>118.0</ele></trkpt>
      <trkpt lat="54.420777" lon="-2.957231"><ele>117.0</ele></trkpt>
      <trkpt lat="54.420944" lon="-2.957438"><ele>114.0</ele></trkpt>
      <trkpt lat="54.421740" lon="-2.957918"><ele>108.0</ele></trkpt>
      <trkpt lat="54.421931" lon="-2.958138"><ele>103.0</ele></trkpt>
      <trkpt lat="54.422306" lon="-2.958168"><ele>99.0</ele></trkpt>
      <trkpt lat="54.422871" lon="-2.957924"><ele>104.0</ele></trkpt>
      <trkpt lat="54.423158" lon="-2.958016"><ele>103.0</ele></trkpt>
      <trkpt lat="54.423412" lon="-2.958215"><ele>101.0</ele></trkpt>
      <trkpt lat="54.423787" lon="-2.958245"><ele>100.0</ele></trkpt>
      <trkpt lat="54.423967" lon="-2.959097"><ele>89.0</ele></trkpt>
      <trkpt lat="54.424121" lon="-2.959369"><ele>87.0</ele></trkpt>
      <trkpt lat="54.424192" lon="-2.959864"><ele>82.0</ele></trkpt>
      <trkpt lat="54.424369" lon="-2.960405"><ele>73.0</ele></trkpt>
      <trkpt lat="54.424598" lon="-2.960582"><ele>69.0</ele></trkpt>
      <trkpt lat="54.424884" lon="-2.960718"><ele>66.0</ele></trkpt>
      <trkpt lat="54.425141" lon="-2.960681"><ele>66.0</ele></trkpt>
      <trkpt lat="54.425395" lon="-2.960923"><ele>63.0</ele></trkpt>
      <trkpt lat="54.426139" lon="-2.960779"><ele>65.0</ele></trkpt>
      <trkpt lat="54.426494" lon="-2.960863"><ele>63.0</ele></trkpt>
      <trkpt lat="54.427614" lon="-2.961329"><ele>66.0</ele></trkpt>
      <trkpt lat="54.428375" lon="-2.961315"><ele>74.0</ele></trkpt>
      <trkpt lat="54.429363" lon="-2.961928"><ele>66.0</ele></trkpt>
      <trkpt lat="54.429735" lon="-2.962240"><ele>62.0</ele></trkpt>
      <trkpt lat="54.430290" lon="-2.962317"><ele>59.0</ele></trkpt>
      <trkpt lat="54.431090" lon="-2.962261"><ele>62.0</ele></trkpt>
      <trkpt lat="54.431550" lon="-2.962379"><ele>62.0</ele></trkpt>
      <trkpt lat="54.431785" lon="-2.962181"><ele>65.0</ele></trkpt>
      <trkpt lat="54.431900" lon="-2.961851"><ele>67.0</ele></trkpt>
      <trkpt lat="54.432061" lon="-2.961962"><ele>66.0</ele></trkpt>
      <trkpt lat="54.432307" lon="-2.962440"><ele>64.0</ele></trkpt>
      <trkpt lat="54.432582" lon="-2.963165"><ele>61.0</ele></trkpt>
      <trkpt lat="54.432937" lon="-2.963303"><ele>60.0</ele></trkpt>
      <trkpt lat="54.433542" lon="-2.963285"><ele>60.0</ele></trkpt>
      <trkpt lat="54.433873" lon="-2.963367"><ele>59.0</ele></trkpt>
      <trkpt lat="54.434175" lon="-2.963761"><ele>56.0</ele></trkpt>
      <trkpt lat="54.434436" lon="-2.964722"><ele>55.0</ele></trkpt>
      <trkpt lat="54.434821" lon="-2.966502"><ele>56.0</ele></trkpt>
      <trkpt lat="54.435465" lon="-2.967954"><ele>57.0</ele></trkpt>
      <trkpt lat="54.435603" lon="-2.968655"><ele>55.0</ele></trkpt>
      <trkpt lat="54.435824" lon="-2.969025"><ele>56.0</ele></trkpt>
      <trkpt lat="54.436793" lon="-2.969692"><ele>62.0</ele></trkpt>
      <trkpt lat="54.437340" lon="-2.969887"><ele>60.0</ele></trkpt>
      <trkpt lat="54.437758" lon="-2.969930"><ele>60.0</ele></trkpt>
      <trkpt lat="54.438168" lon="-2.970207"><ele>60.0</ele></trkpt>
      <trkpt lat="54.438408" lon="-2.969859"><ele>62.0</ele></trkpt>
      <trkpt lat="54.438689" lon="-2.969801"><ele>63.0</ele></trkpt>
      <trkpt lat="54.439112" lon="-2.969929"><ele>66.0</ele></trkpt>
      <trkpt lat="54.439757" lon="-2.970385"><ele>66.0</ele></trkpt>
      <trkpt lat="54.441586" lon="-2.969538"><ele>72.0</ele></trkpt>
      <trkpt lat="54.442447" lon="-2.969547"><ele>73.0</ele></trkpt>
      <trkpt lat="54.442845" lon="-2.969707"><ele>73.0</ele></trkpt>
      <trkpt lat="54.443739" lon="-2.970377"><ele>79.0</ele></trkpt>
      <trkpt lat="54.445232" lon="-2.971646"><ele>88.0</ele></trkpt>
      <trkpt lat="54.445572" lon="-2.972019"><ele>90.0</ele></trkpt>
      <trkpt lat="54.446019" lon="-2.973103"><ele>80.0</ele></trkpt>
      <trkpt lat="54.446626" lon="-2.973643"><ele>79.0</ele></trkpt>
      <trkpt lat="54.447253" lon="-2.974795"><ele>73.0</ele></trkpt>
      <trkpt lat="54.447405" lon="-2.975325"><ele>73.0</ele></trkpt>
      <trkpt lat="54.447683" lon="-2.975696"><ele>76.0</ele></trkpt>
      <trkpt lat="54.448322" lon="-2.976066"><ele>82.0</ele></trkpt>
      <trkpt lat="54.448506" lon="-2.976467"><ele>82.0</ele></trkpt>
      <trkpt lat="54.448553" lon="-2.976897"><ele>81.0</ele></trkpt>
      <trkpt lat="54.448439" lon="-2.977817"><ele>80.0</ele></trkpt>
      <trkpt lat="54.448336" lon="-2.978287"><ele>81.0</ele></trkpt>
      <trkpt lat="54.448508" lon="-2.977787"><ele>80.0</ele></trkpt>
      <trkpt lat="54.448938" lon="-2.978613"><ele>86.0</ele></trkpt>
      <trkpt lat="54.448924" lon="-2.978859"><ele>85.0</ele></trkpt>
      <trkpt lat="54.448709" lon="-2.979101"><ele>84.0</ele></trkpt>
      <trkpt lat="54.448788" lon="-2.979446"><ele>84.0</ele></trkpt>
      <trkpt lat="54.448881" lon="-2.979523"><ele>86.0</ele></trkpt>
      <trkpt lat="54.448749" lon="-2.980336"><ele>89.0</ele></trkpt>
      <trkpt lat="54.449028" lon="-2.980589"><ele>97.0</ele></trkpt>
      <trkpt lat="54.449763" lon="-2.980800"><ele>107.0</ele></trkpt>
      <trkpt lat="54.449595" lon="-2.981397"><ele>108.0</ele></trkpt>
      <trkpt lat="54.449386" lon="-2.981842"><ele>106.0</ele></trkpt>
      <trkpt lat="54.449238" lon="-2.981667"><ele>102.0</ele></trkpt>
      <trkpt lat="54.449044" lon="-2.981716"><ele>99.0</ele></trkpt>
      <trkpt lat="54.448799" lon="-2.982644"><ele>98.0</ele></trkpt>
      <trkpt lat="54.448578" lon="-2.983722"><ele>104.0</ele></trkpt>
      <trkpt lat="54.448874" lon="-2.984385"><ele>110.0</ele></trkpt>
      <trkpt lat="54.448894" lon="-2.985991"><ele>98.0</ele></trkpt>
      <trkpt lat="54.448991" lon="-2.987208"><ele>93.0</ele></trkpt>
      <trkpt lat="54.449471" lon="-2.988022"><ele>102.0</ele></trkpt>
      <trkpt lat="54.450263" lon="-2.989783"><ele>119.0</ele></trkpt>
      <trkpt lat="54.450345" lon="-2.990358"><ele>121.0</ele></trkpt>
      <trkpt lat="54.450167" lon="-2.991752"><ele>115.0</ele></trkpt>
      <trkpt lat="54.450170" lon="-2.992211"><ele>116.0</ele></trkpt>
      <trkpt lat="54.450541" lon="-2.993274"><ele>128.0</ele></trkpt>
      <trkpt lat="54.450734" lon="-2.994150"><ele>129.0</ele></trkpt>
      <trkpt lat="54.450863" lon="-2.995449"><ele>130.0</ele></trkpt>
      <trkpt lat="54.451011" lon="-2.996095"><ele>139.0</ele></trkpt>
      <trkpt lat="54.451056" lon="-2.997150"><ele>137.0</ele></trkpt>
      <trkpt lat="54.451267" lon="-2.998233"><ele>137.0</ele></trkpt>
      <trkpt lat="54.451224" lon="-2.999366"><ele>129.0</ele></trkpt>
      <trkpt lat="54.451321" lon="-2.999724"><ele>134.0</ele></trkpt>
      <trkpt lat="54.451309" lon="-3.000423"><ele>132.0</ele></trkpt>
      <trkpt lat="54.451636" lon="-3.001187"><ele>134.0</ele></trkpt>
      <trkpt lat="54.451952" lon="-3.001562"><ele>139.0</ele></trkpt>
      <trkpt lat="54.452082" lon="-3.001989"><ele>136.0</ele></trkpt>
      <trkpt lat="54.452171" lon="-3.002565"><ele>127.0</ele></trkpt>
      <trkpt lat="54.452308" lon="-3.002889"><ele>127.0</ele></trkpt>
      <trkpt lat="54.452508" lon="-3.003650"><ele>126.0</ele></trkpt>
      <trkpt lat="54.452837" lon="-3.004142"><ele>124.0</ele></trkpt>
      <trkpt lat="54.453112" lon="-3.004756"><ele>123.0</ele></trkpt>
      <trkpt lat="54.453271" lon="-3.004921"><ele>125.0</ele></trkpt>
      <trkpt lat="54.453310" lon="-3.005758"><ele>123.0</ele></trkpt>
      <trkpt lat="54.453213" lon="-3.006249"><ele>123.0</ele></trkpt>
      <trkpt lat="54.452915" lon="-3.006780"><ele>124.0</ele></trkpt>
      <trkpt lat="54.452840" lon="-3.007019"><ele>127.0</ele></trkpt>
      <trkpt lat="54.452639" lon="-3.007186"><ele>125.0</ele></trkpt>
      <trkpt lat="54.452470" lon="-3.007434"><ele>122.0</ele></trkpt>
      <trkpt lat="54.452276" lon="-3.008323"><ele>120.0</ele></trkpt>
      <trkpt lat="54.452311" lon="-3.010582"><ele>129.0</ele></trkpt>
      <trkpt lat="54.452473" lon="-3.011870"><ele>119.0</ele></trkpt>
      <trkpt lat="54.452365" lon="-3.012062"><ele>117.0</ele></trkpt>
      <trkpt lat="54.452272" lon="-3.012851"><ele>106.0</ele></trkpt>
      <trkpt lat="54.452273" lon="-3.013481"><ele>99.0</ele></trkpt>
      <trkpt lat="54.452390" lon="-3.013874"><ele>95.0</ele></trkpt>
      <trkpt lat="54.452984" lon="-3.014519"><ele>95.0</ele></trkpt>
      <trkpt lat="54.453175" lon="-3.014810"><ele>93.0</ele></trkpt>
      <trkpt lat="54.453402" lon="-3.015572"><ele>83.0</ele></trkpt>
      <trkpt lat="54.453586" lon="-3.015829"><ele>79.0</ele></trkpt>
      <trkpt lat="54.454222" lon="-3.016280"><ele>76.0</ele></trkpt>
      <trkpt lat="54.454453" lon="-3.016618"><ele>73.0</ele></trkpt>
      <trkpt lat="54.454909" lon="-3.017088"><ele>72.0</ele></trkpt>
      <trkpt lat="54.455125" lon="-3.017506"><ele>71.0</ele></trkpt>
      <trkpt lat="54.455806" lon="-3.019666"><ele>66.0</ele></trkpt>
      <trkpt lat="54.456140" lon="-3.020385"><ele>67.0</ele></trkpt>
      <trkpt lat="54.457014" lon="-3.021874"><ele>69.0</ele></trkpt>
      <trkpt lat="54.457163" lon="-3.022313"><ele>70.0</ele></trkpt>
      <trkpt lat="54.457109" lon="-3.023183"><ele>70.0</ele></trkpt>
      <trkpt lat="54.457258" lon="-3.023714"><ele>70.0</ele></trkpt>
      <trkpt lat="54.457596" lon="-3.023218"><ele>72.0</ele></trkpt>
      <trkpt lat="54.457789" lon="-3.023212"><ele>73.0</ele></trkpt>
      <trkpt lat="54.457984" lon="-3.023755"><ele>72.0</ele></trkpt>
      <trkpt lat="54.458350" lon="-3.023833"><ele>72.0</ele></trkpt>
      <trkpt lat="54.459204" lon="-3.023694"><ele>72.0</ele></trkpt>
      <trkpt lat="54.459740" lon="-3.024300"><ele>73.0</ele></trkpt>
      <trkpt lat="54.459000" lon="-3.025500"><ele>73.0</ele></trkpt>
      <trkpt lat="54.458740" lon="-3.025820"><ele>72.0</ele></trkpt>
      <trkpt lat="54.458504" lon="-3.025949"><ele>72.0</ele></trkpt>
      <trkpt lat="54.457658" lon="-3.025770"><ele>70.0</ele></trkpt>
      <trkpt lat="54.457008" lon="-3.027619"><ele>68.0</ele></trkpt>
      <trkpt lat="54.456733" lon="-3.028610"><ele>67.0</ele></trkpt>
      <trkpt lat="54.456442" lon="-3.028655"><ele>67.0</ele></trkpt>
      <trkpt lat="54.455696" lon="-3.029228"><ele>68.0</ele></trkpt>
      <trkpt lat="54.455387" lon="-3.029575"><ele>72.0</ele></trkpt>
      <trkpt lat="54.455085" lon="-3.030106"><ele>74.0</ele></trkpt>
      <trkpt lat="54.454967" lon="-3.030444"><ele>75.0</ele></trkpt>
      <trkpt lat="54.454426" lon="-3.031245"><ele>76.0</ele></trkpt>
      <trkpt lat="54.453723" lon="-3.031280"><ele>75.0</ele></trkpt>
      <trkpt lat="54.453201" lon="-3.031595"><ele>77.0</ele></trkpt>
      <trkpt lat="54.452950" lon="-3.031444"><ele>74.0</ele></trkpt>
      <trkpt lat="54.452263" lon="-3.031466"><ele>72.0</ele></trkpt>
      <trkpt lat="54.451730" lon="-3.031230"><ele>70.0</ele></trkpt>
      <trkpt lat="54.451544" lon="-3.031540"><ele>73.0</ele></trkpt>
      <trkpt lat="54.451360" lon="-3.031706"><ele>76.0</ele></trkpt>
      <trkpt lat="54.450916" lon="-3.031827"><ele>83.0</ele></trkpt>
      <trkpt lat="54.450542" lon="-3.031791"><ele>88.0</ele></trkpt>
      <trkpt lat="54.450306" lon="-3.031640"><ele>91.0</ele></trkpt>
      <trkpt lat="54.450155" lon="-3.031440"><ele>94.0</ele></trkpt>
      <trkpt lat="54.450047" lon="-3.031594"><ele>99.0</ele></trkpt>
      <trkpt lat="54.450296" lon="-3.031969"><ele>96.0</ele></trkpt>
      <trkpt lat="54.450284" lon="-3.032415"><ele>103.0</ele></trkpt>
      <trkpt lat="54.450116" lon="-3.033101"><ele>122.0</ele></trkpt>
      <trkpt lat="54.449916" lon="-3.033085"><ele>129.0</ele></trkpt>
      <trkpt lat="54.449707" lon="-3.033434"><ele>142.0</ele></trkpt>
      <trkpt lat="54.449655" lon="-3.033755"><ele>147.0</ele></trkpt>
      <trkpt lat="54.449002" lon="-3.034897"><ele>177.0</ele></trkpt>
      <trkpt lat="54.448701" lon="-3.035157"><ele>182.0</ele></trkpt>
      <trkpt lat="54.448451" lon="-3.035173"><ele>185.0</ele></trkpt>
      <trkpt lat="54.447806" lon="-3.035446"><ele>197.0</ele></trkpt>
      <trkpt lat="54.447397" lon="-3.035865"><ele>208.0</ele></trkpt>
      <trkpt lat="54.447225" lon="-3.036247"><ele>217.0</ele></trkpt>
      <trkpt lat="54.447058" lon="-3.036811"><ele>223.0</ele></trkpt>
      <trkpt lat="54.446660" lon="-3.037391"><ele>222.0</ele></trkpt>
      <trkpt lat="54.446538" lon="-3.037077"><ele>220.0</ele></trkpt>
      <trkpt lat="54.446439" lon="-3.036978"><ele>220.0</ele></trkpt>
      <trkpt lat="54.445776" lon="-3.037240"><ele>234.0</ele></trkpt>
      <trkpt lat="54.445527" lon="-3.037116"><ele>236.0</ele></trkpt>
      <trkpt lat="54.445258" lon="-3.037206"><ele>241.0</ele></trkpt>
      <trkpt lat="54.445035" lon="-3.037007"><ele>245.0</ele></trkpt>
      <trkpt lat="54.444742" lon="-3.036989"><ele>248.0</ele></trkpt>
      <trkpt lat="54.444029" lon="-3.037163"><ele>255.0</ele></trkpt>
      <trkpt lat="54.443580" lon="-3.037184"><ele>260.0</ele></trkpt>
      <trkpt lat="54.442578" lon="-3.037631"><ele>252.0</ele></trkpt>
      <trkpt lat="54.442449" lon="-3.037349"><ele>250.0</ele></trkpt>
      <trkpt lat="54.442174" lon="-3.037374"><ele>238.0</ele></trkpt>
      <trkpt lat="54.441925" lon="-3.038011"><ele>220.0</ele></trkpt>
      <trkpt lat="54.441710" lon="-3.038371"><ele>207.0</ele></trkpt>
      <trkpt lat="54.441112" lon="-3.038978"><ele>168.0</ele></trkpt>
      <trkpt lat="54.441274" lon="-3.039722"><ele>160.0</ele></trkpt>
      <trkpt lat="54.441409" lon="-3.040048"><ele>156.0</ele></trkpt>
      <trkpt lat="54.441613" lon="-3.040300"><ele>158.0</ele></trkpt>
      <trkpt lat="54.441734" lon="-3.040732"><ele>156.0</ele></trkpt>
      <trkpt lat="54.441858" lon="-3.041486"><ele>154.0</ele></trkpt>
      <trkpt lat="54.441841" lon="-3.042076"><ele>148.0</ele></trkpt>
      <trkpt lat="54.441539" lon="-3.043023"><ele>125.0</ele></trkpt>
      <trkpt lat="54.441554" lon="-3.043485"><ele>125.0</ele></trkpt>
      <trkpt lat="54.441283" lon="-3.043811"><ele>117.0</ele></trkpt>
      <trkpt lat="54.440996" lon="-3.044501"><ele>111.0</ele></trkpt>
      <trkpt lat="54.440881" lon="-3.045571"><ele>109.0</ele></trkpt>
      <trkpt lat="54.440261" lon="-3.048023"><ele>101.0</ele></trkpt>
      <trkpt lat="54.439940" lon="-3.048240"><ele>93.0</ele></trkpt>
      <trkpt lat="54.439475" lon="-3.047960"><ele>88.0</ele></trkpt>
      <trkpt lat="54.438964" lon="-3.047829"><ele>88.0</ele></trkpt>
      <trkpt lat="54.438582" lon="-3.047272"><ele>89.0</ele></trkpt>
      <trkpt lat="54.438020" lon="-3.046678"><ele>83.0</ele></trkpt>
      <trkpt lat="54.438014" lon="-3.045895"><ele>78.0</ele></trkpt>
      <trkpt lat="54.437777" lon="-3.045878"><ele>80.0</ele></trkpt>
      <trkpt lat="54.437532" lon="-3.045335"><ele>80.0</ele></trkpt>
      <trkpt lat="54.437421" lon="-3.044506"><ele>79.0</ele></trkpt>
      <trkpt lat="54.437069" lon="-3.043349"><ele>81.0</ele></trkpt>
      <trkpt lat="54.436755" lon="-3.042869"><ele>80.0</ele></trkpt>
      <trkpt lat="54.435745" lon="-3.042006"><ele>83.0</ele></trkpt>
      <trkpt lat="54.435524" lon="-3.041507"><ele>81.0</ele></trkpt>
      <trkpt lat="54.434945" lon="-3.040655"><ele>79.0</ele></trkpt>
      <trkpt lat="54.434617" lon="-3.040314"><ele>78.0</ele></trkpt>
      <trkpt lat="54.434282" lon="-3.040166"><ele>77.0</ele></trkpt>
      <trkpt lat="54.434078" lon="-3.039935"><ele>75.0</ele></trkpt>
      <trkpt lat="54.434019" lon="-3.039483"><ele>74.0</ele></trkpt>
      <trkpt lat="54.434022" lon="-3.039097"><ele>72.0</ele></trkpt>
      <trkpt lat="54.433864" lon="-3.038685"><ele>69.0</ele></trkpt>
      <trkpt lat="54.433618" lon="-3.038271"><ele>67.0</ele></trkpt>
      <trkpt lat="54.433840" lon="-3.037869"><ele>63.0</ele></trkpt>
      <trkpt lat="54.434229" lon="-3.037525"><ele>68.0</ele></trkpt>
      <trkpt lat="54.433827" lon="-3.037858"><ele>63.0</ele></trkpt>
      <trkpt lat="54.433611" lon="-3.038271"><ele>67.0</ele></trkpt>
      <trkpt lat="54.432921" lon="-3.038007"><ele>69.0</ele></trkpt>
      <trkpt lat="54.432721" lon="-3.038023"><ele>70.0</ele></trkpt>
      <trkpt lat="54.432376" lon="-3.038186"><ele>73.0</ele></trkpt>
      <trkpt lat="54.432009" lon="-3.038102"><ele>74.0</ele></trkpt>
      <trkpt lat="54.431609" lon="-3.038177"><ele>76.0</ele></trkpt>
      <trkpt lat="54.430953" lon="-3.038976"><ele>81.0</ele></trkpt>
      <trkpt lat="54.430925" lon="-3.039276"><ele>84.0</ele></trkpt>
      <trkpt lat="54.430797" lon="-3.039680"><ele>87.0</ele></trkpt>
      <trkpt lat="54.430485" lon="-3.041164"><ele>103.0</ele></trkpt>
      <trkpt lat="54.430242" lon="-3.041608"><ele>111.0</ele></trkpt>
      <trkpt lat="54.430153" lon="-3.041874"><ele>115.0</ele></trkpt>
      <trkpt lat="54.429413" lon="-3.042918"><ele>130.0</ele></trkpt>
      <trkpt lat="54.429254" lon="-3.043300"><ele>131.0</ele></trkpt>
      <trkpt lat="54.429157" lon="-3.043652"><ele>131.0</ele></trkpt>
      <trkpt lat="54.429160" lon="-3.044038"><ele>133.0</ele></trkpt>
      <trkpt lat="54.429287" lon="-3.044492"><ele>139.0</ele></trkpt>
      <trkpt lat="54.429297" lon="-3.044846"><ele>143.0</ele></trkpt>
      <trkpt lat="54.429157" lon="-3.045186"><ele>144.0</ele></trkpt>
      <trkpt lat="54.428658" lon="-3.045828"><ele>141.0</ele></trkpt>
      <trkpt lat="54.427828" lon="-3.047985"><ele>167.0</ele></trkpt>
      <trkpt lat="54.427424" lon="-3.048554"><ele>173.0</ele></trkpt>
      <trkpt lat="54.427071" lon="-3.048845"><ele>173.0</ele></trkpt>
      <trkpt lat="54.426638" lon="-3.049821"><ele>173.0</ele></trkpt>
      <trkpt lat="54.425520" lon="-3.049975"><ele>168.0</ele></trkpt>
      <trkpt lat="54.424860" lon="-3.049722"><ele>163.0</ele></trkpt>
      <trkpt lat="54.424465" lon="-3.049283"><ele>161.0</ele></trkpt>
      <trkpt lat="54.424302" lon="-3.049278"><ele>160.0</ele></trkpt>
      <trkpt lat="54.424063" lon="-3.049487"><ele>159.0</ele></trkpt>
      <trkpt lat="54.423865" lon="-3.049986"><ele>155.0</ele></trkpt>
      <trkpt lat="54.423549" lon="-3.050439"><ele>151.0</ele></trkpt>
      <trkpt lat="54.422932" lon="-3.051078"><ele>144.0</ele></trkpt>
      <trkpt lat="54.422502" lon="-3.051711"><ele>137.0</ele></trkpt>
      <trkpt lat="54.422336" lon="-3.052136"><ele>132.0</ele></trkpt>
      <trkpt lat="54.422102" lon="-3.052430"><ele>127.0</ele></trkpt>
      <trkpt lat="54.421268" lon="-3.052248"><ele>120.0</ele></trkpt>
      <trkpt lat="54.421373" lon="-3.054482"><ele>121.0</ele></trkpt>
      <trkpt lat="54.421320" lon="-3.054846"><ele>122.0</ele></trkpt>
      <trkpt lat="54.421304" lon="-3.055897"><ele>126.0</ele></trkpt>
      <trkpt lat="54.420661" lon="-3.055966"><ele>119.0</ele></trkpt>
      <trkpt lat="54.420288" lon="-3.056482"><ele>121.0</ele></trkpt>
      <trkpt lat="54.420019" lon="-3.056507"><ele>118.0</ele></trkpt>
      <trkpt lat="54.419680" lon="-3.056788"><ele>116.0</ele></trkpt>
      <trkpt lat="54.419757" lon="-3.057177"><ele>123.0</ele></trkpt>
      <trkpt lat="54.419511" lon="-3.057503"><ele>124.0</ele></trkpt>
      <trkpt lat="54.419317" lon="-3.058238"><ele>129.0</ele></trkpt>
      <trkpt lat="54.418953" lon="-3.059248"><ele>129.0</ele></trkpt>
      <trkpt lat="54.418629" lon="-3.059884"><ele>120.0</ele></trkpt>
      <trkpt lat="54.418296" lon="-3.060798"><ele>113.0</ele></trkpt>
      <trkpt lat="54.418267" lon="-3.061301"><ele>110.0</ele></trkpt>
      <trkpt lat="54.418183" lon="-3.061610"><ele>108.0</ele></trkpt>
      <trkpt lat="54.417727" lon="-3.061599"><ele>105.0</ele></trkpt>
      <trkpt lat="54.417241" lon="-3.062198"><ele>110.0</ele></trkpt>
      <trkpt lat="54.417184" lon="-3.061595"><ele>113.0</ele></trkpt>
      <trkpt lat="54.417390" lon="-3.060882"><ele>110.0</ele></trkpt>
      <trkpt lat="54.417406" lon="-3.060485"><ele>110.0</ele></trkpt>
      <trkpt lat="54.417180" lon="-3.059192"><ele>115.0</ele></trkpt>
      <trkpt lat="54.416933" lon="-3.058166"><ele>125.0</ele></trkpt>
      <trkpt lat="54.416424" lon="-3.058539"><ele>146.0</ele></trkpt>
      <trkpt lat="54.416939" lon="-3.058166"><ele>124.0</ele></trkpt>
      <trkpt lat="54.416985" lon="-3.057244"><ele>119.0</ele></trkpt>
      <trkpt lat="54.417087" lon="-3.056957"><ele>114.0</ele></trkpt>
      <trkpt lat="54.417011" lon="-3.056397"><ele>113.0</ele></trkpt>
      <trkpt lat="54.416859" lon="-3.055964"><ele>113.0</ele></trkpt>
      <trkpt lat="54.416699" lon="-3.055713"><ele>113.0</ele></trkpt>
      <trkpt lat="54.416124" lon="-3.055688"><ele>119.0</ele></trkpt>
      <trkpt lat="54.415776" lon="-3.055571"><ele>116.0</ele></trkpt>
      <trkpt lat="54.415553" lon="-3.055330"><ele>113.0</ele></trkpt>
      <trkpt lat="54.415525" lon="-3.054943"><ele>112.0</ele></trkpt>
      <trkpt lat="54.415616" lon="-3.054548"><ele>112.0</ele></trkpt>
      <trkpt lat="54.415625" lon="-3.054269"><ele>111.0</ele></trkpt>
      <trkpt lat="54.415527" lon="-3.053966"><ele>110.0</ele></trkpt>
      <trkpt lat="54.415562" lon="-3.053559"><ele>113.0</ele></trkpt>
      <trkpt lat="54.415754" lon="-3.053092"><ele>115.0</ele></trkpt>
      <trkpt lat="54.416401" lon="-3.051939"><ele>121.0</ele></trkpt>
      <trkpt lat="54.416460" lon="-3.051544"><ele>125.0</ele></trkpt>
      <trkpt lat="54.416226" lon="-3.051184"><ele>130.0</ele></trkpt>
      <trkpt lat="54.415323" lon="-3.051686"><ele>143.0</ele></trkpt>
      <trkpt lat="54.415127" lon="-3.051917"><ele>144.0</ele></trkpt>
      <trkpt lat="54.415037" lon="-3.052280"><ele>140.0</ele></trkpt>
      <trkpt lat="54.414855" lon="-3.052350"><ele>144.0</ele></trkpt>
      <trkpt lat="54.414722" lon="-3.052497"><ele>144.0</ele></trkpt>
      <trkpt lat="54.414503" lon="-3.052609"><ele>146.0</ele></trkpt>
      <trkpt lat="54.413997" lon="-3.052607"><ele>154.0</ele></trkpt>
      <trkpt lat="54.413434" lon="-3.052786"><ele>156.0</ele></trkpt>
      <trkpt lat="54.413115" lon="-3.052767"><ele>153.0</ele></trkpt>
      <trkpt lat="54.412792" lon="-3.052565"><ele>151.0</ele></trkpt>
      <trkpt lat="54.411638" lon="-3.052525"><ele>144.0</ele></trkpt>
      <trkpt lat="54.411194" lon="-3.051794"><ele>150.0</ele></trkpt>
      <trkpt lat="54.410805" lon="-3.051387"><ele>157.0</ele></trkpt>
      <trkpt lat="54.409509" lon="-3.051751"><ele>158.0</ele></trkpt>
      <trkpt lat="54.408274" lon="-3.052299"><ele>167.0</ele></trkpt>
      <trkpt lat="54.407691" lon="-3.051812"><ele>165.0</ele></trkpt>
      <trkpt lat="54.406966" lon="-3.052566"><ele>161.0</ele></trkpt>
      <trkpt lat="54.406401" lon="-3.053635"><ele>164.0</ele></trkpt>
      <trkpt lat="54.406966" lon="-3.052576"><ele>161.0</ele></trkpt>
      <trkpt lat="54.407313" lon="-3.052188"><ele>156.0</ele></trkpt>
      <trkpt lat="54.407685" lon="-3.051822"><ele>165.0</ele></trkpt>
      <trkpt lat="54.407908" lon="-3.052000"><ele>167.0</ele></trkpt>
      <trkpt lat="54.407858" lon="-3.052739"><ele>161.0</ele></trkpt>
      <trkpt lat="54.407606" lon="-3.053000"><ele>157.0</ele></trkpt>
      <trkpt lat="54.407628" lon="-3.053301"><ele>157.0</ele></trkpt>
      <trkpt lat="54.407552" lon="-3.054104"><ele>153.0</ele></trkpt>
      <trkpt lat="54.407667" lon="-3.054526"><ele>153.0</ele></trkpt>
      <trkpt lat="54.407700" lon="-3.055009"><ele>154.0</ele></trkpt>
      <trkpt lat="54.407617" lon="-3.055318"><ele>154.0</ele></trkpt>
      <trkpt lat="54.407391" lon="-3.055431"><ele>155.0</ele></trkpt>
      <trkpt lat="54.407202" lon="-3.055630"><ele>155.0</ele></trkpt>
      <trkpt lat="54.407186" lon="-3.056005"><ele>152.0</ele></trkpt>
      <trkpt lat="54.407357" lon="-3.056428"><ele>148.0</ele></trkpt>
      <trkpt lat="54.407561" lon="-3.057452"><ele>142.0</ele></trkpt>
      <trkpt lat="54.407765" lon="-3.057651"><ele>140.0</ele></trkpt>
      <trkpt lat="54.407999" lon="-3.058011"><ele>135.0</ele></trkpt>
      <trkpt lat="54.408377" lon="-3.058375"><ele>132.0</ele></trkpt>
      <trkpt lat="54.408645" lon="-3.059154"><ele>128.0</ele></trkpt>
      <trkpt lat="54.408997" lon="-3.059582"><ele>131.0</ele></trkpt>
      <trkpt lat="54.409046" lon="-3.059712"><ele>132.0</ele></trkpt>
      <trkpt lat="54.409182" lon="-3.059801"><ele>132.0</ele></trkpt>
      <trkpt lat="54.409015" lon="-3.060376"><ele>138.0</ele></trkpt>
      <trkpt lat="54.409110" lon="-3.060905"><ele>145.0</ele></trkpt>
      <trkpt lat="54.408763" lon="-3.061368"><ele>148.0</ele></trkpt>
      <trkpt lat="54.408492" lon="-3.061597"><ele>151.0</ele></trkpt>
      <trkpt lat="54.407893" lon="-3.061560"><ele>150.0</ele></trkpt>
      <trkpt lat="54.407622" lon="-3.061864"><ele>152.0</ele></trkpt>
      <trkpt lat="54.406307" lon="-3.062227"><ele>152.0</ele></trkpt>
      <trkpt lat="54.406026" lon="-3.062220"><ele>151.0</ele></trkpt>
      <trkpt lat="54.405751" lon="-3.062309"><ele>151.0</ele></trkpt>
      <trkpt lat="54.405132" lon="-3.063033"><ele>154.0</ele></trkpt>
      <trkpt lat="54.404781" lon="-3.063947"><ele>161.0</ele></trkpt>
      <trkpt lat="54.404490" lon="-3.064358"><ele>166.0</ele></trkpt>
      <trkpt lat="54.404149" lon="-3.064778"><ele>168.0</ele></trkpt>
      <trkpt lat="54.403849" lon="-3.064813"><ele>165.0</ele></trkpt>
      <trkpt lat="54.403540" lon="-3.065095"><ele>164.0</ele></trkpt>
      <trkpt lat="54.403405" lon="-3.065510"><ele>163.0</ele></trkpt>
      <trkpt lat="54.403372" lon="-3.065799"><ele>161.0</ele></trkpt>
      <trkpt lat="54.403412" lon="-3.066926"><ele>156.0</ele></trkpt>
      <trkpt lat="54.402938" lon="-3.068170"><ele>154.0</ele></trkpt>
      <trkpt lat="54.402736" lon="-3.068475"><ele>153.0</ele></trkpt>
      <trkpt lat="54.402493" lon="-3.069156"><ele>156.0</ele></trkpt>
      <trkpt lat="54.401353" lon="-3.070886"><ele>163.0</ele></trkpt>
      <trkpt lat="54.401082" lon="-3.071147"><ele>163.0</ele></trkpt>
      <trkpt lat="54.400731" lon="-3.071363"><ele>163.0</ele></trkpt>
      <trkpt lat="54.400538" lon="-3.071262"><ele>160.0</ele></trkpt>
      <trkpt lat="54.400312" lon="-3.070612"><ele>156.0</ele></trkpt>
      <trkpt lat="54.399702" lon="-3.069748"><ele>154.0</ele></trkpt>
      <trkpt lat="54.399405" lon="-3.070127"><ele>162.0</ele></trkpt>
      <trkpt lat="54.398871" lon="-3.071186"><ele>183.0</ele></trkpt>
      <trkpt lat="54.398606" lon="-3.071501"><ele>194.0</ele></trkpt>
      <trkpt lat="54.398350" lon="-3.072148"><ele>199.0</ele></trkpt>
      <trkpt lat="54.397231" lon="-3.072945"><ele>225.0</ele></trkpt>
      <trkpt lat="54.396943" lon="-3.073056"><ele>236.0</ele></trkpt>
      <trkpt lat="54.396015" lon="-3.074856"><ele>279.0</ele></trkpt>
      <trkpt lat="54.395829" lon="-3.075387"><ele>285.0</ele></trkpt>
      <trkpt lat="54.395778" lon="-3.076234"><ele>289.0</ele></trkpt>
      <trkpt lat="54.395843" lon="-3.076589"><ele>290.0</ele></trkpt>
      <trkpt lat="54.396016" lon="-3.076862"><ele>288.0</ele></trkpt>
      <trkpt lat="54.396181" lon="-3.077274"><ele>289.0</ele></trkpt>
      <trkpt lat="54.396258" lon="-3.077705"><ele>293.0</ele></trkpt>
      <trkpt lat="54.396714" lon="-3.079069"><ele>295.0</ele></trkpt>
      <trkpt lat="54.396804" lon="-3.079512"><ele>297.0</ele></trkpt>
      <trkpt lat="54.396563" lon="-3.079977"><ele>299.0</ele></trkpt>
      <trkpt lat="54.396185" lon="-3.080322"><ele>304.0</ele></trkpt>
      <trkpt lat="54.395810" lon="-3.080301"><ele>306.0</ele></trkpt>
      <trkpt lat="54.394025" lon="-3.078784"><ele>316.0</ele></trkpt>
      <trkpt lat="54.393701" lon="-3.078657"><ele>316.0</ele></trkpt>
      <trkpt lat="54.393112" lon="-3.078169"><ele>317.0</ele></trkpt>
      <trkpt lat="54.392787" lon="-3.078161"><ele>318.0</ele></trkpt>
      <trkpt lat="54.392191" lon="-3.078456"><ele>324.0</ele></trkpt>
      <trkpt lat="54.391895" lon="-3.078706"><ele>321.0</ele></trkpt>
      <trkpt lat="54.391395" lon="-3.078768"><ele>319.0</ele></trkpt>
      <trkpt lat="54.390885" lon="-3.079119"><ele>320.0</ele></trkpt>
      <trkpt lat="54.390657" lon="-3.078813"><ele>323.0</ele></trkpt>
      <trkpt lat="54.390199" lon="-3.079691"><ele>323.0</ele></trkpt>
      <trkpt lat="54.389902" lon="-3.080048"><ele>326.0</ele></trkpt>
      <trkpt lat="54.389356" lon="-3.080367"><ele>331.0</ele></trkpt>
      <trkpt lat="54.388818" lon="-3.081168"><ele>340.0</ele></trkpt>
      <trkpt lat="54.387846" lon="-3.082945"><ele>358.0</ele></trkpt>
      <trkpt lat="54.387203" lon="-3.083566"><ele>378.0</ele></trkpt>
      <trkpt lat="54.386961" lon="-3.084118"><ele>382.0</ele></trkpt>
      <trkpt lat="54.386532" lon="-3.084546"><ele>390.0</ele></trkpt>
      <trkpt lat="54.386240" lon="-3.085107"><ele>399.0</ele></trkpt>
      <trkpt lat="54.385822" lon="-3.085665"><ele>408.0</ele></trkpt>
      <trkpt lat="54.383973" lon="-3.087687"><ele>412.0</ele></trkpt>
      <trkpt lat="54.383682" lon="-3.088129"><ele>413.0</ele></trkpt>
      <trkpt lat="54.383322" lon="-3.088495"><ele>412.0</ele></trkpt>
      <trkpt lat="54.382910" lon="-3.089171"><ele>410.0</ele></trkpt>
      <trkpt lat="54.382431" lon="-3.089620"><ele>402.0</ele></trkpt>
      <trkpt lat="54.381997" lon="-3.089909"><ele>391.0</ele></trkpt>
      <trkpt lat="54.381783" lon="-3.090182"><ele>381.0</ele></trkpt>
      <trkpt lat="54.380718" lon="-3.090401"><ele>345.0</ele></trkpt>
      <trkpt lat="54.380582" lon="-3.090311"><ele>341.0</ele></trkpt>
      <trkpt lat="54.380399" lon="-3.090467"><ele>330.0</ele></trkpt>
      <trkpt lat="54.380120" lon="-3.090245"><ele>320.0</ele></trkpt>
      <trkpt lat="54.379959" lon="-3.090026"><ele>317.0</ele></trkpt>
      <trkpt lat="54.379661" lon="-3.089868"><ele>306.0</ele></trkpt>
      <trkpt lat="54.379308" lon="-3.089526"><ele>297.0</ele></trkpt>
      <trkpt lat="54.378587" lon="-3.089013"><ele>276.0</ele></trkpt>
      <trkpt lat="54.377790" lon="-3.088724"><ele>256.0</ele></trkpt>
      <trkpt lat="54.377327" lon="-3.088755"><ele>243.0</ele></trkpt>
      <trkpt lat="54.376847" lon="-3.089278"><ele>225.0</ele></trkpt>
      <trkpt lat="54.376640" lon="-3.089423"><ele>219.0</ele></trkpt>
      <trkpt lat="54.376895" lon="-3.089526"><ele>219.0</ele></trkpt>
      <trkpt lat="54.377050" lon="-3.089702"><ele>217.0</ele></trkpt>
      <trkpt lat="54.377066" lon="-3.089949"><ele>213.0</ele></trkpt>
      <trkpt lat="54.376840" lon="-3.090147"><ele>205.0</ele></trkpt>
      <trkpt lat="54.376413" lon="-3.090308"><ele>198.0</ele></trkpt>
      <trkpt lat="54.375223" lon="-3.089933"><ele>184.0</ele></trkpt>
      <trkpt lat="54.374881" lon="-3.089677"><ele>179.0</ele></trkpt>
      <trkpt lat="54.374622" lon="-3.089316"><ele>179.0</ele></trkpt>
      <trkpt lat="54.374043" lon="-3.089086"><ele>169.0</ele></trkpt>
      <trkpt lat="54.373503" lon="-3.088653"><ele>162.0</ele></trkpt>
      <trkpt lat="54.373176" lon="-3.088236"><ele>156.0</ele></trkpt>
      <trkpt lat="54.372784" lon="-3.087346"><ele>147.0</ele></trkpt>
      <trkpt lat="54.372615" lon="-3.086708"><ele>145.0</ele></trkpt>
      <trkpt lat="54.372271" lon="-3.084596"><ele>138.0</ele></trkpt>
      <trkpt lat="54.372328" lon="-3.083771"><ele>129.0</ele></trkpt>
      <trkpt lat="54.372608" lon="-3.081826"><ele>123.0</ele></trkpt>
      <trkpt lat="54.372240" lon="-3.080368"><ele>105.0</ele></trkpt>
      <trkpt lat="54.372188" lon="-3.079915"><ele>102.0</ele></trkpt>
      <trkpt lat="54.372401" lon="-3.079181"><ele>100.0</ele></trkpt>
      <trkpt lat="54.372392" lon="-3.078773"><ele>96.0</ele></trkpt>
      <trkpt lat="54.372190" lon="-3.078360"><ele>92.0</ele></trkpt>
      <trkpt lat="54.371910" lon="-3.078191"><ele>85.0</ele></trkpt>
      <trkpt lat="54.371379" lon="-3.078177"><ele>76.0</ele></trkpt>
      <trkpt lat="54.371067" lon="-3.078094"><ele>71.0</ele></trkpt>
      <trkpt lat="54.370801" lon="-3.077733"><ele>67.0</ele></trkpt>
      <trkpt lat="54.370649" lon="-3.077267"><ele>65.0</ele></trkpt>
      <trkpt lat="54.370465" lon="-3.076887"><ele>64.0</ele></trkpt>
      <trkpt lat="54.370101" lon="-3.076309"><ele>62.0</ele></trkpt>
      <trkpt lat="54.369807" lon="-3.076419"><ele>61.0</ele></trkpt>
      <trkpt lat="54.369306" lon="-3.075794"><ele>60.0</ele></trkpt>
      <trkpt lat="54.368975" lon="-3.075721"><ele>59.0</ele></trkpt>
      <trkpt lat="54.368898" lon="-3.076033"><ele>59.0</ele></trkpt>
      <trkpt lat="54.369101" lon="-3.076468"><ele>61.0</ele></trkpt>
      <trkpt lat="54.369127" lon="-3.077713"><ele>70.0</ele></trkpt>
      <trkpt lat="54.368976" lon="-3.078471"><ele>77.0</ele></trkpt>
      <trkpt lat="54.369117" lon="-3.078861"><ele>78.0</ele></trkpt>
      <trkpt lat="54.369517" lon="-3.079548"><ele>80.0</ele></trkpt>
      <trkpt lat="54.369558" lon="-3.079806"><ele>82.0</ele></trkpt>
      <trkpt lat="54.369944" lon="-3.080696"><ele>86.0</ele></trkpt>
      <trkpt lat="54.370021" lon="-3.081224"><ele>85.0</ele></trkpt>
      <trkpt lat="54.370035" lon="-3.081697"><ele>88.0</ele></trkpt>
      <trkpt lat="54.370132" lon="-3.082042"><ele>92.0</ele></trkpt>
      <trkpt lat="54.370154" lon="-3.082365"><ele>95.0</ele></trkpt>
      <trkpt lat="54.370319" lon="-3.082841"><ele>99.0</ele></trkpt>
      <trkpt lat="54.370975" lon="-3.083545"><ele>109.0</ele></trkpt>
      <trkpt lat="54.371335" lon="-3.084563"><ele>122.0</ele></trkpt>
      <trkpt lat="54.371556" lon="-3.084988"><ele>124.0</ele></trkpt>
      <trkpt lat="54.371871" lon="-3.085425"><ele>129.0</ele></trkpt>
      <trkpt lat="54.372301" lon="-3.086263"><ele>140.0</ele></trkpt>
      <trkpt lat="54.372656" lon="-3.087764"><ele>153.0</ele></trkpt>
      <trkpt lat="54.372792" lon="-3.087993"><ele>155.0</ele></trkpt>
      <trkpt lat="54.372968" lon="-3.087858"><ele>153.0</ele></trkpt>
      <trkpt lat="54.373511" lon="-3.088666"><ele>162.0</ele></trkpt>
      <trkpt lat="54.374038" lon="-3.089066"><ele>169.0</ele></trkpt>
      <trkpt lat="54.374713" lon="-3.089835"><ele>175.0</ele></trkpt>
      <trkpt lat="54.375017" lon="-3.090058"><ele>176.0</ele></trkpt>
      <trkpt lat="54.375398" lon="-3.090722"><ele>176.0</ele></trkpt>
      <trkpt lat="54.375985" lon="-3.091532"><ele>176.0</ele></trkpt>
      <trkpt lat="54.376311" lon="-3.092088"><ele>177.0</ele></trkpt>
      <trkpt lat="54.376768" lon="-3.092680"><ele>181.0</ele></trkpt>
      <trkpt lat="54.376909" lon="-3.093005"><ele>183.0</ele></trkpt>
      <trkpt lat="54.377311" lon="-3.093531"><ele>186.0</ele></trkpt>
      <trkpt lat="54.377686" lon="-3.094904"><ele>193.0</ele></trkpt>
      <trkpt lat="54.377902" lon="-3.095124"><ele>193.0</ele></trkpt>
      <trkpt lat="54.378221" lon="-3.095143"><ele>193.0</ele></trkpt>
      <trkpt lat="54.378429" lon="-3.094934"><ele>195.0</ele></trkpt>
      <trkpt lat="54.379033" lon="-3.095229"><ele>205.0</ele></trkpt>
      <trkpt lat="54.379676" lon="-3.095300"><ele>216.0</ele></trkpt>
      <trkpt lat="54.379924" lon="-3.095425"><ele>222.0</ele></trkpt>
      <trkpt lat="54.380412" lon="-3.096092"><ele>233.0</ele></trkpt>
      <trkpt lat="54.380701" lon="-3.096604"><ele>239.0</ele></trkpt>
      <trkpt lat="54.380772" lon="-3.096403"><ele>242.0</ele></trkpt>
      <trkpt lat="54.380769" lon="-3.096048"><ele>244.0</ele></trkpt>
      <trkpt lat="54.381033" lon="-3.096506"><ele>252.0</ele></trkpt>
      <trkpt lat="54.381777" lon="-3.097223"><ele>286.0</ele></trkpt>
      <trkpt lat="54.382029" lon="-3.096973"><ele>301.0</ele></trkpt>
      <trkpt lat="54.382061" lon="-3.096222"><ele>315.0</ele></trkpt>
      <trkpt lat="54.382039" lon="-3.097960"><ele>294.0</ele></trkpt>
      <trkpt lat="54.382183" lon="-3.098565"><ele>296.0</ele></trkpt>
      <trkpt lat="54.382167" lon="-3.098961"><ele>295.0</ele></trkpt>
      <trkpt lat="54.382231" lon="-3.099467"><ele>295.0</ele></trkpt>
      <trkpt lat="54.382365" lon="-3.099879"><ele>302.0</ele></trkpt>
      <trkpt lat="54.382443" lon="-3.100986"><ele>321.0</ele></trkpt>
      <trkpt lat="54.382680" lon="-3.103021"><ele>374.0</ele></trkpt>
      <trkpt lat="54.382816" lon="-3.103153"><ele>374.0</ele></trkpt>
      <trkpt lat="54.382834" lon="-3.103438"><ele>383.0</ele></trkpt>
      <trkpt lat="54.382855" lon="-3.103953"><ele>401.0</ele></trkpt>
      <trkpt lat="54.382685" lon="-3.104013"><ele>405.0</ele></trkpt>
      <trkpt lat="54.382544" lon="-3.104240"><ele>410.0</ele></trkpt>
      <trkpt lat="54.382585" lon="-3.104585"><ele>413.0</ele></trkpt>
      <trkpt lat="54.382864" lon="-3.105418"><ele>418.0</ele></trkpt>
      <trkpt lat="54.382842" lon="-3.105804"><ele>415.0</ele></trkpt>
      <trkpt lat="54.383218" lon="-3.107091"><ele>413.0</ele></trkpt>
      <trkpt lat="54.383295" lon="-3.107490"><ele>411.0</ele></trkpt>
      <trkpt lat="54.383038" lon="-3.108352"><ele>413.0</ele></trkpt>
      <trkpt lat="54.382525" lon="-3.109036"><ele>407.0</ele></trkpt>
      <trkpt lat="54.382334" lon="-3.109482"><ele>412.0</ele></trkpt>
      <trkpt lat="54.382091" lon="-3.109566"><ele>417.0</ele></trkpt>
      <trkpt lat="54.381945" lon="-3.109809"><ele>420.0</ele></trkpt>
      <trkpt lat="54.381815" lon="-3.110299"><ele>422.0</ele></trkpt>
      <trkpt lat="54.381543" lon="-3.110045"><ele>431.0</ele></trkpt>
      <trkpt lat="54.381255" lon="-3.110080"><ele>437.0</ele></trkpt>
      <trkpt lat="54.380917" lon="-3.109969"><ele>440.0</ele></trkpt>
      <trkpt lat="54.380460" lon="-3.109989"><ele>433.0</ele></trkpt>
      <trkpt lat="54.379933" lon="-3.109631"><ele>419.0</ele></trkpt>
      <trkpt lat="54.378633" lon="-3.109586"><ele>388.0</ele></trkpt>
      <trkpt lat="54.378476" lon="-3.109689"><ele>386.0</ele></trkpt>
      <trkpt lat="54.377945" lon="-3.109696"><ele>372.0</ele></trkpt>
      <trkpt lat="54.377606" lon="-3.109794"><ele>362.0</ele></trkpt>
      <trkpt lat="54.377308" lon="-3.109571"><ele>354.0</ele></trkpt>
      <trkpt lat="54.376372" lon="-3.109449"><ele>339.0</ele></trkpt>
      <trkpt lat="54.376125" lon="-3.109153"><ele>340.0</ele></trkpt>
      <trkpt lat="54.376121" lon="-3.108906"><ele>340.0</ele></trkpt>
      <trkpt lat="54.375978" lon="-3.108502"><ele>339.0</ele></trkpt>
      <trkpt lat="54.375639" lon="-3.108042"><ele>337.0</ele></trkpt>
      <trkpt lat="54.375529" lon="-3.107738"><ele>333.0</ele></trkpt>
      <trkpt lat="54.375294" lon="-3.107475"><ele>334.0</ele></trkpt>
      <trkpt lat="54.375012" lon="-3.106920"><ele>333.0</ele></trkpt>
      <trkpt lat="54.374897" lon="-3.106466"><ele>332.0</ele></trkpt>
      <trkpt lat="54.374889" lon="-3.105994"><ele>328.0</ele></trkpt>
      <trkpt lat="54.374696" lon="-3.105269"><ele>325.0</ele></trkpt>
      <trkpt lat="54.374499" lon="-3.104921"><ele>329.0</ele></trkpt>
      <trkpt lat="54.374409" lon="-3.104468"><ele>325.0</ele></trkpt>
      <trkpt lat="54.374225" lon="-3.104055"><ele>318.0</ele></trkpt>
      <trkpt lat="54.373966" lon="-3.103748"><ele>315.0</ele></trkpt>
      <trkpt lat="54.373485" lon="-3.103638"><ele>317.0</ele></trkpt>
      <trkpt lat="54.373213" lon="-3.103330"><ele>312.0</ele></trkpt>
      <trkpt lat="54.373348" lon="-3.103001"><ele>307.0</ele></trkpt>
      <trkpt lat="54.373301" lon="-3.102581"><ele>302.0</ele></trkpt>
      <trkpt lat="54.373102" lon="-3.102490"><ele>304.0</ele></trkpt>
      <trkpt lat="54.372889" lon="-3.102527"><ele>303.0</ele></trkpt>
      <trkpt lat="54.372535" lon="-3.102368"><ele>300.0</ele></trkpt>
      <trkpt lat="54.371752" lon="-3.102486"><ele>290.0</ele></trkpt>
      <trkpt lat="54.370453" lon="-3.102419"><ele>283.0</ele></trkpt>
      <trkpt lat="54.370085" lon="-3.102248"><ele>283.0</ele></trkpt>
      <trkpt lat="54.369763" lon="-3.101982"><ele>281.0</ele></trkpt>
      <trkpt lat="54.369151" lon="-3.101160"><ele>275.0</ele></trkpt>
      <trkpt lat="54.368157" lon="-3.100501"><ele>268.0</ele></trkpt>
      <trkpt lat="54.367684" lon="-3.100263"><ele>264.0</ele></trkpt>
      <trkpt lat="54.367356" lon="-3.099932"><ele>260.0</ele></trkpt>
      <trkpt lat="54.367085" lon="-3.099538"><ele>256.0</ele></trkpt>
      <trkpt lat="54.366327" lon="-3.098960"><ele>257.0</ele></trkpt>
      <trkpt lat="54.366168" lon="-3.098623"><ele>251.0</ele></trkpt>
      <trkpt lat="54.365913" lon="-3.098445"><ele>246.0</ele></trkpt>
      <trkpt lat="54.365631" lon="-3.098544"><ele>246.0</ele></trkpt>
      <trkpt lat="54.365401" lon="-3.098409"><ele>242.0</ele></trkpt>
      <trkpt lat="54.365111" lon="-3.097972"><ele>237.0</ele></trkpt>
      <trkpt lat="54.364965" lon="-3.098237"><ele>240.0</ele></trkpt>
      <trkpt lat="54.364821" lon="-3.098244"><ele>241.0</ele></trkpt>
      <trkpt lat="54.364238" lon="-3.099530"><ele>252.0</ele></trkpt>
      <trkpt lat="54.364142" lon="-3.099871"><ele>255.0</ele></trkpt>
      <trkpt lat="54.363779" lon="-3.100548"><ele>260.0</ele></trkpt>
      <trkpt lat="54.363676" lon="-3.100888"><ele>261.0</ele></trkpt>
      <trkpt lat="54.363383" lon="-3.101471"><ele>263.0</ele></trkpt>
      <trkpt lat="54.362976" lon="-3.102465"><ele>266.0</ele></trkpt>
      <trkpt lat="54.362609" lon="-3.102884"><ele>268.0</ele></trkpt>
      <trkpt lat="54.362480" lon="-3.104039"><ele>274.0</ele></trkpt>
      <trkpt lat="54.362319" lon="-3.104539"><ele>279.0</ele></trkpt>
      <trkpt lat="54.362109" lon="-3.104920"><ele>281.0</ele></trkpt>
      <trkpt lat="54.361994" lon="-3.105271"><ele>283.0</ele></trkpt>
      <trkpt lat="54.361882" lon="-3.105880"><ele>287.0</ele></trkpt>
      <trkpt lat="54.361412" lon="-3.106693"><ele>295.0</ele></trkpt>
      <trkpt lat="54.361198" lon="-3.106859"><ele>292.0</ele></trkpt>
      <trkpt lat="54.361000" lon="-3.107272"><ele>291.0</ele></trkpt>
      <trkpt lat="54.360475" lon="-3.107902"><ele>285.0</ele></trkpt>
      <trkpt lat="54.359980" lon="-3.108758"><ele>285.0</ele></trkpt>
      <trkpt lat="54.359568" lon="-3.109980"><ele>288.0</ele></trkpt>
      <trkpt lat="54.359329" lon="-3.110210"><ele>285.0</ele></trkpt>
      <trkpt lat="54.359111" lon="-3.110784"><ele>287.0</ele></trkpt>
      <trkpt lat="54.358615" lon="-3.111661"><ele>289.0</ele></trkpt>
      <trkpt lat="54.358465" lon="-3.112333"><ele>291.0</ele></trkpt>
      <trkpt lat="54.358442" lon="-3.112761"><ele>293.0</ele></trkpt>
      <trkpt lat="54.358292" lon="-3.113540"><ele>295.0</ele></trkpt>
      <trkpt lat="54.358370" lon="-3.113843"><ele>298.0</ele></trkpt>
      <trkpt lat="54.358279" lon="-3.114248"><ele>299.0</ele></trkpt>
      <trkpt lat="54.358375" lon="-3.114680"><ele>305.0</ele></trkpt>
      <trkpt lat="54.358229" lon="-3.115556"><ele>312.0</ele></trkpt>
      <trkpt lat="54.358246" lon="-3.115760"><ele>314.0</ele></trkpt>
      <trkpt lat="54.358195" lon="-3.115920"><ele>314.0</ele></trkpt>
      <trkpt lat="54.358383" lon="-3.116483"><ele>323.0</ele></trkpt>
      <trkpt lat="54.358405" lon="-3.117460"><ele>330.0</ele></trkpt>
      <trkpt lat="54.358586" lon="-3.118227"><ele>338.0</ele></trkpt>
      <trkpt lat="54.358571" lon="-3.118527"><ele>340.0</ele></trkpt>
      <trkpt lat="54.358289" lon="-3.119184"><ele>338.0</ele></trkpt>
      <trkpt lat="54.358268" lon="-3.119463"><ele>340.0</ele></trkpt>
      <trkpt lat="54.358314" lon="-3.119926"><ele>348.0</ele></trkpt>
      <trkpt lat="54.358180" lon="-3.120147"><ele>348.0</ele></trkpt>
      <trkpt lat="54.358108" lon="-3.120521"><ele>352.0</ele></trkpt>
      <trkpt lat="54.358124" lon="-3.120875"><ele>356.0</ele></trkpt>
      <trkpt lat="54.358294" lon="-3.121416"><ele>362.0</ele></trkpt>
      <trkpt lat="54.358297" lon="-3.121738"><ele>363.0</ele></trkpt>
      <trkpt lat="54.358602" lon="-3.122541"><ele>370.0</ele></trkpt>
      <trkpt lat="54.358704" lon="-3.123059"><ele>375.0</ele></trkpt>
      <trkpt lat="54.358701" lon="-3.123327"><ele>377.0</ele></trkpt>
      <trkpt lat="54.358550" lon="-3.123452"><ele>377.0</ele></trkpt>
      <trkpt lat="54.358492" lon="-3.123665"><ele>379.0</ele></trkpt>
      <trkpt lat="54.358533" lon="-3.123966"><ele>381.0</ele></trkpt>
      <trkpt lat="54.358442" lon="-3.124296"><ele>384.0</ele></trkpt>
      <trkpt lat="54.358432" lon="-3.125423"><ele>392.0</ele></trkpt>
      <trkpt lat="54.358238" lon="-3.126093"><ele>397.0</ele></trkpt>
      <trkpt lat="54.358265" lon="-3.126555"><ele>403.0</ele></trkpt>
      <trkpt lat="54.358032" lon="-3.127386"><ele>412.0</ele></trkpt>
      <trkpt lat="54.358088" lon="-3.128064"><ele>417.0</ele></trkpt>
      <trkpt lat="54.358003" lon="-3.128533"><ele>419.0</ele></trkpt>
      <trkpt lat="54.358017" lon="-3.129049"><ele>422.0</ele></trkpt>
      <trkpt lat="54.357951" lon="-3.129369"><ele>424.0</ele></trkpt>
      <trkpt lat="54.357836" lon="-3.129634"><ele>428.0</ele></trkpt>
      <trkpt lat="54.357839" lon="-3.129988"><ele>432.0</ele></trkpt>
      <trkpt lat="54.358027" lon="-3.130637"><ele>443.0</ele></trkpt>
      <trkpt lat="54.357894" lon="-3.130805"><ele>448.0</ele></trkpt>
      <trkpt lat="54.357848" lon="-3.131061"><ele>453.0</ele></trkpt>
      <trkpt lat="54.357913" lon="-3.131428"><ele>463.0</ele></trkpt>
      <trkpt lat="54.357781" lon="-3.131553"><ele>465.0</ele></trkpt>
      <trkpt lat="54.357656" lon="-3.132183"><ele>475.0</ele></trkpt>
      <trkpt lat="54.357652" lon="-3.132623"><ele>482.0</ele></trkpt>
      <trkpt lat="54.357566" lon="-3.133060"><ele>488.0</ele></trkpt>
      <trkpt lat="54.357457" lon="-3.133390"><ele>491.0</ele></trkpt>
      <trkpt lat="54.357262" lon="-3.133503"><ele>486.0</ele></trkpt>
      <trkpt lat="54.357164" lon="-3.133961"><ele>490.0</ele></trkpt>
      <trkpt lat="54.357169" lon="-3.134382"><ele>496.0</ele></trkpt>
      <trkpt lat="54.357256" lon="-3.135018"><ele>504.0</ele></trkpt>
      <trkpt lat="54.357422" lon="-3.135409"><ele>515.0</ele></trkpt>
      <trkpt lat="54.357410" lon="-3.135716"><ele>519.0</ele></trkpt>
      <trkpt lat="54.357231" lon="-3.136151"><ele>522.0</ele></trkpt>
      <trkpt lat="54.357235" lon="-3.136595"><ele>530.0</ele></trkpt>
      <trkpt lat="54.357110" lon="-3.137039"><ele>534.0</ele></trkpt>
      <trkpt lat="54.357192" lon="-3.137589"><ele>545.0</ele></trkpt>
      <trkpt lat="54.357322" lon="-3.137743"><ele>551.0</ele></trkpt>
      <trkpt lat="54.357330" lon="-3.138258"><ele>561.0</ele></trkpt>
      <trkpt lat="54.357408" lon="-3.138571"><ele>568.0</ele></trkpt>
      <trkpt lat="54.357343" lon="-3.138924"><ele>569.0</ele></trkpt>
      <trkpt lat="54.357438" lon="-3.139463"><ele>576.0</ele></trkpt>
      <trkpt lat="54.357516" lon="-3.139733"><ele>579.0</ele></trkpt>
      <trkpt lat="54.357658" lon="-3.139984"><ele>585.0</ele></trkpt>
      <trkpt lat="54.357748" lon="-3.140383"><ele>588.0</ele></trkpt>
      <trkpt lat="54.357858" lon="-3.141331"><ele>591.0</ele></trkpt>
      <trkpt lat="54.357942" lon="-3.141612"><ele>594.0</ele></trkpt>
      <trkpt lat="54.358097" lon="-3.141852"><ele>599.0</ele></trkpt>
      <trkpt lat="54.358193" lon="-3.142263"><ele>603.0</ele></trkpt>
      <trkpt lat="54.358358" lon="-3.142643"><ele>607.0</ele></trkpt>
      <trkpt lat="54.358407" lon="-3.143438"><ele>596.0</ele></trkpt>
      <trkpt lat="54.358536" lon="-3.143689"><ele>591.0</ele></trkpt>
      <trkpt lat="54.358678" lon="-3.143832"><ele>589.0</ele></trkpt>
      <trkpt lat="54.358714" lon="-3.144037"><ele>585.0</ele></trkpt>
      <trkpt lat="54.358445" lon="-3.144631"><ele>575.0</ele></trkpt>
      <trkpt lat="54.358378" lon="-3.145133"><ele>566.0</ele></trkpt>
      <trkpt lat="54.358118" lon="-3.146167"><ele>549.0</ele></trkpt>
      <trkpt lat="54.357329" lon="-3.148334"><ele>518.0</ele></trkpt>
      <trkpt lat="54.357000" lon="-3.149397"><ele>508.0</ele></trkpt>
      <trkpt lat="54.356876" lon="-3.149952"><ele>499.0</ele></trkpt>
      <trkpt lat="54.356550" lon="-3.150662"><ele>490.0</ele></trkpt>
      <trkpt lat="54.356400" lon="-3.151130"><ele>484.0</ele></trkpt>
      <trkpt lat="54.356090" lon="-3.151710"><ele>484.0</ele></trkpt>
      <trkpt lat="54.355861" lon="-3.152266"><ele>479.0</ele></trkpt>
      <trkpt lat="54.355890" lon="-3.152830"><ele>467.0</ele></trkpt>
      <trkpt lat="54.355850" lon="-3.153120"><ele>462.0</ele></trkpt>
      <trkpt lat="54.355850" lon="-3.154400"><ele>444.0</ele></trkpt>
      <trkpt lat="54.355900" lon="-3.155010"><ele>437.0</ele></trkpt>
      <trkpt lat="54.355600" lon="-3.156020"><ele>436.0</ele></trkpt>
      <trkpt lat="54.355560" lon="-3.156380"><ele>434.0</ele></trkpt>
      <trkpt lat="54.355610" lon="-3.157980"><ele>414.0</ele></trkpt>
      <trkpt lat="54.355870" lon="-3.157950"><ele>411.0</ele></trkpt>
      <trkpt lat="54.356185" lon="-3.157672"><ele>406.0</ele></trkpt>
      <trkpt lat="54.356447" lon="-3.157712"><ele>398.0</ele></trkpt>
      <trkpt lat="54.356760" lon="-3.157613"><ele>390.0</ele></trkpt>
      <trkpt lat="54.357847" lon="-3.157730"><ele>365.0</ele></trkpt>
      <trkpt lat="54.358016" lon="-3.158046"><ele>360.0</ele></trkpt>
      <trkpt lat="54.358064" lon="-3.158326"><ele>358.0</ele></trkpt>
      <trkpt lat="54.358297" lon="-3.158762"><ele>353.0</ele></trkpt>
      <trkpt lat="54.358620" lon="-3.159018"><ele>349.0</ele></trkpt>
      <trkpt lat="54.358767" lon="-3.159248"><ele>344.0</ele></trkpt>
      <trkpt lat="54.359025" lon="-3.160489"><ele>333.0</ele></trkpt>
      <trkpt lat="54.359171" lon="-3.160826"><ele>329.0</ele></trkpt>
      <trkpt lat="54.359338" lon="-3.161023"><ele>324.0</ele></trkpt>
      <trkpt lat="54.359568" lon="-3.161137"><ele>318.0</ele></trkpt>
      <trkpt lat="54.359729" lon="-3.161356"><ele>313.0</ele></trkpt>
      <trkpt lat="54.359854" lon="-3.162015"><ele>307.0</ele></trkpt>
      <trkpt lat="54.359868" lon="-3.162455"><ele>302.0</ele></trkpt>
      <trkpt lat="54.360255" lon="-3.163818"><ele>285.0</ele></trkpt>
      <trkpt lat="54.360353" lon="-3.164733"><ele>273.0</ele></trkpt>
      <trkpt lat="54.360468" lon="-3.165112"><ele>267.0</ele></trkpt>
      <trkpt lat="54.360663" lon="-3.166340"><ele>249.0</ele></trkpt>
      <trkpt lat="54.360653" lon="-3.167306"><ele>238.0</ele></trkpt>
      <trkpt lat="54.360755" lon="-3.167738"><ele>232.0</ele></trkpt>
      <trkpt lat="54.360498" lon="-3.168525"><ele>222.0</ele></trkpt>
      <trkpt lat="54.360600" lon="-3.168978"><ele>217.0</ele></trkpt>
      <trkpt lat="54.361016" lon="-3.169913"><ele>201.0</ele></trkpt>
      <trkpt lat="54.360906" lon="-3.170285"><ele>196.0</ele></trkpt>
      <trkpt lat="54.361004" lon="-3.170535"><ele>193.0</ele></trkpt>
      <trkpt lat="54.361155" lon="-3.172943"><ele>174.0</ele></trkpt>
      <trkpt lat="54.361570" lon="-3.174039"><ele>168.0</ele></trkpt>
      <trkpt lat="54.361611" lon="-3.174941"><ele>166.0</ele></trkpt>
      <trkpt lat="54.361688" lon="-3.175405"><ele>167.0</ele></trkpt>
      <trkpt lat="54.362841" lon="-3.176393"><ele>161.0</ele></trkpt>
      <trkpt lat="54.363001" lon="-3.176655"><ele>160.0</ele></trkpt>
      <trkpt lat="54.363842" lon="-3.176980"><ele>151.0</ele></trkpt>
      <trkpt lat="54.364194" lon="-3.178084"><ele>147.0</ele></trkpt>
      <trkpt lat="54.364355" lon="-3.178282"><ele>146.0</ele></trkpt>
      <trkpt lat="54.364717" lon="-3.178293"><ele>146.0</ele></trkpt>
      <trkpt lat="54.364921" lon="-3.178534"><ele>145.0</ele></trkpt>
      <trkpt lat="54.365131" lon="-3.180096"><ele>143.0</ele></trkpt>
      <trkpt lat="54.365122" lon="-3.181030"><ele>141.0</ele></trkpt>
      <trkpt lat="54.365346" lon="-3.181122"><ele>142.0</ele></trkpt>
      <trkpt lat="54.365406" lon="-3.180737"><ele>142.0</ele></trkpt>
      <trkpt lat="54.365989" lon="-3.181237"><ele>151.0</ele></trkpt>
      <trkpt lat="54.366644" lon="-3.180033"><ele>159.0</ele></trkpt>
      <trkpt lat="54.366718" lon="-3.180153"><ele>161.0</ele></trkpt>
      <trkpt lat="54.366458" lon="-3.181175"><ele>161.0</ele></trkpt>
      <trkpt lat="54.366313" lon="-3.181987"><ele>161.0</ele></trkpt>
      <trkpt lat="54.366307" lon="-3.182577"><ele>161.0</ele></trkpt>
      <trkpt lat="54.366403" lon="-3.182977"><ele>163.0</ele></trkpt>
      <trkpt lat="54.366650" lon="-3.183327"><ele>169.0</ele></trkpt>
      <trkpt lat="54.366883" lon="-3.183784"><ele>177.0</ele></trkpt>
      <trkpt lat="54.367028" lon="-3.184926"><ele>179.0</ele></trkpt>
      <trkpt lat="54.366947" lon="-3.185524"><ele>177.0</ele></trkpt>
      <trkpt lat="54.367044" lon="-3.185806"><ele>174.0</ele></trkpt>
      <trkpt lat="54.367535" lon="-3.186711"><ele>164.0</ele></trkpt>
      <trkpt lat="54.367901" lon="-3.187022"><ele>162.0</ele></trkpt>
      <trkpt lat="54.368167" lon="-3.187352"><ele>159.0</ele></trkpt>
      <trkpt lat="54.368182" lon="-3.187685"><ele>154.0</ele></trkpt>
      <trkpt lat="54.368411" lon="-3.187949"><ele>151.0</ele></trkpt>
      <trkpt lat="54.368474" lon="-3.188519"><ele>148.0</ele></trkpt>
      <trkpt lat="54.368213" lon="-3.189006"><ele>149.0</ele></trkpt>
      <trkpt lat="54.368128" lon="-3.189379"><ele>154.0</ele></trkpt>
      <trkpt lat="54.367633" lon="-3.189525"><ele>147.0</ele></trkpt>
      <trkpt lat="54.367465" lon="-3.190036"><ele>150.0</ele></trkpt>
      <trkpt lat="54.367240" lon="-3.190029"><ele>148.0</ele></trkpt>
      <trkpt lat="54.366793" lon="-3.189748"><ele>146.0</ele></trkpt>
      <trkpt lat="54.366107" lon="-3.189524"><ele>148.0</ele></trkpt>
      <trkpt lat="54.365761" lon="-3.189540"><ele>152.0</ele></trkpt>
      <trkpt lat="54.365439" lon="-3.189820"><ele>158.0</ele></trkpt>
      <trkpt lat="54.365108" lon="-3.189822"><ele>156.0</ele></trkpt>
      <trkpt lat="54.364708" lon="-3.190089"><ele>152.0</ele></trkpt>
      <trkpt lat="54.364544" lon="-3.190889"><ele>154.0</ele></trkpt>
      <trkpt lat="54.364282" lon="-3.191403"><ele>154.0</ele></trkpt>
      <trkpt lat="54.363657" lon="-3.192082"><ele>155.0</ele></trkpt>
      <trkpt lat="54.363268" lon="-3.192210"><ele>149.0</ele></trkpt>
      <trkpt lat="54.362461" lon="-3.192820"><ele>150.0</ele></trkpt>
      <trkpt lat="54.361735" lon="-3.192906"><ele>142.0</ele></trkpt>
      <trkpt lat="54.361251" lon="-3.193150"><ele>145.0</ele></trkpt>
      <trkpt lat="54.360154" lon="-3.193515"><ele>134.0</ele></trkpt>
      <trkpt lat="54.359910" lon="-3.193529"><ele>133.0</ele></trkpt>
      <trkpt lat="54.359631" lon="-3.193843"><ele>134.0</ele></trkpt>
      <trkpt lat="54.359117" lon="-3.194053"><ele>127.0</ele></trkpt>
      <trkpt lat="54.358579" lon="-3.194649"><ele>131.0</ele></trkpt>
      <trkpt lat="54.358201" lon="-3.194960"><ele>134.0</ele></trkpt>
      <trkpt lat="54.357606" lon="-3.195028"><ele>120.0</ele></trkpt>
      <trkpt lat="54.357059" lon="-3.195420"><ele>117.0</ele></trkpt>
      <trkpt lat="54.356918" lon="-3.195062"><ele>114.0</ele></trkpt>
      <trkpt lat="54.356413" lon="-3.195595"><ele>106.0</ele></trkpt>
      <trkpt lat="54.356096" lon="-3.195392"><ele>106.0</ele></trkpt>
      <trkpt lat="54.355873" lon="-3.195150"><ele>106.0</ele></trkpt>
      <trkpt lat="54.355344" lon="-3.194276"><ele>106.0</ele></trkpt>
      <trkpt lat="54.354865" lon="-3.194069"><ele>106.0</ele></trkpt>
      <trkpt lat="54.354674" lon="-3.193752"><ele>107.0</ele></trkpt>
      <trkpt lat="54.354265" lon="-3.193397"><ele>106.0</ele></trkpt>
      <trkpt lat="54.354196" lon="-3.192729"><ele>105.0</ele></trkpt>
      <trkpt lat="54.353661" lon="-3.192488"><ele>108.0</ele></trkpt>
      <trkpt lat="54.353678" lon="-3.191384"><ele>103.0</ele></trkpt>
      <trkpt lat="54.353864" lon="-3.190230"><ele>104.0</ele></trkpt>
      <trkpt lat="54.353436" lon="-3.188990"><ele>110.0</ele></trkpt>
      <trkpt lat="54.353761" lon="-3.188505"><ele>108.0</ele></trkpt>
      <trkpt lat="54.354142" lon="-3.188165"><ele>110.0</ele></trkpt>
      <trkpt lat="54.354573" lon="-3.187957"><ele>111.0</ele></trkpt>
      <trkpt lat="54.354873" lon="-3.188043"><ele>111.0</ele></trkpt>
      <trkpt lat="54.354761" lon="-3.188380"><ele>109.0</ele></trkpt>
      <trkpt lat="54.354739" lon="-3.188709"><ele>108.0</ele></trkpt>
      <trkpt lat="54.354884" lon="-3.188911"><ele>107.0</ele></trkpt>
      <trkpt lat="54.354994" lon="-3.188816"><ele>108.0</ele></trkpt>
      <trkpt lat="54.355164" lon="-3.188392"><ele>109.0</ele></trkpt>
      <trkpt lat="54.355326" lon="-3.188188"><ele>110.0</ele></trkpt>
      <trkpt lat="54.355699" lon="-3.188056"><ele>111.0</ele></trkpt>
      <trkpt lat="54.355901" lon="-3.188996"><ele>110.0</ele></trkpt>
      <trkpt lat="54.355897" lon="-3.190050"><ele>106.0</ele></trkpt>
      <trkpt lat="54.356002" lon="-3.190383"><ele>106.0</ele></trkpt>
      <trkpt lat="54.356366" lon="-3.191162"><ele>113.0</ele></trkpt>
      <trkpt lat="54.356382" lon="-3.191492"><ele>116.0</ele></trkpt>
      <trkpt lat="54.356271" lon="-3.191742"><ele>115.0</ele></trkpt>
      <trkpt lat="54.356109" lon="-3.191935"><ele>112.0</ele></trkpt>
      <trkpt lat="54.356009" lon="-3.192349"><ele>111.0</ele></trkpt>
      <trkpt lat="54.355863" lon="-3.193443"><ele>111.0</ele></trkpt>
      <trkpt lat="54.356462" lon="-3.194416"><ele>117.0</ele></trkpt>
      <trkpt lat="54.356685" lon="-3.194533"><ele>117.0</ele></trkpt>
      <trkpt lat="54.356874" lon="-3.194835"><ele>115.0</ele></trkpt>
      <trkpt lat="54.357046" lon="-3.195420"><ele>116.0</ele></trkpt>
      <trkpt lat="54.356761" lon="-3.197557"><ele>112.0</ele></trkpt>
      <trkpt lat="54.356866" lon="-3.198899"><ele>105.0</ele></trkpt>
      <trkpt lat="54.356683" lon="-3.199893"><ele>104.0</ele></trkpt>
      <trkpt lat="54.356777" lon="-3.200731"><ele>106.0</ele></trkpt>
      <trkpt lat="54.357005" lon="-3.201001"><ele>107.0</ele></trkpt>
      <trkpt lat="54.357349" lon="-3.201165"><ele>111.0</ele></trkpt>
      <trkpt lat="54.357937" lon="-3.201204"><ele>123.0</ele></trkpt>
      <trkpt lat="54.358389" lon="-3.200866"><ele>134.0</ele></trkpt>
      <trkpt lat="54.358519" lon="-3.200595"><ele>136.0</ele></trkpt>
      <trkpt lat="54.358761" lon="-3.200745"><ele>144.0</ele></trkpt>
      <trkpt lat="54.359129" lon="-3.200492"><ele>155.0</ele></trkpt>
      <trkpt lat="54.359337" lon="-3.200817"><ele>164.0</ele></trkpt>
      <trkpt lat="54.359596" lon="-3.200429"><ele>173.0</ele></trkpt>
      <trkpt lat="54.359806" lon="-3.200644"><ele>181.0</ele></trkpt>
      <trkpt lat="54.359917" lon="-3.200328"><ele>185.0</ele></trkpt>
      <trkpt lat="54.359903" lon="-3.199867"><ele>189.0</ele></trkpt>
      <trkpt lat="54.360716" lon="-3.200451"><ele>215.0</ele></trkpt>
      <trkpt lat="54.361190" lon="-3.200399"><ele>228.0</ele></trkpt>
      <trkpt lat="54.361638" lon="-3.200467"><ele>232.0</ele></trkpt>
      <trkpt lat="54.361905" lon="-3.200628"><ele>231.0</ele></trkpt>
      <trkpt lat="54.362042" lon="-3.200358"><ele>233.0</ele></trkpt>
      <trkpt lat="54.362327" lon="-3.198762"><ele>247.0</ele></trkpt>
      <trkpt lat="54.362614" lon="-3.198189"><ele>251.0</ele></trkpt>
      <trkpt lat="54.363078" lon="-3.197851"><ele>255.0</ele></trkpt>
      <trkpt lat="54.363248" lon="-3.197526"><ele>254.0</ele></trkpt>
      <trkpt lat="54.363505" lon="-3.197380"><ele>250.0</ele></trkpt>
      <trkpt lat="54.364048" lon="-3.197473"><ele>248.0</ele></trkpt>
      <trkpt lat="54.364858" lon="-3.197145"><ele>244.0</ele></trkpt>
      <trkpt lat="54.366505" lon="-3.196306"><ele>236.0</ele></trkpt>
      <trkpt lat="54.366707" lon="-3.196027"><ele>237.0</ele></trkpt>
      <trkpt lat="54.367516" lon="-3.195666"><ele>242.0</ele></trkpt>
      <trkpt lat="54.367927" lon="-3.195568"><ele>242.0</ele></trkpt>
      <trkpt lat="54.368341" lon="-3.195734"><ele>246.0</ele></trkpt>
      <trkpt lat="54.368593" lon="-3.195489"><ele>240.0</ele></trkpt>
      <trkpt lat="54.368792" lon="-3.195494"><ele>237.0</ele></trkpt>
      <trkpt lat="54.369192" lon="-3.195803"><ele>239.0</ele></trkpt>
      <trkpt lat="54.369200" lon="-3.195583"><ele>235.0</ele></trkpt>
      <trkpt lat="54.369376" lon="-3.195248"><ele>230.0</ele></trkpt>
      <trkpt lat="54.370192" lon="-3.194964"><ele>226.0</ele></trkpt>
      <trkpt lat="54.370525" lon="-3.194963"><ele>227.0</ele></trkpt>
      <trkpt lat="54.371078" lon="-3.194693"><ele>226.0</ele></trkpt>
      <trkpt lat="54.371535" lon="-3.194981"><ele>231.0</ele></trkpt>
      <trkpt lat="54.372233" lon="-3.195617"><ele>236.0</ele></trkpt>
      <trkpt lat="54.372416" lon="-3.195864"><ele>239.0</ele></trkpt>
      <trkpt lat="54.372617" lon="-3.196298"><ele>241.0</ele></trkpt>
      <trkpt lat="54.372739" lon="-3.196247"><ele>241.0</ele></trkpt>
      <trkpt lat="54.372892" lon="-3.196317"><ele>242.0</ele></trkpt>
      <trkpt lat="54.372985" lon="-3.196583"><ele>244.0</ele></trkpt>
      <trkpt lat="54.373286" lon="-3.196559"><ele>245.0</ele></trkpt>
      <trkpt lat="54.373493" lon="-3.196346"><ele>244.0</ele></trkpt>
      <trkpt lat="54.373722" lon="-3.195858"><ele>243.0</ele></trkpt>
      <trkpt lat="54.374949" lon="-3.194674"><ele>259.0</ele></trkpt>
      <trkpt lat="54.375678" lon="-3.194092"><ele>253.0</ele></trkpt>
      <trkpt lat="54.375879" lon="-3.193812"><ele>253.0</ele></trkpt>
      <trkpt lat="54.376015" lon="-3.192959"><ele>251.0</ele></trkpt>
      <trkpt lat="54.375917" lon="-3.192561"><ele>256.0</ele></trkpt>
      <trkpt lat="54.376049" lon="-3.192103"><ele>261.0</ele></trkpt>
      <trkpt lat="54.376100" lon="-3.191490"><ele>267.0</ele></trkpt>
      <trkpt lat="54.376710" lon="-3.190814"><ele>276.0</ele></trkpt>
      <trkpt lat="54.376395" lon="-3.190366"><ele>280.0</ele></trkpt>
      <trkpt lat="54.376437" lon="-3.189993"><ele>286.0</ele></trkpt>
      <trkpt lat="54.376595" lon="-3.189559"><ele>290.0</ele></trkpt>
      <trkpt lat="54.376842" lon="-3.189159"><ele>290.0</ele></trkpt>
      <trkpt lat="54.377075" lon="-3.188826"><ele>286.0</ele></trkpt>
      <trkpt lat="54.377313" lon="-3.188668"><ele>284.0</ele></trkpt>
      <trkpt lat="54.377677" lon="-3.188832"><ele>288.0</ele></trkpt>
      <trkpt lat="54.378638" lon="-3.187959"><ele>279.0</ele></trkpt>
      <trkpt lat="54.379373" lon="-3.188025"><ele>273.0</ele></trkpt>
      <trkpt lat="54.379925" lon="-3.187909"><ele>269.0</ele></trkpt>
      <trkpt lat="54.380684" lon="-3.188096"><ele>258.0</ele></trkpt>
      <trkpt lat="54.381761" lon="-3.188555"><ele>247.0</ele></trkpt>
      <trkpt lat="54.381997" lon="-3.188606"><ele>246.0</ele></trkpt>
      <trkpt lat="54.382215" lon="-3.188514"><ele>243.0</ele></trkpt>
      <trkpt lat="54.382739" lon="-3.188595"><ele>246.0</ele></trkpt>
      <trkpt lat="54.383852" lon="-3.187439"><ele>246.0</ele></trkpt>
      <trkpt lat="54.384101" lon="-3.186921"><ele>241.0</ele></trkpt>
      <trkpt lat="54.384763" lon="-3.186940"><ele>251.0</ele></trkpt>
      <trkpt lat="54.385032" lon="-3.186862"><ele>253.0</ele></trkpt>
      <trkpt lat="54.385350" lon="-3.186989"><ele>262.0</ele></trkpt>
      <trkpt lat="54.385808" lon="-3.186745"><ele>265.0</ele></trkpt>
      <trkpt lat="54.386202" lon="-3.186756"><ele>271.0</ele></trkpt>
      <trkpt lat="54.387012" lon="-3.186995"><ele>281.0</ele></trkpt>
      <trkpt lat="54.387409" lon="-3.187264"><ele>291.0</ele></trkpt>
      <trkpt lat="54.387899" lon="-3.187042"><ele>298.0</ele></trkpt>
      <trkpt lat="54.389272" lon="-3.187200"><ele>316.0</ele></trkpt>
      <trkpt lat="54.389866" lon="-3.187163"><ele>314.0</ele></trkpt>
      <trkpt lat="54.390256" lon="-3.187486"><ele>320.0</ele></trkpt>
      <trkpt lat="54.390595" lon="-3.187367"><ele>316.0</ele></trkpt>
      <trkpt lat="54.390992" lon="-3.187593"><ele>319.0</ele></trkpt>
      <trkpt lat="54.391451" lon="-3.187982"><ele>329.0</ele></trkpt>
      <trkpt lat="54.392304" lon="-3.188221"><ele>340.0</ele></trkpt>
      <trkpt lat="54.393573" lon="-3.188183"><ele>349.0</ele></trkpt>
      <trkpt lat="54.394193" lon="-3.188051"><ele>350.0</ele></trkpt>
      <trkpt lat="54.395239" lon="-3.188350"><ele>355.0</ele></trkpt>
      <trkpt lat="54.395431" lon="-3.188527"><ele>355.0</ele></trkpt>
      <trkpt lat="54.395589" lon="-3.188950"><ele>354.0</ele></trkpt>
      <trkpt lat="54.395972" lon="-3.189390"><ele>359.0</ele></trkpt>
      <trkpt lat="54.396617" lon="-3.189913"><ele>363.0</ele></trkpt>
      <trkpt lat="54.396787" lon="-3.190401"><ele>364.0</ele></trkpt>
      <trkpt lat="54.397457" lon="-3.190185"><ele>376.0</ele></trkpt>
      <trkpt lat="54.398080" lon="-3.190343"><ele>380.0</ele></trkpt>
      <trkpt lat="54.399300" lon="-3.190120"><ele>387.0</ele></trkpt>
      <trkpt lat="54.399700" lon="-3.189930"><ele>386.0</ele></trkpt>
      <trkpt lat="54.399790" lon="-3.189280"><ele>384.0</ele></trkpt>
      <trkpt lat="54.400060" lon="-3.188730"><ele>383.0</ele></trkpt>
      <trkpt lat="54.400370" lon="-3.188690"><ele>384.0</ele></trkpt>
      <trkpt lat="54.400520" lon="-3.188350"><ele>382.0</ele></trkpt>
      <trkpt lat="54.400770" lon="-3.188310"><ele>383.0</ele></trkpt>
      <trkpt lat="54.400988" lon="-3.188078"><ele>382.0</ele></trkpt>
      <trkpt lat="54.402171" lon="-3.187253"><ele>388.0</ele></trkpt>
      <trkpt lat="54.402781" lon="-3.186209"><ele>394.0</ele></trkpt>
      <trkpt lat="54.402838" lon="-3.185492"><ele>398.0</ele></trkpt>
      <trkpt lat="54.402876" lon="-3.186072"><ele>398.0</ele></trkpt>
      <trkpt lat="54.402800" lon="-3.186746"><ele>392.0</ele></trkpt>
      <trkpt lat="54.402726" lon="-3.189255"><ele>384.0</ele></trkpt>
      <trkpt lat="54.402926" lon="-3.191117"><ele>361.0</ele></trkpt>
      <trkpt lat="54.402950" lon="-3.192470"><ele>336.0</ele></trkpt>
      <trkpt lat="54.403022" lon="-3.192772"><ele>335.0</ele></trkpt>
      <trkpt lat="54.403139" lon="-3.192979"><ele>337.0</ele></trkpt>
      <trkpt lat="54.403233" lon="-3.194162"><ele>320.0</ele></trkpt>
      <trkpt lat="54.404221" lon="-3.196638"><ele>321.0</ele></trkpt>
      <trkpt lat="54.404355" lon="-3.197564"><ele>314.0</ele></trkpt>
      <trkpt lat="54.404693" lon="-3.198744"><ele>304.0</ele></trkpt>
      <trkpt lat="54.404917" lon="-3.200113"><ele>296.0</ele></trkpt>
      <trkpt lat="54.404243" lon="-3.202605"><ele>277.0</ele></trkpt>
      <trkpt lat="54.403921" lon="-3.203582"><ele>268.0</ele></trkpt>
      <trkpt lat="54.403571" lon="-3.204216"><ele>263.0</ele></trkpt>
      <trkpt lat="54.403053" lon="-3.204791"><ele>257.0</ele></trkpt>
      <trkpt lat="54.402335" lon="-3.206036"><ele>245.0</ele></trkpt>
      <trkpt lat="54.402052" lon="-3.206188"><ele>238.0</ele></trkpt>
      <trkpt lat="54.401761" lon="-3.206598"><ele>230.0</ele></trkpt>
      <trkpt lat="54.401479" lon="-3.207277"><ele>220.0</ele></trkpt>
      <trkpt lat="54.401310" lon="-3.207937"><ele>208.0</ele></trkpt>
      <trkpt lat="54.401233" lon="-3.208750"><ele>194.0</ele></trkpt>
      <trkpt lat="54.400922" lon="-3.209857"><ele>169.0</ele></trkpt>
      <trkpt lat="54.400421" lon="-3.210679"><ele>151.0</ele></trkpt>
      <trkpt lat="54.400126" lon="-3.212055"><ele>130.0</ele></trkpt>
      <trkpt lat="54.399652" lon="-3.211987"><ele>131.0</ele></trkpt>
      <trkpt lat="54.399474" lon="-3.212840"><ele>124.0</ele></trkpt>
      <trkpt lat="54.399412" lon="-3.213482"><ele>118.0</ele></trkpt>
      <trkpt lat="54.399119" lon="-3.213409"><ele>119.0</ele></trkpt>
      <trkpt lat="54.398932" lon="-3.214026"><ele>114.0</ele></trkpt>
      <trkpt lat="54.398180" lon="-3.215452"><ele>112.0</ele></trkpt>
      <trkpt lat="54.398030" lon="-3.216145"><ele>111.0</ele></trkpt>
      <trkpt lat="54.397195" lon="-3.218342"><ele>105.0</ele></trkpt>
      <trkpt lat="54.396834" lon="-3.218825"><ele>110.0</ele></trkpt>
      <trkpt lat="54.396682" lon="-3.219732"><ele>107.0</ele></trkpt>
      <trkpt lat="54.396455" lon="-3.220487"><ele>107.0</ele></trkpt>
      <trkpt lat="54.396374" lon="-3.221075"><ele>105.0</ele></trkpt>
      <trkpt lat="54.396170" lon="-3.221563"><ele>104.0</ele></trkpt>
      <trkpt lat="54.395912" lon="-3.222982"><ele>98.0</ele></trkpt>
      <trkpt lat="54.395700" lon="-3.223577"><ele>101.0</ele></trkpt>
      <trkpt lat="54.395631" lon="-3.224208"><ele>99.0</ele></trkpt>
      <trkpt lat="54.394906" lon="-3.226718"><ele>103.0</ele></trkpt>
      <trkpt lat="54.394715" lon="-3.227067"><ele>102.0</ele></trkpt>
      <trkpt lat="54.394340" lon="-3.227077"><ele>109.0</ele></trkpt>
      <trkpt lat="54.394237" lon="-3.227321"><ele>107.0</ele></trkpt>
      <trkpt lat="54.393967" lon="-3.227474"><ele>112.0</ele></trkpt>
      <trkpt lat="54.393989" lon="-3.229662"><ele>101.0</ele></trkpt>
      <trkpt lat="54.394065" lon="-3.230136"><ele>97.0</ele></trkpt>
      <trkpt lat="54.393917" lon="-3.231183"><ele>95.0</ele></trkpt>
      <trkpt lat="54.394046" lon="-3.232657"><ele>87.0</ele></trkpt>
      <trkpt lat="54.394751" lon="-3.237647"><ele>81.0</ele></trkpt>
      <trkpt lat="54.394790" lon="-3.238056"><ele>79.0</ele></trkpt>
      <trkpt lat="54.394753" lon="-3.238623"><ele>79.0</ele></trkpt>
      <trkpt lat="54.394975" lon="-3.238898"><ele>77.0</ele></trkpt>
      <trkpt lat="54.395115" lon="-3.239278"><ele>79.0</ele></trkpt>
      <trkpt lat="54.395115" lon="-3.239879"><ele>82.0</ele></trkpt>
      <trkpt lat="54.395203" lon="-3.240440"><ele>83.0</ele></trkpt>
      <trkpt lat="54.395449" lon="-3.241381"><ele>80.0</ele></trkpt>
      <trkpt lat="54.395493" lon="-3.242004"><ele>78.0</ele></trkpt>
      <trkpt lat="54.395355" lon="-3.242676"><ele>81.0</ele></trkpt>
      <trkpt lat="54.395244" lon="-3.244357"><ele>82.0</ele></trkpt>
      <trkpt lat="54.395978" lon="-3.244648"><ele>74.0</ele></trkpt>
      <trkpt lat="54.395959" lon="-3.245946"><ele>72.0</ele></trkpt>
      <trkpt lat="54.395990" lon="-3.246537"><ele>70.0</ele></trkpt>
      <trkpt lat="54.395640" lon="-3.250132"><ele>66.0</ele></trkpt>
      <trkpt lat="54.395326" lon="-3.250337"><ele>65.0</ele></trkpt>
      <trkpt lat="54.394701" lon="-3.250940"><ele>67.0</ele></trkpt>
      <trkpt lat="54.394479" lon="-3.251266"><ele>66.0</ele></trkpt>
      <trkpt lat="54.394353" lon="-3.251992"><ele>67.0</ele></trkpt>
      <trkpt lat="54.394283" lon="-3.252741"><ele>70.0</ele></trkpt>
      <trkpt lat="54.394164" lon="-3.253316"><ele>72.0</ele></trkpt>
      <trkpt lat="54.393732" lon="-3.254076"><ele>67.0</ele></trkpt>
      <trkpt lat="54.393482" lon="-3.254626"><ele>66.0</ele></trkpt>
      <trkpt lat="54.393389" lon="-3.255181"><ele>67.0</ele></trkpt>
      <trkpt lat="54.393364" lon="-3.255771"><ele>68.0</ele></trkpt>
      <trkpt lat="54.393069" lon="-3.256545"><ele>67.0</ele></trkpt>
      <trkpt lat="54.392592" lon="-3.257357"><ele>66.0</ele></trkpt>
      <trkpt lat="54.392361" lon="-3.257908"><ele>67.0</ele></trkpt>
      <trkpt lat="54.391458" lon="-3.259457"><ele>72.0</ele></trkpt>
      <trkpt lat="54.390896" lon="-3.261843"><ele>70.0</ele></trkpt>
      <trkpt lat="54.390588" lon="-3.262585"><ele>67.0</ele></trkpt>
      <trkpt lat="54.390446" lon="-3.263064"><ele>67.0</ele></trkpt>
      <trkpt lat="54.391086" lon="-3.263319"><ele>82.0</ele></trkpt>
      <trkpt lat="54.391241" lon="-3.263442"><ele>85.0</ele></trkpt>
      <trkpt lat="54.391381" lon="-3.263221"><ele>87.0</ele></trkpt>
      <trkpt lat="54.391328" lon="-3.263541"><ele>87.0</ele></trkpt>
      <trkpt lat="54.391838" lon="-3.263772"><ele>95.0</ele></trkpt>
      <trkpt lat="54.392247" lon="-3.263484"><ele>99.0</ele></trkpt>
      <trkpt lat="54.392596" lon="-3.264149"><ele>91.0</ele></trkpt>
      <trkpt lat="54.392957" lon="-3.264246"><ele>92.0</ele></trkpt>
      <trkpt lat="54.393801" lon="-3.263585"><ele>106.0</ele></trkpt>
      <trkpt lat="54.394415" lon="-3.263476"><ele>107.0</ele></trkpt>
      <trkpt lat="54.394831" lon="-3.263070"><ele>109.0</ele></trkpt>
      <trkpt lat="54.395218" lon="-3.263114"><ele>110.0</ele></trkpt>
      <trkpt lat="54.395657" lon="-3.262956"><ele>109.0</ele></trkpt>
      <trkpt lat="54.396059" lon="-3.263333"><ele>104.0</ele></trkpt>
      <trkpt lat="54.396432" lon="-3.263516"><ele>98.0</ele></trkpt>
      <trkpt lat="54.397233" lon="-3.263423"><ele>78.0</ele></trkpt>
      <trkpt lat="54.397361" lon="-3.263685"><ele>74.0</ele></trkpt>
      <trkpt lat="54.397450" lon="-3.264160"><ele>69.0</ele></trkpt>
      <trkpt lat="54.397354" lon="-3.264994"><ele>70.0</ele></trkpt>
      <trkpt lat="54.397479" lon="-3.266199"><ele>66.0</ele></trkpt>
      <trkpt lat="54.397127" lon="-3.268184"><ele>60.0</ele></trkpt>
      <trkpt lat="54.396704" lon="-3.269738"><ele>54.0</ele></trkpt>
      <trkpt lat="54.397704" lon="-3.270359"><ele>60.0</ele></trkpt>
      <trkpt lat="54.398100" lon="-3.270082"><ele>61.0</ele></trkpt>
      <trkpt lat="54.398388" lon="-3.270080"><ele>62.0</ele></trkpt>
      <trkpt lat="54.398106" lon="-3.270093"><ele>61.0</ele></trkpt>
      <trkpt lat="54.397697" lon="-3.270370"><ele>60.0</ele></trkpt>
      <trkpt lat="54.397368" lon="-3.270842"><ele>58.0</ele></trkpt>
      <trkpt lat="54.396878" lon="-3.271063"><ele>55.0</ele></trkpt>
      <trkpt lat="54.396596" lon="-3.271113"><ele>53.0</ele></trkpt>
      <trkpt lat="54.396241" lon="-3.271081"><ele>54.0</ele></trkpt>
      <trkpt lat="54.395981" lon="-3.270794"><ele>54.0</ele></trkpt>
      <trkpt lat="54.395317" lon="-3.270387"><ele>55.0</ele></trkpt>
      <trkpt lat="54.394551" lon="-3.270782"><ele>56.0</ele></trkpt>
      <trkpt lat="54.394095" lon="-3.270746"><ele>55.0</ele></trkpt>
      <trkpt lat="54.393928" lon="-3.270633"><ele>55.0</ele></trkpt>
      <trkpt lat="54.393793" lon="-3.270340"><ele>58.0</ele></trkpt>
      <trkpt lat="54.393104" lon="-3.269932"><ele>58.0</ele></trkpt>
      <trkpt lat="54.392922" lon="-3.270034"><ele>57.0</ele></trkpt>
      <trkpt lat="54.392772" lon="-3.270018"><ele>56.0</ele></trkpt>
      <trkpt lat="54.392631" lon="-3.270400"><ele>52.0</ele></trkpt>
      <trkpt lat="54.391412" lon="-3.268603"><ele>55.0</ele></trkpt>
      <trkpt lat="54.391180" lon="-3.268134"><ele>57.0</ele></trkpt>
      <trkpt lat="54.390896" lon="-3.267202"><ele>57.0</ele></trkpt>
      <trkpt lat="54.390718" lon="-3.266886"><ele>57.0</ele></trkpt>
      <trkpt lat="54.390274" lon="-3.266378"><ele>61.0</ele></trkpt>
      <trkpt lat="54.389963" lon="-3.266218"><ele>64.0</ele></trkpt>
      <trkpt lat="54.390003" lon="-3.266568"><ele>64.0</ele></trkpt>
      <trkpt lat="54.390587" lon="-3.267466"><ele>56.0</ele></trkpt>
      <trkpt lat="54.390806" lon="-3.268020"><ele>54.0</ele></trkpt>
      <trkpt lat="54.390687" lon="-3.269830"><ele>52.0</ele></trkpt>
      <trkpt lat="54.390702" lon="-3.270775"><ele>52.0</ele></trkpt>
      <trkpt lat="54.390308" lon="-3.273778"><ele>59.0</ele></trkpt>
      <trkpt lat="54.390459" lon="-3.274920"><ele>61.0</ele></trkpt>
      <trkpt lat="54.390413" lon="-3.275133"><ele>61.0</ele></trkpt>
      <trkpt lat="54.390089" lon="-3.275059"><ele>63.0</ele></trkpt>
      <trkpt lat="54.389643" lon="-3.274637"><ele>69.0</ele></trkpt>
      <trkpt lat="54.389146" lon="-3.274396"><ele>74.0</ele></trkpt>
      <trkpt lat="54.388849" lon="-3.274172"><ele>75.0</ele></trkpt>
      <trkpt lat="54.388331" lon="-3.273555"><ele>75.0</ele></trkpt>
      <trkpt lat="54.387898" lon="-3.273681"><ele>82.0</ele></trkpt>
      <trkpt lat="54.387415" lon="-3.273301"><ele>83.0</ele></trkpt>
      <trkpt lat="54.387109" lon="-3.272691"><ele>88.0</ele></trkpt>
      <trkpt lat="54.386823" lon="-3.272553"><ele>94.0</ele></trkpt>
      <trkpt lat="54.386199" lon="-3.272480"><ele>107.0</ele></trkpt>
      <trkpt lat="54.386028" lon="-3.272711"><ele>112.0</ele></trkpt>
      <trkpt lat="54.385836" lon="-3.272555"><ele>117.0</ele></trkpt>
      <trkpt lat="54.385626" lon="-3.272881"><ele>123.0</ele></trkpt>
      <trkpt lat="54.385419" lon="-3.273003"><ele>130.0</ele></trkpt>
      <trkpt lat="54.385368" lon="-3.273678"><ele>133.0</ele></trkpt>
      <trkpt lat="54.385125" lon="-3.274196"><ele>137.0</ele></trkpt>
      <trkpt lat="54.385011" lon="-3.273742"><ele>138.0</ele></trkpt>
      <trkpt lat="54.384763" lon="-3.273573"><ele>142.0</ele></trkpt>
      <trkpt lat="54.384363" lon="-3.273528"><ele>149.0</ele></trkpt>
      <trkpt lat="54.384121" lon="-3.273338"><ele>152.0</ele></trkpt>
      <trkpt lat="54.383660" lon="-3.273839"><ele>150.0</ele></trkpt>
      <trkpt lat="54.383161" lon="-3.273716"><ele>154.0</ele></trkpt>
      <trkpt lat="54.382519" lon="-3.272977"><ele>162.0</ele></trkpt>
      <trkpt lat="54.382270" lon="-3.272347"><ele>166.0</ele></trkpt>
      <trkpt lat="54.382085" lon="-3.272062"><ele>167.0</ele></trkpt>
      <trkpt lat="54.381664" lon="-3.271738"><ele>171.0</ele></trkpt>
      <trkpt lat="54.381164" lon="-3.271712"><ele>176.0</ele></trkpt>
      <trkpt lat="54.380385" lon="-3.271494"><ele>177.0</ele></trkpt>
      <trkpt lat="54.380158" lon="-3.271691"><ele>178.0</ele></trkpt>
      <trkpt lat="54.379920" lon="-3.271727"><ele>177.0</ele></trkpt>
      <trkpt lat="54.379240" lon="-3.271609"><ele>178.0</ele></trkpt>
      <trkpt lat="54.378852" lon="-3.271661"><ele>181.0</ele></trkpt>
      <trkpt lat="54.378444" lon="-3.271885"><ele>182.0</ele></trkpt>
      <trkpt lat="54.378339" lon="-3.271710"><ele>180.0</ele></trkpt>
      <trkpt lat="54.378085" lon="-3.270919"><ele>176.0</ele></trkpt>
      <trkpt lat="54.377512" lon="-3.270128"><ele>175.0</ele></trkpt>
      <trkpt lat="54.377024" lon="-3.269641"><ele>179.0</ele></trkpt>
      <trkpt lat="54.376209" lon="-3.269852"><ele>182.0</ele></trkpt>
      <trkpt lat="54.375599" lon="-3.270187"><ele>184.0</ele></trkpt>
      <trkpt lat="54.375011" lon="-3.270845"><ele>184.0</ele></trkpt>
      <trkpt lat="54.374488" lon="-3.271783"><ele>187.0</ele></trkpt>
      <trkpt lat="54.373979" lon="-3.272068"><ele>188.0</ele></trkpt>
      <trkpt lat="54.373689" lon="-3.272338"><ele>190.0</ele></trkpt>
      <trkpt lat="54.373689" lon="-3.272918"><ele>192.0</ele></trkpt>
      <trkpt lat="54.373575" lon="-3.273096"><ele>194.0</ele></trkpt>
      <trkpt lat="54.372887" lon="-3.273129"><ele>197.0</ele></trkpt>
      <trkpt lat="54.372458" lon="-3.273469"><ele>200.0</ele></trkpt>
      <trkpt lat="54.371842" lon="-3.273772"><ele>204.0</ele></trkpt>
      <trkpt lat="54.371853" lon="-3.274492"><ele>209.0</ele></trkpt>
      <trkpt lat="54.371724" lon="-3.274938"><ele>212.0</ele></trkpt>
      <trkpt lat="54.371345" lon="-3.275259"><ele>216.0</ele></trkpt>
      <trkpt lat="54.371242" lon="-3.274966"><ele>218.0</ele></trkpt>
      <trkpt lat="54.371246" lon="-3.274569"><ele>216.0</ele></trkpt>
      <trkpt lat="54.371176" lon="-3.274159"><ele>214.0</ele></trkpt>
      <trkpt lat="54.371048" lon="-3.273780"><ele>214.0</ele></trkpt>
      <trkpt lat="54.370882" lon="-3.273549"><ele>215.0</ele></trkpt>
      <trkpt lat="54.370683" lon="-3.273479"><ele>216.0</ele></trkpt>
      <trkpt lat="54.370491" lon="-3.273838"><ele>218.0</ele></trkpt>
      <trkpt lat="54.369672" lon="-3.274636"><ele>225.0</ele></trkpt>
      <trkpt lat="54.369398" lon="-3.275100"><ele>226.0</ele></trkpt>
      <trkpt lat="54.369058" lon="-3.275916"><ele>228.0</ele></trkpt>
      <trkpt lat="54.368918" lon="-3.276115"><ele>228.0</ele></trkpt>
      <trkpt lat="54.368749" lon="-3.276711"><ele>231.0</ele></trkpt>
      <trkpt lat="54.368081" lon="-3.277838"><ele>237.0</ele></trkpt>
      <trkpt lat="54.367296" lon="-3.280561"><ele>248.0</ele></trkpt>
      <trkpt lat="54.365675" lon="-3.285457"><ele>253.0</ele></trkpt>
      <trkpt lat="54.365462" lon="-3.286083"><ele>252.0</ele></trkpt>
      <trkpt lat="54.364912" lon="-3.287193"><ele>247.0</ele></trkpt>
      <trkpt lat="54.364615" lon="-3.287505"><ele>244.0</ele></trkpt>
      <trkpt lat="54.364283" lon="-3.287623"><ele>244.0</ele></trkpt>
      <trkpt lat="54.364116" lon="-3.288026"><ele>242.0</ele></trkpt>
      <trkpt lat="54.362766" lon="-3.289164"><ele>243.0</ele></trkpt>
      <trkpt lat="54.362277" lon="-3.289814"><ele>242.0</ele></trkpt>
      <trkpt lat="54.362076" lon="-3.289936"><ele>244.0</ele></trkpt>
      <trkpt lat="54.361169" lon="-3.289940"><ele>240.0</ele></trkpt>
      <trkpt lat="54.361002" lon="-3.290418"><ele>237.0</ele></trkpt>
      <trkpt lat="54.360551" lon="-3.290489"><ele>237.0</ele></trkpt>
      <trkpt lat="54.360386" lon="-3.290667"><ele>237.0</ele></trkpt>
      <trkpt lat="54.360283" lon="-3.291500"><ele>233.0</ele></trkpt>
      <trkpt lat="54.360084" lon="-3.291998"><ele>236.0</ele></trkpt>
      <trkpt lat="54.359954" lon="-3.293089"><ele>235.0</ele></trkpt>
      <trkpt lat="54.359690" lon="-3.293832"><ele>234.0</ele></trkpt>
      <trkpt lat="54.359519" lon="-3.294567"><ele>235.0</ele></trkpt>
      <trkpt lat="54.359105" lon="-3.297011"><ele>235.0</ele></trkpt>
      <trkpt lat="54.358942" lon="-3.297692"><ele>237.0</ele></trkpt>
      <trkpt lat="54.358975" lon="-3.299239"><ele>234.0</ele></trkpt>
      <trkpt lat="54.358644" lon="-3.300398"><ele>239.0</ele></trkpt>
      <trkpt lat="54.358588" lon="-3.301534"><ele>238.0</ele></trkpt>
      <trkpt lat="54.359240" lon="-3.305997"><ele>240.0</ele></trkpt>
      <trkpt lat="54.359729" lon="-3.307042"><ele>239.0</ele></trkpt>
      <trkpt lat="54.359831" lon="-3.307486"><ele>241.0</ele></trkpt>
      <trkpt lat="54.360516" lon="-3.307679"><ele>244.0</ele></trkpt>
      <trkpt lat="54.359925" lon="-3.308615"><ele>242.0</ele></trkpt>
      <trkpt lat="54.360068" lon="-3.309768"><ele>240.0</ele></trkpt>
      <trkpt lat="54.360060" lon="-3.310573"><ele>239.0</ele></trkpt>
      <trkpt lat="54.360111" lon="-3.311068"><ele>236.0</ele></trkpt>
      <trkpt lat="54.360450" lon="-3.312066"><ele>232.0</ele></trkpt>
      <trkpt lat="54.360394" lon="-3.312622"><ele>229.0</ele></trkpt>
      <trkpt lat="54.359789" lon="-3.314169"><ele>222.0</ele></trkpt>
      <trkpt lat="54.359319" lon="-3.315989"><ele>214.0</ele></trkpt>
      <trkpt lat="54.359063" lon="-3.316571"><ele>211.0</ele></trkpt>
      <trkpt lat="54.358831" lon="-3.317787"><ele>208.0</ele></trkpt>
      <trkpt lat="54.358253" lon="-3.319775"><ele>206.0</ele></trkpt>
      <trkpt lat="54.357314" lon="-3.322160"><ele>204.0</ele></trkpt>
      <trkpt lat="54.357045" lon="-3.322741"><ele>202.0</ele></trkpt>
      <trkpt lat="54.356582" lon="-3.323306"><ele>199.0</ele></trkpt>
      <trkpt lat="54.356222" lon="-3.323627"><ele>199.0</ele></trkpt>
      <trkpt lat="54.355474" lon="-3.323999"><ele>196.0</ele></trkpt>
      <trkpt lat="54.355004" lon="-3.325197"><ele>192.0</ele></trkpt>
      <trkpt lat="54.354294" lon="-3.326097"><ele>186.0</ele></trkpt>
      <trkpt lat="54.353049" lon="-3.327859"><ele>181.0</ele></trkpt>
      <trkpt lat="54.352691" lon="-3.328502"><ele>182.0</ele></trkpt>
      <trkpt lat="54.352375" lon="-3.329426"><ele>182.0</ele></trkpt>
      <trkpt lat="54.352024" lon="-3.330080"><ele>181.0</ele></trkpt>
      <trkpt lat="54.351849" lon="-3.330621"><ele>183.0</ele></trkpt>
      <trkpt lat="54.351518" lon="-3.332821"><ele>179.0</ele></trkpt>
      <trkpt lat="54.351405" lon="-3.333987"><ele>177.0</ele></trkpt>
      <trkpt lat="54.351373" lon="-3.334619"><ele>175.0</ele></trkpt>
      <trkpt lat="54.351397" lon="-3.335907"><ele>171.0</ele></trkpt>
      <trkpt lat="54.351008" lon="-3.335455"><ele>173.0</ele></trkpt>
      <trkpt lat="54.350713" lon="-3.336089"><ele>170.0</ele></trkpt>
      <trkpt lat="54.349887" lon="-3.337286"><ele>158.0</ele></trkpt>
      <trkpt lat="54.349625" lon="-3.338350"><ele>151.0</ele></trkpt>
      <trkpt lat="54.349830" lon="-3.339623"><ele>145.0</ele></trkpt>
      <trkpt lat="54.349798" lon="-3.340169"><ele>141.0</ele></trkpt>
      <trkpt lat="54.350077" lon="-3.341530"><ele>133.0</ele></trkpt>
      <trkpt lat="54.350069" lon="-3.342271"><ele>132.0</ele></trkpt>
      <trkpt lat="54.349919" lon="-3.343371"><ele>130.0</ele></trkpt>
      <trkpt lat="54.350021" lon="-3.345456"><ele>130.0</ele></trkpt>
      <trkpt lat="54.349883" lon="-3.348896"><ele>138.0</ele></trkpt>
      <trkpt lat="54.349755" lon="-3.349664"><ele>142.0</ele></trkpt>
      <trkpt lat="54.349023" lon="-3.350263"><ele>141.0</ele></trkpt>
      <trkpt lat="54.348054" lon="-3.350767"><ele>142.0</ele></trkpt>
      <trkpt lat="54.346907" lon="-3.351556"><ele>142.0</ele></trkpt>
      <trkpt lat="54.346896" lon="-3.353680"><ele>165.0</ele></trkpt>
      <trkpt lat="54.346555" lon="-3.354495"><ele>161.0</ele></trkpt>
      <trkpt lat="54.346869" lon="-3.355546"><ele>159.0</ele></trkpt>
      <trkpt lat="54.347220" lon="-3.355987"><ele>160.0</ele></trkpt>
      <trkpt lat="54.346289" lon="-3.354776"><ele>153.0</ele></trkpt>
      <trkpt lat="54.345842" lon="-3.354536"><ele>149.0</ele></trkpt>
      <trkpt lat="54.345707" lon="-3.354242"><ele>148.0</ele></trkpt>
      <trkpt lat="54.344783" lon="-3.354136"><ele>131.0</ele></trkpt>
      <trkpt lat="54.344142" lon="-3.353858"><ele>121.0</ele></trkpt>
      <trkpt lat="54.343999" lon="-3.354336"><ele>116.0</ele></trkpt>
      <trkpt lat="54.343851" lon="-3.355232"><ele>105.0</ele></trkpt>
      <trkpt lat="54.343723" lon="-3.355518"><ele>101.0</ele></trkpt>
      <trkpt lat="54.343396" lon="-3.355679"><ele>95.0</ele></trkpt>
      <trkpt lat="54.343013" lon="-3.355752"><ele>91.0</ele></trkpt>
      <trkpt lat="54.342837" lon="-3.355875"><ele>90.0</ele></trkpt>
      <trkpt lat="54.343035" lon="-3.356622"><ele>84.0</ele></trkpt>
      <trkpt lat="54.342743" lon="-3.357031"><ele>81.0</ele></trkpt>
      <trkpt lat="54.342593" lon="-3.357541"><ele>77.0</ele></trkpt>
      <trkpt lat="54.342589" lon="-3.357905"><ele>75.0</ele></trkpt>
      <trkpt lat="54.342724" lon="-3.358103"><ele>72.0</ele></trkpt>
      <trkpt lat="54.342911" lon="-3.358184"><ele>70.0</ele></trkpt>
      <trkpt lat="54.342578" lon="-3.359418"><ele>64.0</ele></trkpt>
      <trkpt lat="54.342568" lon="-3.359729"><ele>61.0</ele></trkpt>
      <trkpt lat="54.342658" lon="-3.360065"><ele>58.0</ele></trkpt>
      <trkpt lat="54.342260" lon="-3.359912"><ele>62.0</ele></trkpt>
      <trkpt lat="54.341714" lon="-3.360581"><ele>56.0</ele></trkpt>
      <trkpt lat="54.341392" lon="-3.360870"><ele>53.0</ele></trkpt>
      <trkpt lat="54.341045" lon="-3.360548"><ele>55.0</ele></trkpt>
      <trkpt lat="54.340366" lon="-3.363648"><ele>30.0</ele></trkpt>
      <trkpt lat="54.340305" lon="-3.364622"><ele>28.0</ele></trkpt>
      <trkpt lat="54.339660" lon="-3.364633"><ele>29.0</ele></trkpt>
      <trkpt lat="54.339538" lon="-3.364919"><ele>27.0</ele></trkpt>
      <trkpt lat="54.339261" lon="-3.365135"><ele>28.0</ele></trkpt>
      <trkpt lat="54.339068" lon="-3.365000"><ele>31.0</ele></trkpt>
      <trkpt lat="54.338811" lon="-3.364497"><ele>38.0</ele></trkpt>
      <trkpt lat="54.338547" lon="-3.364585"><ele>43.0</ele></trkpt>
      <trkpt lat="54.338387" lon="-3.364912"><ele>44.0</ele></trkpt>
      <trkpt lat="54.338219" lon="-3.365443"><ele>45.0</ele></trkpt>
      <trkpt lat="54.337873" lon="-3.366097"><ele>51.0</ele></trkpt>
      <trkpt lat="54.337924" lon="-3.366625"><ele>49.0</ele></trkpt>
      <trkpt lat="54.337856" lon="-3.367116"><ele>49.0</ele></trkpt>
      <trkpt lat="54.337701" lon="-3.367476"><ele>49.0</ele></trkpt>
      <trkpt lat="54.336891" lon="-3.368307"><ele>48.0</ele></trkpt>
      <trkpt lat="54.336388" lon="-3.368548"><ele>51.0</ele></trkpt>
      <trkpt lat="54.335889" lon="-3.369551"><ele>47.0</ele></trkpt>
      <trkpt lat="54.335346" lon="-3.369951"><ele>47.0</ele></trkpt>
      <trkpt lat="54.335085" lon="-3.370372"><ele>45.0</ele></trkpt>
      <trkpt lat="54.334313" lon="-3.372245"><ele>40.0</ele></trkpt>
      <trkpt lat="54.334122" lon="-3.372003"><ele>41.0</ele></trkpt>
      <trkpt lat="54.333489" lon="-3.372626"><ele>41.0</ele></trkpt>
      <trkpt lat="54.332354" lon="-3.373918"><ele>39.0</ele></trkpt>
      <trkpt lat="54.332112" lon="-3.374296"><ele>39.0</ele></trkpt>
      <trkpt lat="54.331956" lon="-3.375386"><ele>33.0</ele></trkpt>
      <trkpt lat="54.332008" lon="-3.375742"><ele>31.0</ele></trkpt>
      <trkpt lat="54.331993" lon="-3.377029"><ele>29.0</ele></trkpt>
      <trkpt lat="54.331919" lon="-3.377520"><ele>30.0</ele></trkpt>
      <trkpt lat="54.330444" lon="-3.379037"><ele>36.0</ele></trkpt>
      <trkpt lat="54.331323" lon="-3.379850"><ele>34.0</ele></trkpt>
      <trkpt lat="54.331809" lon="-3.380575"><ele>32.0</ele></trkpt>
      <trkpt lat="54.331896" lon="-3.381211"><ele>31.0</ele></trkpt>
      <trkpt lat="54.331943" lon="-3.382006"><ele>30.0</ele></trkpt>
      <trkpt lat="54.331919" lon="-3.382950"><ele>29.0</ele></trkpt>
      <trkpt lat="54.331809" lon="-3.383847"><ele>26.0</ele></trkpt>
      <trkpt lat="54.331784" lon="-3.384426"><ele>24.0</ele></trkpt>
      <trkpt lat="54.331847" lon="-3.384943"><ele>24.0</ele></trkpt>
      <trkpt lat="54.332539" lon="-3.387295"><ele>22.0</ele></trkpt>
      <trkpt lat="54.333588" lon="-3.389166"><ele>16.0</ele></trkpt>
      <trkpt lat="54.333781" lon="-3.389784"><ele>15.0</ele></trkpt>
      <trkpt lat="54.334043" lon="-3.390372"><ele>11.0</ele></trkpt>
      <trkpt lat="54.334024" lon="-3.391509"><ele>9.0</ele></trkpt>
      <trkpt lat="54.334057" lon="-3.391864"><ele>9.0</ele></trkpt>
      <trkpt lat="54.334855" lon="-3.393233"><ele>6.0</ele></trkpt>
      <trkpt lat="54.334954" lon="-3.394427"><ele>5.0</ele></trkpt>
      <trkpt lat="54.334747" lon="-3.394968"><ele>6.0</ele></trkpt>
      <trkpt lat="54.334379" lon="-3.397627"><ele>6.0</ele></trkpt>
      <trkpt lat="54.334356" lon="-3.398528"><ele>5.0</ele></trkpt>
      <trkpt lat="54.334074" lon="-3.400192"><ele>3.0</ele></trkpt>
      <trkpt lat="54.334036" lon="-3.400706"><ele>4.0</ele></trkpt>
      <trkpt lat="54.334087" lon="-3.401223"><ele>4.0</ele></trkpt>
      <trkpt lat="54.334099" lon="-3.402328"><ele>6.0</ele></trkpt>
      <trkpt lat="54.334139" lon="-3.402684"><ele>5.0</ele></trkpt>
      <trkpt lat="54.334853" lon="-3.404221"><ele>5.0</ele></trkpt>
      <trkpt lat="54.335193" lon="-3.404544"><ele>5.0</ele></trkpt>
      <trkpt lat="54.335516" lon="-3.404727"><ele>5.0</ele></trkpt>
      <trkpt lat="54.335540" lon="-3.405393"><ele>5.0</ele></trkpt>
      <trkpt lat="54.335795" lon="-3.405520"><ele>1.0</ele></trkpt>
      <trkpt lat="54.336046" lon="-3.406001"><ele>1.0</ele></trkpt>
      <trkpt lat="54.336346" lon="-3.405442"><ele>0.0</ele></trkpt>
      <trkpt lat="54.338089" lon="-3.405158"><ele>0.0</ele></trkpt>
      <trkpt lat="54.338661" lon="-3.406026"><ele>0.0</ele></trkpt>
      <trkpt lat="54.339721" lon="-3.406845"><ele>3.0</ele></trkpt>
      <trkpt lat="54.341287" lon="-3.407221"><ele>0.0</ele></trkpt>
      <trkpt lat="54.341476" lon="-3.407056"><ele>2.0</ele></trkpt>
      <trkpt lat="54.342563" lon="-3.405612"><ele>5.0</ele></trkpt>
      <trkpt lat="54.342819" lon="-3.405117"><ele>6.0</ele></trkpt>
      <trkpt lat="54.343553" lon="-3.404960"><ele>5.0</ele></trkpt>
      <trkpt lat="54.343922" lon="-3.405455"><ele>1.0</ele></trkpt>
      <trkpt lat="54.344502" lon="-3.405647"><ele>0.0</ele></trkpt>
      <trkpt lat="54.345461" lon="-3.405454"><ele>2.0</ele></trkpt>
      <trkpt lat="54.346397" lon="-3.405132"><ele>6.0</ele></trkpt>
      <trkpt lat="54.347897" lon="-3.405237"><ele>5.0</ele></trkpt>
      <trkpt lat="54.350307" lon="-3.406114"><ele>5.0</ele></trkpt>
      <trkpt lat="54.351099" lon="-3.406818"><ele>6.0</ele></trkpt>
      <trkpt lat="54.351930" lon="-3.408509"><ele>4.0</ele></trkpt>
      <trkpt lat="54.352380" lon="-3.409051"><ele>3.0</ele></trkpt>
      <trkpt lat="54.352847" lon="-3.409807"><ele>6.0</ele></trkpt>
      <trkpt lat="54.353006" lon="-3.410617"><ele>6.0</ele></trkpt>
      <trkpt lat="54.353198" lon="-3.410753"><ele>6.0</ele></trkpt>
      <trkpt lat="54.354000" lon="-3.410705"><ele>7.0</ele></trkpt>
    </trkseg>
  </trk>
</gpx>
