<?xml version="1.0" encoding="UTF-8"?>
<gpx version="1.1" creator="route-planner"
  xmlns="http://www.topografix.com/GPX/1/1"
  xmlns:xsi="http://www.w3.org/2001/XMLSchema-instance"
  xsi:schemaLocation="http://www.topografix.com/GPX/1/1 http://www.topografix.com/GPX/1/1/gpx.xsd">
  <metadata>
    <name>Lakeland Way — Anticlockwise, full route with recommended detours</name>
    <desc>Base 208.3km plus 80.5km of peak and swim detours (+5970m ascent), chosen so no day exceeds 30km and the trip averages under 25km.</desc>
  </metadata>
  <wpt lat="54.372438" lon="-3.368438">
    <ele>231.0</ele>
    <name>Muncaster Fell 231m</name>
    <desc>A 231m wooded ridge near the coast at the very start and end of the route. Detour: +3.7km, +171m ascent.</desc>
    <type>peaks</type>
  </wpt>
  <wpt lat="54.432701" lon="-3.282570">
    <ele>609.0</ele>
    <name>Illgill Head 609m</name>
    <desc>A 609m fell forming the top of the Wast Water Screes, which fall 500m straight into the deepest lake in England. Grassy and gentle from behind, spectacular at the edge. Detour: +4.4km, +325m ascent.</desc>
    <type>peaks</type>
  </wpt>
  <wpt lat="54.454098" lon="-3.212285">
    <ele>978.0</ele>
    <name>Scafell Pike 978m</name>
    <desc>England&apos;s highest ground at 978m. A boulder-strewn summit plateau with a huge cairn; cairned throughout but genuinely serious in mist, where the plateau defeats casual navigation. Usual approach from the route is via Lingmell Col. Detour: +5.9km, +474m ascent.</desc>
    <type>peaks</type>
  </wpt>
  <wpt lat="54.466099" lon="-3.180239">
    <ele>785.0</ele>
    <name>Allen Crags 785m</name>
    <desc>A 785m top on the Esk Hause crossing, an easy addition to a Scafell day. Detour: +0.6km, +52m ascent.</desc>
    <type>peaks</type>
  </wpt>
  <wpt lat="54.447366" lon="-3.165820">
    <ele>902.0</ele>
    <name>Bowfell 902m</name>
    <desc>A 902m pyramid at the head of Langdale with a genuinely rocky top and the Great Slab on its flank. The Band gives a long but never technical ascent. Detour: +3.1km, +336m ascent.</desc>
    <type>peaks</type>
  </wpt>
  <wpt lat="54.457309" lon="-3.159932">
    <ele>651.0</ele>
    <name>Rossett Pike 651m</name>
    <desc>A 651m top above Rossett Gill and Angle Tarn at the head of Langdale. Detour: +1.4km, +79m ascent.</desc>
    <type>peaks</type>
  </wpt>
  <wpt lat="54.456888" lon="-3.108992">
    <ele>736.0</ele>
    <name>Harrison Stickle 736m</name>
    <desc>The highest of the Langdale Pikes at 736m, an abrupt rocky top with the whole valley beneath it. Detour: +5.1km, +313m ascent.</desc>
    <type>peaks</type>
  </wpt>
  <wpt lat="54.457830" lon="-3.110693">
    <ele>700.0</ele>
    <name>Pavey Ark 700m</name>
    <desc>A 700m crag above Stickle Tarn, crossed by Jack&apos;s Rake — a rising Grade 1 scramble up the face of the cliff that is exposed, polished and unforgiving when wet. The summit is reached easily from behind if the Rake is not wanted. Detour: +4.7km, +271m ascent.</desc>
    <type>peaks</type>
  </wpt>
  <wpt lat="54.502648" lon="-3.210634">
    <ele>697.0</ele>
    <name>Grey Knotts 697m</name>
    <desc>A 697m rocky top directly above Honister Pass. Detour: +1.8km, +141m ascent.</desc>
    <type>peaks</type>
  </wpt>
  <wpt lat="54.506763" lon="-3.247822">
    <ele>597.0</ele>
    <name>Haystacks 597m</name>
    <desc>At 597m, Wainwright&apos;s favourite fell and where his ashes were scattered. A knot of small tops, tarns and rock — far more interesting than its modest height suggests. Detour: +6.3km, +504m ascent.</desc>
    <type>peaks</type>
  </wpt>
  <wpt lat="54.587513" lon="-3.261122">
    <ele>770.0</ele>
    <name>Hopegill Head 770m</name>
    <desc>A 770m summit at the head of Hobcarton Crag, one of the sharpest tops here. Detour: +3.1km, +270m ascent.</desc>
    <type>peaks</type>
  </wpt>
  <wpt lat="54.568648" lon="-3.170826">
    <ele>451.0</ele>
    <name>Cat Bells 451m</name>
    <desc>A 451m ridge above Derwent Water, out of all proportion in popularity to its size — a short, rocky, thoroughly enjoyable up-and-down with a superb view over the lake. Detour: +12.9km, +365m ascent.</desc>
    <type>peaks</type>
  </wpt>
  <wpt lat="54.593277" lon="-3.032240">
    <ele>726.0</ele>
    <name>Clough Head 726m</name>
    <desc>A 726m fell at the north end of the Dodds with a steep western face. Detour: +2.4km, +372m ascent.</desc>
    <type>peaks</type>
  </wpt>
  <wpt lat="54.555089" lon="-2.977156">
    <ele>675.0</ele>
    <name>Sheffield Pike 675m</name>
    <desc>A 675m fell between Glencoyne and Glenridding, above old lead workings. Detour: +1.9km, +125m ascent.</desc>
    <type>peaks</type>
  </wpt>
  <wpt lat="54.515412" lon="-2.877346">
    <ele>696.0</ele>
    <name>Rest Dodd 696m</name>
    <desc>A 696m fell on the Martindale side of the High Street ridge. Detour: +1.6km, +159m ascent.</desc>
    <type>peaks</type>
  </wpt>
  <wpt lat="54.513781" lon="-2.854141">
    <ele>802.0</ele>
    <name>High Raise (High Street) 802m</name>
    <desc>An 802m broad top, the highest of the far eastern fells after High Street. Detour: +3.0km, +144m ascent.</desc>
    <type>peaks</type>
  </wpt>
  <wpt lat="54.507436" lon="-2.861731">
    <ele>792.0</ele>
    <name>Rampsgill Head 792m</name>
    <desc>A 792m top with crags falling into Rampsgill, beside Kidsty Pike. Detour: +1.2km, +73m ascent.</desc>
    <type>peaks</type>
  </wpt>
  <wpt lat="54.505683" lon="-2.855517">
    <ele>780.0</ele>
    <name>Kidsty Pike 780m</name>
    <desc>A 780m top with a neat peaked profile above Riggindale, overlooking Haweswater. Detour: +2.2km, +86m ascent.</desc>
    <type>peaks</type>
  </wpt>
  <wpt lat="54.482153" lon="-2.878177">
    <ele>784.0</ele>
    <name>Thornthwaite Crag 784m</name>
    <desc>A 784m top marked by a 4m stone beacon, at the junction of several ridges. Detour: +0.8km, +0m ascent.</desc>
    <type>peaks</type>
  </wpt>
  <wpt lat="54.468708" lon="-2.873260">
    <ele>720.0</ele>
    <name>Froswick 720m</name>
    <desc>A 720m cone on the Kentmere horseshoe, a smaller echo of Ill Bell. Detour: +1.2km, +104m ascent.</desc>
    <type>peaks</type>
  </wpt>
  <wpt lat="54.450290" lon="-3.042519">
    <ele>395.0</ele>
    <name>Silver How 395m</name>
    <desc>A 395m top above Grasmere with a fine view of the vale and the Langdale Pikes. Detour: +2.2km, +213m ascent.</desc>
    <type>peaks</type>
  </wpt>
  <wpt lat="54.376762" lon="-3.123790">
    <ele>796.0</ele>
    <name>Brim Fell 796m</name>
    <desc>A 796m grassy top on the ridge north of Coniston Old Man. Detour: +5.2km, +450m ascent.</desc>
    <type>peaks</type>
  </wpt>
  <wpt lat="54.370486" lon="-3.122079">
    <ele>803.0</ele>
    <name>Coniston Old Man 803m</name>
    <desc>An 803m fell rising straight from the village, its flanks full of slate quarries and copper workings. Large summit cairn and a view to the sea. Detour: +5.0km, +507m ascent.</desc>
    <type>peaks</type>
  </wpt>
  <wpt lat="54.370357" lon="-3.135929">
    <ele>778.0</ele>
    <name>Dow Crag 778m</name>
    <desc>A 778m summit perched above five great climbing buttresses dropping to Goats Water. The walk up is easy; the north face is not. Detour: +3.6km, +181m ascent.</desc>
    <type>peaks</type>
  </wpt>
  <wpt lat="54.386757" lon="-3.205679">
    <ele>653.0</ele>
    <name>Harter Fell (Eskdale) 653m</name>
    <desc>A 653m fell of rocky tors above Eskdale, and one of the best-shaped small fells in the district. The true summit needs a short easy scramble. Detour: +2.9km, +400m ascent.</desc>
    <type>peaks</type>
  </wpt>
  <wpt lat="54.410317" lon="-3.186340">
    <ele>549.0</ele>
    <name>Hard Knott 549m</name>
    <desc>A 549m rocky fell above the pass, with the remains of the Roman fort of Mediobogdum on its shoulder. Detour: +2.0km, +142m ascent.</desc>
    <type>peaks</type>
  </wpt>
  <wpt lat="54.428301" lon="-3.259506">
    <ele>254.0</ele>
    <name>Burnmoor Tarn</name>
    <desc>A wide shallow tarn on the moor between Eskdale and Wasdale at 254m. Peaty and comparatively mild; the surrounding ground is boggy, so use the firmer northern shore. Detour: +0.0km, +0m ascent.</desc>
    <type>wild-swim-spots</type>
  </wpt>
  <wpt lat="54.472261" lon="-3.219753">
    <ele>217.0</ele>
    <name>Emerald Pools</name>
    <desc>Green-tinted pools in the bed of Lingmell Beck below Wasdale Head, where the water has cut into clean rock. Cold and clear; easy entry from the shingle. Detour: +2.6km, +163m ascent.</desc>
    <type>wild-swim-spots</type>
  </wpt>
  <wpt lat="54.478084" lon="-3.202674">
    <ele>440.0</ele>
    <name>Styhead Tarn</name>
    <desc>Beneath Great Gable at 440m, right on the pass. Popular by day, quiet at either end of it. Mountain rescue stretcher box nearby. Detour: +1.4km, +49m ascent.</desc>
    <type>wild-swim-spots</type>
  </wpt>
  <wpt lat="54.458658" lon="-3.167308">
    <ele>557.0</ele>
    <name>Angle Tarn</name>
    <desc>Sitting at 557m under Bowfell and Rossett Pike, dark and deep with a boulder shore. Reached directly by the route over Rossett Gill. Detour: +0.0km, +0m ascent.</desc>
    <type>wild-swim-spots</type>
  </wpt>
  <wpt lat="54.522538" lon="-3.165788">
    <ele>167.0</ele>
    <name>Scaleclose Force</name>
    <desc>A fall on the beck below Honister, close to the route. Detour: +1.0km, +45m ascent.</desc>
    <type>wild-swim-spots</type>
  </wpt>
  <wpt lat="54.504258" lon="-3.234004">
    <ele>487.0</ele>
    <name>Blackbeck Tarn</name>
    <desc>Just east of Innominate Tarn at 487m, a little larger and usually deserted. Detour: +2.9km, +208m ascent.</desc>
    <type>wild-swim-spots</type>
  </wpt>
  <wpt lat="54.505491" lon="-3.240770">
    <ele>528.0</ele>
    <name>Innominate Tarn</name>
    <desc>The tarn on Haystacks where Wainwright&apos;s ashes were scattered, at 528m. Small, peat-bedded and ringed by rock — the view down Ennerdale is the reason to stop. Detour: +3.4km, +261m ascent.</desc>
    <type>wild-swim-spots</type>
  </wpt>
  <wpt lat="54.502068" lon="-2.879572">
    <ele>428.0</ele>
    <name>Hayeswater</name>
    <desc>A former reservoir at 428m under Gray Crag, now returned to a natural tarn. Detour: +0.3km, +0m ascent.</desc>
    <type>wild-swim-spots</type>
  </wpt>
  <wpt lat="54.488920" lon="-2.852351">
    <ele>486.0</ele>
    <name>Blea Water</name>
    <desc>The deepest tarn in England at around 63m, held in a textbook glacial corrie under High Street at 486m. Very cold, very clear, with a boulder shore and no easy shallows. Detour: +3.9km, +341m ascent.</desc>
    <type>wild-swim-spots</type>
  </wpt>
  <wpt lat="54.452227" lon="-2.979696">
    <ele>146.0</ele>
    <name>High Fall</name>
    <desc>A fall in the Rydal Beck valley behind Rydal Hall. Detour: +0.7km, +35m ascent.</desc>
    <type>wild-swim-spots</type>
  </wpt>
  <wpt lat="54.427755" lon="-3.029350">
    <ele>56.0</ele>
    <name>Elter Water</name>
    <desc>Shallow and reed-fringed at 56m, with the Langdale Pikes filling the view. Warmest water on the route by some margin. Detour: +2.1km, +13m ascent.</desc>
    <type>wild-swim-spots</type>
  </wpt>
  <wpt lat="54.419693" lon="-3.066548">
    <ele>104.0</ele>
    <name>Little Langdale Tarn</name>
    <desc>A quiet valley tarn at 104m with a reedy shore; much less visited than Elter Water. Detour: +2.3km, +64m ascent.</desc>
    <type>wild-swim-spots</type>
  </wpt>
  <wpt lat="54.384129" lon="-3.111418">
    <ele>413.0</ele>
    <name>Levers Water</name>
    <desc>A dammed tarn at 413m in the Coppermines valley above Coniston, surrounded by mine workings. Deep, clear and cold. Detour: +0.8km, +0m ascent.</desc>
    <type>wild-swim-spots</type>
  </wpt>
  <wpt lat="54.374549" lon="-3.117781">
    <ele>546.0</ele>
    <name>Low Water</name>
    <desc>A shelf tarn at 546m directly below the summit of Coniston Old Man. Detour: +3.3km, +260m ascent.</desc>
    <type>wild-swim-spots</type>
  </wpt>
  <wpt lat="54.360667" lon="-3.136620">
    <ele>565.0</ele>
    <name>Blind Tarn</name>
    <desc>A true corrie tarn at 565m on Dow Crag with no inlet or outlet stream — it is fed entirely by the fell around it. Detour: +0.9km, +54m ascent.</desc>
    <type>wild-swim-spots</type>
  </wpt>
  <wpt lat="54.361363" lon="-3.297380">
    <ele>234.0</ele>
    <name>Devoke Water</name>
    <desc>The largest tarn in the district at 234m, alone on Birker Fell with no fells immediately around it. Big skies, no shelter, rarely anyone there. Detour: +3.3km, +0m ascent.</desc>
    <type>wild-swim-spots</type>
  </wpt>
  <trk>
    <name>Lakeland Way (with detours)</name>
    <trkseg>
      <trkpt lat="54.355452" lon="-3.408099"><ele>12.0</ele></trkpt>
      <trkpt lat="54.355047" lon="-3.407956"><ele>12.0</ele></trkpt>
      <trkpt lat="54.355505" lon="-3.407285"><ele>15.0</ele></trkpt>
      <trkpt lat="54.355853" lon="-3.406417"><ele>15.0</ele></trkpt>
      <trkpt lat="54.354888" lon="-3.406052"><ele>18.0</ele></trkpt>
      <trkpt lat="54.354790" lon="-3.405866"><ele>18.0</ele></trkpt>
      <trkpt lat="54.354515" lon="-3.405921"><ele>19.0</ele></trkpt>
      <trkpt lat="54.353898" lon="-3.405728"><ele>19.0</ele></trkpt>
      <trkpt lat="54.352886" lon="-3.405629"><ele>16.0</ele></trkpt>
      <trkpt lat="54.351641" lon="-3.404604"><ele>18.0</ele></trkpt>
      <trkpt lat="54.350718" lon="-3.404347"><ele>17.0</ele></trkpt>
      <trkpt lat="54.349619" lon="-3.403097"><ele>23.0</ele></trkpt>
      <trkpt lat="54.349210" lon="-3.399531"><ele>29.0</ele></trkpt>
      <trkpt lat="54.348976" lon="-3.399222"><ele>29.0</ele></trkpt>
      <trkpt lat="54.348891" lon="-3.398468"><ele>33.0</ele></trkpt>
      <trkpt lat="54.348469" lon="-3.397102"><ele>39.0</ele></trkpt>
      <trkpt lat="54.348670" lon="-3.396497"><ele>43.0</ele></trkpt>
      <trkpt lat="54.348740" lon="-3.394299"><ele>61.0</ele></trkpt>
      <trkpt lat="54.348836" lon="-3.394034"><ele>64.0</ele></trkpt>
      <trkpt lat="54.350169" lon="-3.391848"><ele>80.0</ele></trkpt>
      <trkpt lat="54.350670" lon="-3.390674"><ele>84.0</ele></trkpt>
      <trkpt lat="54.351784" lon="-3.387364"><ele>96.0</ele></trkpt>
      <trkpt lat="54.352033" lon="-3.386417"><ele>101.0</ele></trkpt>
      <trkpt lat="54.352403" lon="-3.385732"><ele>101.0</ele></trkpt>
      <trkpt lat="54.353390" lon="-3.384778"><ele>95.0</ele></trkpt>
      <trkpt lat="54.353664" lon="-3.384337"><ele>93.0</ele></trkpt>
      <trkpt lat="54.354458" lon="-3.383838"><ele>84.0</ele></trkpt>
      <trkpt lat="54.355280" lon="-3.383018"><ele>67.0</ele></trkpt>
      <trkpt lat="54.355641" lon="-3.381571"><ele>56.0</ele></trkpt>
      <trkpt lat="54.355978" lon="-3.381046"><ele>58.0</ele></trkpt>
      <trkpt lat="54.356357" lon="-3.380683"><ele>60.0</ele></trkpt>
      <trkpt lat="54.357612" lon="-3.381423"><ele>72.0</ele></trkpt>
      <trkpt lat="54.357884" lon="-3.383385"><ele>77.0</ele></trkpt>
      <trkpt lat="54.358650" lon="-3.385804"><ele>87.0</ele></trkpt>
      <trkpt lat="54.358742" lon="-3.385925"><ele>85.0</ele></trkpt>
      <trkpt lat="54.359709" lon="-3.384487"><ele>104.0</ele></trkpt>
      <trkpt lat="54.360350" lon="-3.383683"><ele>106.0</ele></trkpt>
      <trkpt lat="54.365035" lon="-3.378422"><ele>161.0</ele></trkpt>
      <trkpt lat="54.365349" lon="-3.377746"><ele>161.0</ele></trkpt>
      <trkpt lat="54.365538" lon="-3.377591"><ele>159.0</ele></trkpt>
      <trkpt lat="54.365763" lon="-3.377566"><ele>161.0</ele></trkpt>
      <trkpt lat="54.366066" lon="-3.377909"><ele>166.0</ele></trkpt>
      <trkpt lat="54.366235" lon="-3.377861"><ele>165.0</ele></trkpt>
      <trkpt lat="54.366501" lon="-3.377065"><ele>161.0</ele></trkpt>
      <trkpt lat="54.366478" lon="-3.376829"><ele>162.0</ele></trkpt>
      <trkpt lat="54.365870" lon="-3.375853"><ele>151.0</ele></trkpt>
      <trkpt lat="54.365820" lon="-3.375368"><ele>151.0</ele></trkpt>
      <trkpt lat="54.365968" lon="-3.374987"><ele>152.0</ele></trkpt>
      <trkpt lat="54.366265" lon="-3.374707"><ele>156.0</ele></trkpt>
      <trkpt lat="54.366463" lon="-3.374360"><ele>156.0</ele></trkpt>
      <trkpt lat="54.366543" lon="-3.373858"><ele>153.0</ele></trkpt>
      <trkpt lat="54.366359" lon="-3.373004"><ele>144.0</ele></trkpt>
      <trkpt lat="54.365985" lon="-3.370727"><ele>117.0</ele></trkpt>
      <trkpt lat="54.366040" lon="-3.369731"><ele>106.0</ele></trkpt>
      <trkpt lat="54.366227" lon="-3.367623"><ele>86.0</ele></trkpt>
      <trkpt lat="54.366354" lon="-3.366930"><ele>81.0</ele></trkpt>
      <trkpt lat="54.366585" lon="-3.365822"><ele>78.0</ele></trkpt>
      <trkpt lat="54.367252" lon="-3.363525"><ele>63.0</ele></trkpt>
      <trkpt lat="54.367199" lon="-3.363469"><ele>44.3</ele></trkpt>
      <trkpt lat="54.366865" lon="-3.364362"><ele>48.5</ele></trkpt>
      <trkpt lat="54.366443" lon="-3.366615"><ele>68.8</ele></trkpt>
      <trkpt lat="54.366176" lon="-3.367791"><ele>76.5</ele></trkpt>
      <trkpt lat="54.365954" lon="-3.370580"><ele>106.0</ele></trkpt>
      <trkpt lat="54.365984" lon="-3.370963"><ele>110.8</ele></trkpt>
      <trkpt lat="54.366477" lon="-3.373929"><ele>141.0</ele></trkpt>
      <trkpt lat="54.366428" lon="-3.374342"><ele>146.0</ele></trkpt>
      <trkpt lat="54.365909" lon="-3.375211"><ele>149.5</ele></trkpt>
      <trkpt lat="54.365872" lon="-3.375624"><ele>151.3</ele></trkpt>
      <trkpt lat="54.365894" lon="-3.375800"><ele>152.3</ele></trkpt>
      <trkpt lat="54.366022" lon="-3.376092"><ele>154.0</ele></trkpt>
      <trkpt lat="54.366331" lon="-3.376592"><ele>154.8</ele></trkpt>
      <trkpt lat="54.366470" lon="-3.376689"><ele>155.3</ele></trkpt>
      <trkpt lat="54.367404" lon="-3.375747"><ele>168.8</ele></trkpt>
      <trkpt lat="54.367770" lon="-3.375041"><ele>173.8</ele></trkpt>
      <trkpt lat="54.368160" lon="-3.374541"><ele>174.0</ele></trkpt>
      <trkpt lat="54.368673" lon="-3.373548"><ele>174.3</ele></trkpt>
      <trkpt lat="54.369105" lon="-3.373009"><ele>173.3</ele></trkpt>
      <trkpt lat="54.369207" lon="-3.373022"><ele>173.0</ele></trkpt>
      <trkpt lat="54.369504" lon="-3.372416"><ele>171.5</ele></trkpt>
      <trkpt lat="54.369659" lon="-3.371906"><ele>173.3</ele></trkpt>
      <trkpt lat="54.370355" lon="-3.370554"><ele>182.0</ele></trkpt>
      <trkpt lat="54.370483" lon="-3.370528"><ele>184.0</ele></trkpt>
      <trkpt lat="54.370594" lon="-3.370390"><ele>185.3</ele></trkpt>
      <trkpt lat="54.370826" lon="-3.369921"><ele>187.8</ele></trkpt>
      <trkpt lat="54.371520" lon="-3.369256"><ele>200.3</ele></trkpt>
      <trkpt lat="54.371816" lon="-3.369149"><ele>204.0</ele></trkpt>
      <trkpt lat="54.372129" lon="-3.368738"><ele>214.0</ele></trkpt>
      <trkpt lat="54.372224" lon="-3.368697"><ele>216.0</ele></trkpt>
      <trkpt lat="54.372363" lon="-3.368789"><ele>219.3</ele></trkpt>
      <trkpt lat="54.372491" lon="-3.368628"><ele>224.3</ele></trkpt>
      <trkpt lat="54.372511" lon="-3.368469"><ele>226.0</ele></trkpt>
      <trkpt lat="54.372491" lon="-3.368628"><ele>224.3</ele></trkpt>
      <trkpt lat="54.372363" lon="-3.368789"><ele>219.3</ele></trkpt>
      <trkpt lat="54.372224" lon="-3.368697"><ele>216.0</ele></trkpt>
      <trkpt lat="54.372129" lon="-3.368738"><ele>214.0</ele></trkpt>
      <trkpt lat="54.371816" lon="-3.369149"><ele>204.0</ele></trkpt>
      <trkpt lat="54.371520" lon="-3.369256"><ele>200.3</ele></trkpt>
      <trkpt lat="54.370826" lon="-3.369921"><ele>187.8</ele></trkpt>
      <trkpt lat="54.370483" lon="-3.370528"><ele>184.0</ele></trkpt>
      <trkpt lat="54.370355" lon="-3.370554"><ele>182.0</ele></trkpt>
      <trkpt lat="54.369659" lon="-3.371906"><ele>173.3</ele></trkpt>
      <trkpt lat="54.369504" lon="-3.372416"><ele>171.5</ele></trkpt>
      <trkpt lat="54.369207" lon="-3.373022"><ele>173.0</ele></trkpt>
      <trkpt lat="54.369105" lon="-3.373009"><ele>173.3</ele></trkpt>
      <trkpt lat="54.368673" lon="-3.373548"><ele>174.3</ele></trkpt>
      <trkpt lat="54.368160" lon="-3.374541"><ele>174.0</ele></trkpt>
      <trkpt lat="54.367770" lon="-3.375041"><ele>173.8</ele></trkpt>
      <trkpt lat="54.367404" lon="-3.375747"><ele>168.8</ele></trkpt>
      <trkpt lat="54.366470" lon="-3.376689"><ele>155.3</ele></trkpt>
      <trkpt lat="54.366331" lon="-3.376592"><ele>154.8</ele></trkpt>
      <trkpt lat="54.365934" lon="-3.375918"><ele>153.0</ele></trkpt>
      <trkpt lat="54.365872" lon="-3.375624"><ele>151.3</ele></trkpt>
      <trkpt lat="54.365909" lon="-3.375211"><ele>149.5</ele></trkpt>
      <trkpt lat="54.366428" lon="-3.374342"><ele>146.0</ele></trkpt>
      <trkpt lat="54.366477" lon="-3.373929"><ele>141.0</ele></trkpt>
      <trkpt lat="54.365984" lon="-3.370963"><ele>110.8</ele></trkpt>
      <trkpt lat="54.365954" lon="-3.370580"><ele>106.0</ele></trkpt>
      <trkpt lat="54.365989" lon="-3.370037"><ele>98.8</ele></trkpt>
      <trkpt lat="54.366176" lon="-3.367791"><ele>76.5</ele></trkpt>
      <trkpt lat="54.366443" lon="-3.366615"><ele>68.8</ele></trkpt>
      <trkpt lat="54.366865" lon="-3.364362"><ele>48.5</ele></trkpt>
      <trkpt lat="54.367199" lon="-3.363469"><ele>44.3</ele></trkpt>
      <trkpt lat="54.367729" lon="-3.361781"><ele>45.0</ele></trkpt>
      <trkpt lat="54.367880" lon="-3.361110"><ele>36.0</ele></trkpt>
      <trkpt lat="54.367892" lon="-3.360563"><ele>29.0</ele></trkpt>
      <trkpt lat="54.368131" lon="-3.359895"><ele>29.0</ele></trkpt>
      <trkpt lat="54.368393" lon="-3.359389"><ele>29.0</ele></trkpt>
      <trkpt lat="54.368760" lon="-3.358982"><ele>30.0</ele></trkpt>
      <trkpt lat="54.368907" lon="-3.358719"><ele>28.0</ele></trkpt>
      <trkpt lat="54.369153" lon="-3.357965"><ele>25.0</ele></trkpt>
      <trkpt lat="54.369367" lon="-3.357253"><ele>22.0</ele></trkpt>
      <trkpt lat="54.369546" lon="-3.356422"><ele>24.0</ele></trkpt>
      <trkpt lat="54.369658" lon="-3.355310"><ele>21.0</ele></trkpt>
      <trkpt lat="54.369877" lon="-3.354716"><ele>21.0</ele></trkpt>
      <trkpt lat="54.370309" lon="-3.354183"><ele>21.0</ele></trkpt>
      <trkpt lat="54.371018" lon="-3.352780"><ele>25.0</ele></trkpt>
      <trkpt lat="54.371183" lon="-3.351980"><ele>24.0</ele></trkpt>
      <trkpt lat="54.371725" lon="-3.350539"><ele>24.0</ele></trkpt>
      <trkpt lat="54.372253" lon="-3.349709"><ele>31.0</ele></trkpt>
      <trkpt lat="54.372591" lon="-3.348497"><ele>26.0</ele></trkpt>
      <trkpt lat="54.372653" lon="-3.348037"><ele>25.0</ele></trkpt>
      <trkpt lat="54.372666" lon="-3.346889"><ele>21.0</ele></trkpt>
      <trkpt lat="54.372809" lon="-3.346358"><ele>20.0</ele></trkpt>
      <trkpt lat="54.372978" lon="-3.345827"><ele>20.0</ele></trkpt>
      <trkpt lat="54.373593" lon="-3.344463"><ele>24.0</ele></trkpt>
      <trkpt lat="54.374304" lon="-3.342651"><ele>28.0</ele></trkpt>
      <trkpt lat="54.375169" lon="-3.339621"><ele>24.0</ele></trkpt>
      <trkpt lat="54.375386" lon="-3.339199"><ele>25.0</ele></trkpt>
      <trkpt lat="54.375979" lon="-3.338693"><ele>28.0</ele></trkpt>
      <trkpt lat="54.376153" lon="-3.338280"><ele>26.0</ele></trkpt>
      <trkpt lat="54.376526" lon="-3.336715"><ele>26.0</ele></trkpt>
      <trkpt lat="54.377024" lon="-3.335830"><ele>33.0</ele></trkpt>
      <trkpt lat="54.377149" lon="-3.335254"><ele>31.0</ele></trkpt>
      <trkpt lat="54.377238" lon="-3.333980"><ele>32.0</ele></trkpt>
      <trkpt lat="54.376987" lon="-3.332888"><ele>27.0</ele></trkpt>
      <trkpt lat="54.376979" lon="-3.332491"><ele>27.0</ele></trkpt>
      <trkpt lat="54.377028" lon="-3.332074"><ele>27.0</ele></trkpt>
      <trkpt lat="54.377353" lon="-3.330904"><ele>27.0</ele></trkpt>
      <trkpt lat="54.377428" lon="-3.330381"><ele>25.0</ele></trkpt>
      <trkpt lat="54.377454" lon="-3.329727"><ele>24.0</ele></trkpt>
      <trkpt lat="54.377667" lon="-3.329112"><ele>28.0</ele></trkpt>
      <trkpt lat="54.377861" lon="-3.327916"><ele>33.0</ele></trkpt>
      <trkpt lat="54.378529" lon="-3.326328"><ele>21.0</ele></trkpt>
      <trkpt lat="54.378596" lon="-3.325848"><ele>19.0</ele></trkpt>
      <trkpt lat="54.378380" lon="-3.323930"><ele>18.0</ele></trkpt>
      <trkpt lat="54.378526" lon="-3.322562"><ele>20.0</ele></trkpt>
      <trkpt lat="54.378825" lon="-3.322088"><ele>23.0</ele></trkpt>
      <trkpt lat="54.379063" lon="-3.321527"><ele>22.0</ele></trkpt>
      <trkpt lat="54.379311" lon="-3.321149"><ele>23.0</ele></trkpt>
      <trkpt lat="54.379924" lon="-3.320504"><ele>25.0</ele></trkpt>
      <trkpt lat="54.380361" lon="-3.319917"><ele>27.0</ele></trkpt>
      <trkpt lat="54.380784" lon="-3.319029"><ele>32.0</ele></trkpt>
      <trkpt lat="54.380922" lon="-3.318916"><ele>32.0</ele></trkpt>
      <trkpt lat="54.381173" lon="-3.318892"><ele>32.0</ele></trkpt>
      <trkpt lat="54.381338" lon="-3.318060"><ele>23.0</ele></trkpt>
      <trkpt lat="54.381494" lon="-3.316906"><ele>22.0</ele></trkpt>
      <trkpt lat="54.382043" lon="-3.315271"><ele>20.0</ele></trkpt>
      <trkpt lat="54.382298" lon="-3.315462"><ele>19.0</ele></trkpt>
      <trkpt lat="54.382568" lon="-3.315267"><ele>19.0</ele></trkpt>
      <trkpt lat="54.383057" lon="-3.314628"><ele>20.0</ele></trkpt>
      <trkpt lat="54.383825" lon="-3.312388"><ele>23.0</ele></trkpt>
      <trkpt lat="54.383925" lon="-3.311801"><ele>26.0</ele></trkpt>
      <trkpt lat="54.383892" lon="-3.311360"><ele>30.0</ele></trkpt>
      <trkpt lat="54.383996" lon="-3.310376"><ele>34.0</ele></trkpt>
      <trkpt lat="54.384264" lon="-3.309891"><ele>31.0</ele></trkpt>
      <trkpt lat="54.385247" lon="-3.308560"><ele>27.0</ele></trkpt>
      <trkpt lat="54.385513" lon="-3.307667"><ele>31.0</ele></trkpt>
      <trkpt lat="54.385825" lon="-3.307141"><ele>27.0</ele></trkpt>
      <trkpt lat="54.386185" lon="-3.306766"><ele>28.0</ele></trkpt>
      <trkpt lat="54.386615" lon="-3.305760"><ele>29.0</ele></trkpt>
      <trkpt lat="54.387316" lon="-3.304495"><ele>30.0</ele></trkpt>
      <trkpt lat="54.388023" lon="-3.302683"><ele>31.0</ele></trkpt>
      <trkpt lat="54.388724" lon="-3.301449"><ele>30.0</ele></trkpt>
      <trkpt lat="54.388857" lon="-3.300681"><ele>29.0</ele></trkpt>
      <trkpt lat="54.388961" lon="-3.299708"><ele>34.0</ele></trkpt>
      <trkpt lat="54.388815" lon="-3.298802"><ele>36.0</ele></trkpt>
      <trkpt lat="54.388224" lon="-3.297377"><ele>36.0</ele></trkpt>
      <trkpt lat="54.388169" lon="-3.295551"><ele>36.0</ele></trkpt>
      <trkpt lat="54.387874" lon="-3.294501"><ele>43.0</ele></trkpt>
      <trkpt lat="54.387864" lon="-3.293642"><ele>46.0</ele></trkpt>
      <trkpt lat="54.388095" lon="-3.292555"><ele>49.0</ele></trkpt>
      <trkpt lat="54.387987" lon="-3.291468"><ele>53.0</ele></trkpt>
      <trkpt lat="54.388048" lon="-3.290526"><ele>55.0</ele></trkpt>
      <trkpt lat="54.388435" lon="-3.289958"><ele>51.0</ele></trkpt>
      <trkpt lat="54.388726" lon="-3.288476"><ele>50.0</ele></trkpt>
      <trkpt lat="54.388892" lon="-3.286335"><ele>53.0</ele></trkpt>
      <trkpt lat="54.389080" lon="-3.284581"><ele>59.0</ele></trkpt>
      <trkpt lat="54.389025" lon="-3.283871"><ele>59.0</ele></trkpt>
      <trkpt lat="54.388924" lon="-3.283385"><ele>59.0</ele></trkpt>
      <trkpt lat="54.388618" lon="-3.282732"><ele>60.0</ele></trkpt>
      <trkpt lat="54.388675" lon="-3.282079"><ele>56.0</ele></trkpt>
      <trkpt lat="54.389197" lon="-3.280593"><ele>60.0</ele></trkpt>
      <trkpt lat="54.389102" lon="-3.280150"><ele>61.0</ele></trkpt>
      <trkpt lat="54.389202" lon="-3.278909"><ele>65.0</ele></trkpt>
      <trkpt lat="54.389523" lon="-3.277577"><ele>60.0</ele></trkpt>
      <trkpt lat="54.389849" lon="-3.276289"><ele>58.0</ele></trkpt>
      <trkpt lat="54.390407" lon="-3.275144"><ele>61.0</ele></trkpt>
      <trkpt lat="54.390470" lon="-3.274903"><ele>61.0</ele></trkpt>
      <trkpt lat="54.390300" lon="-3.273771"><ele>59.0</ele></trkpt>
      <trkpt lat="54.390707" lon="-3.270768"><ele>52.0</ele></trkpt>
      <trkpt lat="54.390939" lon="-3.270657"><ele>49.0</ele></trkpt>
      <trkpt lat="54.390962" lon="-3.270250"><ele>50.0</ele></trkpt>
      <trkpt lat="54.391361" lon="-3.270327"><ele>50.0</ele></trkpt>
      <trkpt lat="54.391888" lon="-3.270773"><ele>50.0</ele></trkpt>
      <trkpt lat="54.392549" lon="-3.270858"><ele>50.0</ele></trkpt>
      <trkpt lat="54.392777" lon="-3.269996"><ele>56.0</ele></trkpt>
      <trkpt lat="54.392901" lon="-3.270032"><ele>57.0</ele></trkpt>
      <trkpt lat="54.393090" lon="-3.269930"><ele>58.0</ele></trkpt>
      <trkpt lat="54.393599" lon="-3.270193"><ele>58.0</ele></trkpt>
      <trkpt lat="54.394105" lon="-3.270767"><ele>55.0</ele></trkpt>
      <trkpt lat="54.394530" lon="-3.270780"><ele>56.0</ele></trkpt>
      <trkpt lat="54.394749" lon="-3.270712"><ele>55.0</ele></trkpt>
      <trkpt lat="54.395020" lon="-3.270473"><ele>54.0</ele></trkpt>
      <trkpt lat="54.395315" lon="-3.270386"><ele>55.0</ele></trkpt>
      <trkpt lat="54.395942" lon="-3.270760"><ele>54.0</ele></trkpt>
      <trkpt lat="54.396220" lon="-3.271047"><ele>54.0</ele></trkpt>
      <trkpt lat="54.396601" lon="-3.271113"><ele>53.0</ele></trkpt>
      <trkpt lat="54.397366" lon="-3.270836"><ele>58.0</ele></trkpt>
      <trkpt lat="54.397759" lon="-3.270290"><ele>60.0</ele></trkpt>
      <trkpt lat="54.398111" lon="-3.270087"><ele>61.0</ele></trkpt>
      <trkpt lat="54.398374" lon="-3.270073"><ele>62.0</ele></trkpt>
      <trkpt lat="54.399500" lon="-3.270506"><ele>73.0</ele></trkpt>
      <trkpt lat="54.399795" lon="-3.270375"><ele>80.0</ele></trkpt>
      <trkpt lat="54.399884" lon="-3.270174"><ele>82.0</ele></trkpt>
      <trkpt lat="54.400083" lon="-3.270277"><ele>89.0</ele></trkpt>
      <trkpt lat="54.400571" lon="-3.269670"><ele>98.0</ele></trkpt>
      <trkpt lat="54.400761" lon="-3.269332"><ele>99.0</ele></trkpt>
      <trkpt lat="54.401642" lon="-3.268737"><ele>114.0</ele></trkpt>
      <trkpt lat="54.402264" lon="-3.268413"><ele>123.0</ele></trkpt>
      <trkpt lat="54.402426" lon="-3.268408"><ele>125.0</ele></trkpt>
      <trkpt lat="54.402550" lon="-3.268551"><ele>129.0</ele></trkpt>
      <trkpt lat="54.403343" lon="-3.268061"><ele>135.0</ele></trkpt>
      <trkpt lat="54.403811" lon="-3.267442"><ele>133.0</ele></trkpt>
      <trkpt lat="54.404182" lon="-3.267239"><ele>140.0</ele></trkpt>
      <trkpt lat="54.404598" lon="-3.266887"><ele>146.0</ele></trkpt>
      <trkpt lat="54.405079" lon="-3.266247"><ele>147.0</ele></trkpt>
      <trkpt lat="54.405344" lon="-3.266041"><ele>149.0</ele></trkpt>
      <trkpt lat="54.406634" lon="-3.265153"><ele>162.0</ele></trkpt>
      <trkpt lat="54.406922" lon="-3.265033"><ele>163.0</ele></trkpt>
      <trkpt lat="54.407295" lon="-3.265184"><ele>170.0</ele></trkpt>
      <trkpt lat="54.407573" lon="-3.264925"><ele>173.0</ele></trkpt>
      <trkpt lat="54.407852" lon="-3.264515"><ele>176.0</ele></trkpt>
      <trkpt lat="54.408999" lon="-3.263509"><ele>185.0</ele></trkpt>
      <trkpt lat="54.409558" lon="-3.263237"><ele>192.0</ele></trkpt>
      <trkpt lat="54.410220" lon="-3.262614"><ele>194.0</ele></trkpt>
      <trkpt lat="54.411303" lon="-3.262269"><ele>198.0</ele></trkpt>
      <trkpt lat="54.411704" lon="-3.262056"><ele>200.0</ele></trkpt>
      <trkpt lat="54.412516" lon="-3.261363"><ele>207.0</ele></trkpt>
      <trkpt lat="54.412804" lon="-3.261254"><ele>210.0</ele></trkpt>
      <trkpt lat="54.413273" lon="-3.260657"><ele>213.0</ele></trkpt>
      <trkpt lat="54.413555" lon="-3.260483"><ele>216.0</ele></trkpt>
      <trkpt lat="54.413917" lon="-3.260526"><ele>224.0</ele></trkpt>
      <trkpt lat="54.414195" lon="-3.260181"><ele>228.0</ele></trkpt>
      <trkpt lat="54.414458" lon="-3.260178"><ele>233.0</ele></trkpt>
      <trkpt lat="54.414904" lon="-3.259892"><ele>237.0</ele></trkpt>
      <trkpt lat="54.416152" lon="-3.259651"><ele>245.0</ele></trkpt>
      <trkpt lat="54.416697" lon="-3.259475"><ele>247.0</ele></trkpt>
      <trkpt lat="54.417072" lon="-3.259454"><ele>254.0</ele></trkpt>
      <trkpt lat="54.417319" lon="-3.259172"><ele>258.0</ele></trkpt>
      <trkpt lat="54.418955" lon="-3.257924"><ele>269.0</ele></trkpt>
      <trkpt lat="54.419873" lon="-3.257443"><ele>270.0</ele></trkpt>
      <trkpt lat="54.420318" lon="-3.257318"><ele>271.0</ele></trkpt>
      <trkpt lat="54.421134" lon="-3.256935"><ele>270.0</ele></trkpt>
      <trkpt lat="54.421429" lon="-3.256783"><ele>271.0</ele></trkpt>
      <trkpt lat="54.421662" lon="-3.256565"><ele>273.0</ele></trkpt>
      <trkpt lat="54.422524" lon="-3.256495"><ele>275.0</ele></trkpt>
      <trkpt lat="54.422782" lon="-3.256321"><ele>271.0</ele></trkpt>
      <trkpt lat="54.424902" lon="-3.255979"><ele>267.0</ele></trkpt>
      <trkpt lat="54.425799" lon="-3.256156"><ele>266.0</ele></trkpt>
      <trkpt lat="54.426206" lon="-3.256128"><ele>264.0</ele></trkpt>
      <trkpt lat="54.426564" lon="-3.256461"><ele>268.0</ele></trkpt>
      <trkpt lat="54.426841" lon="-3.256846"><ele>258.0</ele></trkpt>
      <trkpt lat="54.427375" lon="-3.256540"><ele>254.0</ele></trkpt>
      <trkpt lat="54.427321" lon="-3.256422"><ele>262.3</ele></trkpt>
      <trkpt lat="54.427225" lon="-3.256535"><ele>262.8</ele></trkpt>
      <trkpt lat="54.428410" lon="-3.254898"><ele>257.0</ele></trkpt>
      <trkpt lat="54.428636" lon="-3.254765"><ele>256.0</ele></trkpt>
      <trkpt lat="54.429204" lon="-3.254697"><ele>256.0</ele></trkpt>
      <trkpt lat="54.429662" lon="-3.254497"><ele>257.0</ele></trkpt>
      <trkpt lat="54.430197" lon="-3.254717"><ele>255.0</ele></trkpt>
      <trkpt lat="54.430371" lon="-3.254722"><ele>254.0</ele></trkpt>
      <trkpt lat="54.431035" lon="-3.255129"><ele>255.0</ele></trkpt>
      <trkpt lat="54.432266" lon="-3.256165"><ele>257.0</ele></trkpt>
      <trkpt lat="54.432265" lon="-3.256916"><ele>257.0</ele></trkpt>
      <trkpt lat="54.432448" lon="-3.257340"><ele>258.0</ele></trkpt>
      <trkpt lat="54.432959" lon="-3.257989"><ele>261.0</ele></trkpt>
      <trkpt lat="54.433880" lon="-3.258865"><ele>268.0</ele></trkpt>
      <trkpt lat="54.435138" lon="-3.259730"><ele>280.0</ele></trkpt>
      <trkpt lat="54.435113" lon="-3.259809"><ele>279.0</ele></trkpt>
      <trkpt lat="54.435423" lon="-3.259911"><ele>284.8</ele></trkpt>
      <trkpt lat="54.435523" lon="-3.260231"><ele>285.8</ele></trkpt>
      <trkpt lat="54.435870" lon="-3.260738"><ele>281.3</ele></trkpt>
      <trkpt lat="54.435815" lon="-3.260966"><ele>279.5</ele></trkpt>
      <trkpt lat="54.435827" lon="-3.261145"><ele>279.3</ele></trkpt>
      <trkpt lat="54.436322" lon="-3.261528"><ele>286.3</ele></trkpt>
      <trkpt lat="54.436991" lon="-3.262702"><ele>294.8</ele></trkpt>
      <trkpt lat="54.437606" lon="-3.263469"><ele>302.0</ele></trkpt>
      <trkpt lat="54.438418" lon="-3.266066"><ele>322.8</ele></trkpt>
      <trkpt lat="54.438944" lon="-3.266900"><ele>329.0</ele></trkpt>
      <trkpt lat="54.439140" lon="-3.267657"><ele>336.3</ele></trkpt>
      <trkpt lat="54.439406" lon="-3.268226"><ele>348.5</ele></trkpt>
      <trkpt lat="54.439530" lon="-3.268680"><ele>357.3</ele></trkpt>
      <trkpt lat="54.439548" lon="-3.269130"><ele>365.0</ele></trkpt>
      <trkpt lat="54.439622" lon="-3.269440"><ele>371.3</ele></trkpt>
      <trkpt lat="54.439867" lon="-3.269943"><ele>379.5</ele></trkpt>
      <trkpt lat="54.439983" lon="-3.270832"><ele>394.5</ele></trkpt>
      <trkpt lat="54.440088" lon="-3.270915"><ele>394.8</ele></trkpt>
      <trkpt lat="54.440171" lon="-3.271132"><ele>399.3</ele></trkpt>
      <trkpt lat="54.439973" lon="-3.271420"><ele>408.0</ele></trkpt>
      <trkpt lat="54.439664" lon="-3.272149"><ele>425.8</ele></trkpt>
      <trkpt lat="54.439320" lon="-3.272497"><ele>438.0</ele></trkpt>
      <trkpt lat="54.438842" lon="-3.273434"><ele>458.5</ele></trkpt>
      <trkpt lat="54.438389" lon="-3.274092"><ele>474.0</ele></trkpt>
      <trkpt lat="54.437923" lon="-3.274527"><ele>491.3</ele></trkpt>
      <trkpt lat="54.437406" lon="-3.274816"><ele>507.5</ele></trkpt>
      <trkpt lat="54.436970" lon="-3.275300"><ele>523.8</ele></trkpt>
      <trkpt lat="54.436703" lon="-3.275337"><ele>533.0</ele></trkpt>
      <trkpt lat="54.436570" lon="-3.275549"><ele>538.0</ele></trkpt>
      <trkpt lat="54.436393" lon="-3.275643"><ele>544.0</ele></trkpt>
      <trkpt lat="54.436377" lon="-3.275852"><ele>545.3</ele></trkpt>
      <trkpt lat="54.436304" lon="-3.276040"><ele>547.3</ele></trkpt>
      <trkpt lat="54.436231" lon="-3.277442"><ele>550.8</ele></trkpt>
      <trkpt lat="54.436132" lon="-3.278062"><ele>554.0</ele></trkpt>
      <trkpt lat="54.435523" lon="-3.279133"><ele>570.0</ele></trkpt>
      <trkpt lat="54.435146" lon="-3.279956"><ele>574.3</ele></trkpt>
      <trkpt lat="54.434780" lon="-3.280336"><ele>580.3</ele></trkpt>
      <trkpt lat="54.433674" lon="-3.282592"><ele>605.5</ele></trkpt>
      <trkpt lat="54.433206" lon="-3.282934"><ele>604.5</ele></trkpt>
      <trkpt lat="54.432773" lon="-3.283049"><ele>607.8</ele></trkpt>
      <trkpt lat="54.433206" lon="-3.282934"><ele>604.5</ele></trkpt>
      <trkpt lat="54.433674" lon="-3.282592"><ele>605.5</ele></trkpt>
      <trkpt lat="54.434780" lon="-3.280336"><ele>580.3</ele></trkpt>
      <trkpt lat="54.435146" lon="-3.279956"><ele>574.3</ele></trkpt>
      <trkpt lat="54.435523" lon="-3.279133"><ele>570.0</ele></trkpt>
      <trkpt lat="54.436132" lon="-3.278062"><ele>554.0</ele></trkpt>
      <trkpt lat="54.436231" lon="-3.277442"><ele>550.8</ele></trkpt>
      <trkpt lat="54.436304" lon="-3.276040"><ele>547.3</ele></trkpt>
      <trkpt lat="54.436377" lon="-3.275852"><ele>545.3</ele></trkpt>
      <trkpt lat="54.436393" lon="-3.275643"><ele>544.0</ele></trkpt>
      <trkpt lat="54.436570" lon="-3.275549"><ele>538.0</ele></trkpt>
      <trkpt lat="54.436703" lon="-3.275337"><ele>533.0</ele></trkpt>
      <trkpt lat="54.436970" lon="-3.275300"><ele>523.8</ele></trkpt>
      <trkpt lat="54.437406" lon="-3.274816"><ele>507.5</ele></trkpt>
      <trkpt lat="54.437923" lon="-3.274527"><ele>491.3</ele></trkpt>
      <trkpt lat="54.438389" lon="-3.274092"><ele>474.0</ele></trkpt>
      <trkpt lat="54.438842" lon="-3.273434"><ele>458.5</ele></trkpt>
      <trkpt lat="54.439320" lon="-3.272497"><ele>438.0</ele></trkpt>
      <trkpt lat="54.439664" lon="-3.272149"><ele>425.8</ele></trkpt>
      <trkpt lat="54.439973" lon="-3.271420"><ele>408.0</ele></trkpt>
      <trkpt lat="54.440237" lon="-3.271068"><ele>397.0</ele></trkpt>
      <trkpt lat="54.440491" lon="-3.270219"><ele>374.8</ele></trkpt>
      <trkpt lat="54.440619" lon="-3.269627"><ele>360.5</ele></trkpt>
      <trkpt lat="54.440671" lon="-3.269097"><ele>349.3</ele></trkpt>
      <trkpt lat="54.440856" lon="-3.268930"><ele>345.5</ele></trkpt>
      <trkpt lat="54.441018" lon="-3.268478"><ele>333.5</ele></trkpt>
      <trkpt lat="54.440977" lon="-3.267713"><ele>320.3</ele></trkpt>
      <trkpt lat="54.441013" lon="-3.266967"><ele>310.3</ele></trkpt>
      <trkpt lat="54.441199" lon="-3.265987"><ele>298.8</ele></trkpt>
      <trkpt lat="54.441416" lon="-3.265647"><ele>294.5</ele></trkpt>
      <trkpt lat="54.441907" lon="-3.265359"><ele>283.5</ele></trkpt>
      <trkpt lat="54.442198" lon="-3.265334"><ele>278.0</ele></trkpt>
      <trkpt lat="54.442328" lon="-3.265239"><ele>276.0</ele></trkpt>
      <trkpt lat="54.442520" lon="-3.264814"><ele>269.0</ele></trkpt>
      <trkpt lat="54.442897" lon="-3.264877"><ele>264.0</ele></trkpt>
      <trkpt lat="54.443224" lon="-3.264764"><ele>255.3</ele></trkpt>
      <trkpt lat="54.443297" lon="-3.264476"><ele>251.0</ele></trkpt>
      <trkpt lat="54.443509" lon="-3.264441"><ele>246.0</ele></trkpt>
      <trkpt lat="54.443608" lon="-3.264248"><ele>242.5</ele></trkpt>
      <trkpt lat="54.443724" lon="-3.264223"><ele>240.3</ele></trkpt>
      <trkpt lat="54.443748" lon="-3.264066"><ele>240.3</ele></trkpt>
      <trkpt lat="54.444157" lon="-3.263486"><ele>236.5</ele></trkpt>
      <trkpt lat="54.444568" lon="-3.263128"><ele>231.8</ele></trkpt>
      <trkpt lat="54.444828" lon="-3.263116"><ele>226.5</ele></trkpt>
      <trkpt lat="54.445617" lon="-3.262351"><ele>212.8</ele></trkpt>
      <trkpt lat="54.445962" lon="-3.262323"><ele>207.3</ele></trkpt>
      <trkpt lat="54.446176" lon="-3.262218"><ele>205.0</ele></trkpt>
      <trkpt lat="54.446346" lon="-3.262005"><ele>203.0</ele></trkpt>
      <trkpt lat="54.446598" lon="-3.261884"><ele>197.3</ele></trkpt>
      <trkpt lat="54.446816" lon="-3.261548"><ele>195.5</ele></trkpt>
      <trkpt lat="54.447246" lon="-3.261121"><ele>188.8</ele></trkpt>
      <trkpt lat="54.447443" lon="-3.260781"><ele>187.5</ele></trkpt>
      <trkpt lat="54.447584" lon="-3.260714"><ele>182.8</ele></trkpt>
      <trkpt lat="54.447715" lon="-3.260467"><ele>183.0</ele></trkpt>
      <trkpt lat="54.447937" lon="-3.260544"><ele>176.0</ele></trkpt>
      <trkpt lat="54.448168" lon="-3.260513"><ele>172.5</ele></trkpt>
      <trkpt lat="54.449312" lon="-3.259900"><ele>153.0</ele></trkpt>
      <trkpt lat="54.449458" lon="-3.259974"><ele>149.0</ele></trkpt>
      <trkpt lat="54.449761" lon="-3.259838"><ele>140.8</ele></trkpt>
      <trkpt lat="54.450665" lon="-3.259828"><ele>122.5</ele></trkpt>
      <trkpt lat="54.450932" lon="-3.259959"><ele>117.3</ele></trkpt>
      <trkpt lat="54.451260" lon="-3.259758"><ele>114.8</ele></trkpt>
      <trkpt lat="54.451529" lon="-3.259825"><ele>109.5</ele></trkpt>
      <trkpt lat="54.451883" lon="-3.259667"><ele>105.8</ele></trkpt>
      <trkpt lat="54.452093" lon="-3.259703"><ele>101.5</ele></trkpt>
      <trkpt lat="54.452280" lon="-3.259574"><ele>101.0</ele></trkpt>
      <trkpt lat="54.452405" lon="-3.259710"><ele>98.5</ele></trkpt>
      <trkpt lat="54.452517" lon="-3.259724"><ele>97.5</ele></trkpt>
      <trkpt lat="54.452800" lon="-3.259555"><ele>93.5</ele></trkpt>
      <trkpt lat="54.453082" lon="-3.259495"><ele>89.0</ele></trkpt>
      <trkpt lat="54.454446" lon="-3.259928"><ele>84.0</ele></trkpt>
      <trkpt lat="54.454902" lon="-3.259921"><ele>80.5</ele></trkpt>
      <trkpt lat="54.454983" lon="-3.260083"><ele>79.8</ele></trkpt>
      <trkpt lat="54.455223" lon="-3.261213"><ele>73.8</ele></trkpt>
      <trkpt lat="54.455604" lon="-3.261264"><ele>74.3</ele></trkpt>
      <trkpt lat="54.455935" lon="-3.260945"><ele>73.3</ele></trkpt>
      <trkpt lat="54.456161" lon="-3.261110"><ele>71.5</ele></trkpt>
      <trkpt lat="54.456888" lon="-3.260251"><ele>69.3</ele></trkpt>
      <trkpt lat="54.457698" lon="-3.259446"><ele>66.0</ele></trkpt>
      <trkpt lat="54.457881" lon="-3.259350"><ele>66.0</ele></trkpt>
      <trkpt lat="54.458131" lon="-3.258748"><ele>66.0</ele></trkpt>
      <trkpt lat="54.458256" lon="-3.258294"><ele>66.0</ele></trkpt>
      <trkpt lat="54.458554" lon="-3.257685"><ele>67.0</ele></trkpt>
      <trkpt lat="54.458996" lon="-3.257372"><ele>68.0</ele></trkpt>
      <trkpt lat="54.459391" lon="-3.257228"><ele>68.0</ele></trkpt>
      <trkpt lat="54.459614" lon="-3.256993"><ele>68.8</ele></trkpt>
      <trkpt lat="54.460295" lon="-3.256736"><ele>69.0</ele></trkpt>
      <trkpt lat="54.460407" lon="-3.256440"><ele>69.0</ele></trkpt>
      <trkpt lat="54.460879" lon="-3.256127"><ele>69.8</ele></trkpt>
      <trkpt lat="54.461682" lon="-3.256020"><ele>71.0</ele></trkpt>
      <trkpt lat="54.461797" lon="-3.256164"><ele>70.8</ele></trkpt>
      <trkpt lat="54.462323" lon="-3.256441"><ele>71.3</ele></trkpt>
      <trkpt lat="54.462760" lon="-3.256548"><ele>72.0</ele></trkpt>
      <trkpt lat="54.463422" lon="-3.256463"><ele>72.8</ele></trkpt>
      <trkpt lat="54.464008" lon="-3.256858"><ele>73.3</ele></trkpt>
      <trkpt lat="54.464093" lon="-3.256727"><ele>73.5</ele></trkpt>
      <trkpt lat="54.464304" lon="-3.256601"><ele>74.3</ele></trkpt>
      <trkpt lat="54.465001" lon="-3.256497"><ele>75.0</ele></trkpt>
      <trkpt lat="54.465315" lon="-3.256000"><ele>76.3</ele></trkpt>
      <trkpt lat="54.465473" lon="-3.255882"><ele>76.8</ele></trkpt>
      <trkpt lat="54.465708" lon="-3.255828"><ele>77.5</ele></trkpt>
      <trkpt lat="54.465731" lon="-3.255689"><ele>77.5</ele></trkpt>
      <trkpt lat="54.466416" lon="-3.254284"><ele>80.0</ele></trkpt>
      <trkpt lat="54.467357" lon="-3.252719"><ele>86.0</ele></trkpt>
      <trkpt lat="54.467794" lon="-3.252118"><ele>86.0</ele></trkpt>
      <trkpt lat="54.467878" lon="-3.251841"><ele>87.0</ele></trkpt>
      <trkpt lat="54.468457" lon="-3.251333"><ele>90.0</ele></trkpt>
      <trkpt lat="54.468616" lon="-3.251016"><ele>90.0</ele></trkpt>
      <trkpt lat="54.469184" lon="-3.250369"><ele>92.0</ele></trkpt>
      <trkpt lat="54.469312" lon="-3.250018"><ele>93.0</ele></trkpt>
      <trkpt lat="54.470008" lon="-3.249053"><ele>97.0</ele></trkpt>
      <trkpt lat="54.470306" lon="-3.248021"><ele>101.0</ele></trkpt>
      <trkpt lat="54.470523" lon="-3.247469"><ele>104.0</ele></trkpt>
      <trkpt lat="54.470781" lon="-3.247284"><ele>105.0</ele></trkpt>
      <trkpt lat="54.470974" lon="-3.247333"><ele>105.0</ele></trkpt>
      <trkpt lat="54.471348" lon="-3.246143"><ele>111.0</ele></trkpt>
      <trkpt lat="54.471382" lon="-3.245285"><ele>111.0</ele></trkpt>
      <trkpt lat="54.471223" lon="-3.243102"><ele>114.0</ele></trkpt>
      <trkpt lat="54.471398" lon="-3.241326"><ele>121.0</ele></trkpt>
      <trkpt lat="54.471550" lon="-3.240515"><ele>123.0</ele></trkpt>
      <trkpt lat="54.471613" lon="-3.239240"><ele>127.0</ele></trkpt>
      <trkpt lat="54.471987" lon="-3.237964"><ele>131.0</ele></trkpt>
      <trkpt lat="54.472278" lon="-3.237608"><ele>134.0</ele></trkpt>
      <trkpt lat="54.472380" lon="-3.237353"><ele>135.0</ele></trkpt>
      <trkpt lat="54.472544" lon="-3.236586"><ele>139.0</ele></trkpt>
      <trkpt lat="54.472772" lon="-3.235047"><ele>147.0</ele></trkpt>
      <trkpt lat="54.472805" lon="-3.234265"><ele>151.0</ele></trkpt>
      <trkpt lat="54.472777" lon="-3.233320"><ele>156.0</ele></trkpt>
      <trkpt lat="54.472843" lon="-3.231777"><ele>159.0</ele></trkpt>
      <trkpt lat="54.473133" lon="-3.230809"><ele>169.0</ele></trkpt>
      <trkpt lat="54.473111" lon="-3.229875"><ele>171.0</ele></trkpt>
      <trkpt lat="54.473147" lon="-3.229425"><ele>176.0</ele></trkpt>
      <trkpt lat="54.473501" lon="-3.228331"><ele>187.0</ele></trkpt>
      <trkpt lat="54.473524" lon="-3.227924"><ele>190.0</ele></trkpt>
      <trkpt lat="54.473671" lon="-3.227595"><ele>198.0</ele></trkpt>
      <trkpt lat="54.473883" lon="-3.226314"><ele>215.0</ele></trkpt>
      <trkpt lat="54.473857" lon="-3.225863"><ele>217.0</ele></trkpt>
      <trkpt lat="54.474109" lon="-3.224357"><ele>243.0</ele></trkpt>
      <trkpt lat="54.474180" lon="-3.223479"><ele>259.0</ele></trkpt>
      <trkpt lat="54.474076" lon="-3.222736"><ele>267.0</ele></trkpt>
      <trkpt lat="54.474088" lon="-3.221545"><ele>276.0</ele></trkpt>
      <trkpt lat="54.474244" lon="-3.220863"><ele>291.0</ele></trkpt>
      <trkpt lat="54.474091" lon="-3.221570"><ele>278.8</ele></trkpt>
      <trkpt lat="54.474034" lon="-3.222547"><ele>267.3</ele></trkpt>
      <trkpt lat="54.474194" lon="-3.223563"><ele>257.5</ele></trkpt>
      <trkpt lat="54.474043" lon="-3.224882"><ele>232.3</ele></trkpt>
      <trkpt lat="54.474068" lon="-3.225138"><ele>231.8</ele></trkpt>
      <trkpt lat="54.473939" lon="-3.225399"><ele>223.5</ele></trkpt>
      <trkpt lat="54.473876" lon="-3.225734"><ele>218.5</ele></trkpt>
      <trkpt lat="54.473894" lon="-3.226188"><ele>215.5</ele></trkpt>
      <trkpt lat="54.473834" lon="-3.226743"><ele>208.5</ele></trkpt>
      <trkpt lat="54.473679" lon="-3.226936"><ele>202.0</ele></trkpt>
      <trkpt lat="54.473610" lon="-3.227373"><ele>196.3</ele></trkpt>
      <trkpt lat="54.473441" lon="-3.227950"><ele>187.8</ele></trkpt>
      <trkpt lat="54.473344" lon="-3.228553"><ele>179.5</ele></trkpt>
      <trkpt lat="54.473157" lon="-3.229266"><ele>174.0</ele></trkpt>
      <trkpt lat="54.473067" lon="-3.229868"><ele>169.0</ele></trkpt>
      <trkpt lat="54.473018" lon="-3.229543"><ele>170.0</ele></trkpt>
      <trkpt lat="54.472937" lon="-3.229351"><ele>170.0</ele></trkpt>
      <trkpt lat="54.472899" lon="-3.228247"><ele>174.5</ele></trkpt>
      <trkpt lat="54.472775" lon="-3.227576"><ele>177.3</ele></trkpt>
      <trkpt lat="54.472786" lon="-3.227082"><ele>177.5</ele></trkpt>
      <trkpt lat="54.472680" lon="-3.226009"><ele>180.3</ele></trkpt>
      <trkpt lat="54.472820" lon="-3.225694"><ele>183.3</ele></trkpt>
      <trkpt lat="54.472829" lon="-3.225572"><ele>183.8</ele></trkpt>
      <trkpt lat="54.472740" lon="-3.225167"><ele>184.8</ele></trkpt>
      <trkpt lat="54.472776" lon="-3.224856"><ele>187.0</ele></trkpt>
      <trkpt lat="54.472706" lon="-3.224487"><ele>188.5</ele></trkpt>
      <trkpt lat="54.472703" lon="-3.223854"><ele>191.3</ele></trkpt>
      <trkpt lat="54.472774" lon="-3.223429"><ele>193.5</ele></trkpt>
      <trkpt lat="54.472719" lon="-3.223007"><ele>195.8</ele></trkpt>
      <trkpt lat="54.472726" lon="-3.222649"><ele>197.0</ele></trkpt>
      <trkpt lat="54.472662" lon="-3.222474"><ele>197.8</ele></trkpt>
      <trkpt lat="54.472707" lon="-3.222097"><ele>200.5</ele></trkpt>
      <trkpt lat="54.472676" lon="-3.221729"><ele>202.8</ele></trkpt>
      <trkpt lat="54.472602" lon="-3.221565"><ele>203.5</ele></trkpt>
      <trkpt lat="54.472418" lon="-3.220562"><ele>209.3</ele></trkpt>
      <trkpt lat="54.472353" lon="-3.220392"><ele>210.3</ele></trkpt>
      <trkpt lat="54.472354" lon="-3.219946"><ele>214.8</ele></trkpt>
      <trkpt lat="54.472385" lon="-3.219799"><ele>217.8</ele></trkpt>
      <trkpt lat="54.472353" lon="-3.220392"><ele>210.3</ele></trkpt>
      <trkpt lat="54.472418" lon="-3.220562"><ele>209.3</ele></trkpt>
      <trkpt lat="54.472602" lon="-3.221565"><ele>203.5</ele></trkpt>
      <trkpt lat="54.472676" lon="-3.221729"><ele>202.8</ele></trkpt>
      <trkpt lat="54.472707" lon="-3.222097"><ele>200.5</ele></trkpt>
      <trkpt lat="54.472662" lon="-3.222474"><ele>197.8</ele></trkpt>
      <trkpt lat="54.472726" lon="-3.222649"><ele>197.0</ele></trkpt>
      <trkpt lat="54.472719" lon="-3.223007"><ele>195.8</ele></trkpt>
      <trkpt lat="54.472774" lon="-3.223429"><ele>193.5</ele></trkpt>
      <trkpt lat="54.472703" lon="-3.223854"><ele>191.3</ele></trkpt>
      <trkpt lat="54.472706" lon="-3.224487"><ele>188.5</ele></trkpt>
      <trkpt lat="54.472776" lon="-3.224856"><ele>187.0</ele></trkpt>
      <trkpt lat="54.472740" lon="-3.225167"><ele>184.8</ele></trkpt>
      <trkpt lat="54.472829" lon="-3.225572"><ele>183.8</ele></trkpt>
      <trkpt lat="54.472820" lon="-3.225694"><ele>183.3</ele></trkpt>
      <trkpt lat="54.472680" lon="-3.226009"><ele>180.3</ele></trkpt>
      <trkpt lat="54.472786" lon="-3.227082"><ele>177.5</ele></trkpt>
      <trkpt lat="54.472775" lon="-3.227576"><ele>177.3</ele></trkpt>
      <trkpt lat="54.472899" lon="-3.228247"><ele>174.5</ele></trkpt>
      <trkpt lat="54.472937" lon="-3.229351"><ele>170.0</ele></trkpt>
      <trkpt lat="54.473018" lon="-3.229543"><ele>170.0</ele></trkpt>
      <trkpt lat="54.473067" lon="-3.229868"><ele>169.0</ele></trkpt>
      <trkpt lat="54.473157" lon="-3.229266"><ele>174.0</ele></trkpt>
      <trkpt lat="54.473344" lon="-3.228553"><ele>179.5</ele></trkpt>
      <trkpt lat="54.473441" lon="-3.227950"><ele>187.8</ele></trkpt>
      <trkpt lat="54.473610" lon="-3.227373"><ele>196.3</ele></trkpt>
      <trkpt lat="54.473679" lon="-3.226936"><ele>202.0</ele></trkpt>
      <trkpt lat="54.473834" lon="-3.226743"><ele>208.5</ele></trkpt>
      <trkpt lat="54.473894" lon="-3.226188"><ele>215.5</ele></trkpt>
      <trkpt lat="54.473876" lon="-3.225734"><ele>218.5</ele></trkpt>
      <trkpt lat="54.473939" lon="-3.225399"><ele>223.5</ele></trkpt>
      <trkpt lat="54.474068" lon="-3.225138"><ele>231.8</ele></trkpt>
      <trkpt lat="54.474043" lon="-3.224882"><ele>232.3</ele></trkpt>
      <trkpt lat="54.474194" lon="-3.223563"><ele>257.5</ele></trkpt>
      <trkpt lat="54.474034" lon="-3.222547"><ele>267.3</ele></trkpt>
      <trkpt lat="54.474091" lon="-3.221570"><ele>278.8</ele></trkpt>
      <trkpt lat="54.474447" lon="-3.219893"><ele>309.0</ele></trkpt>
      <trkpt lat="54.474468" lon="-3.219089"><ele>322.0</ele></trkpt>
      <trkpt lat="54.474402" lon="-3.217611"><ele>343.0</ele></trkpt>
      <trkpt lat="54.474451" lon="-3.217087"><ele>351.0</ele></trkpt>
      <trkpt lat="54.474611" lon="-3.216705"><ele>365.0</ele></trkpt>
      <trkpt lat="54.474770" lon="-3.215100"><ele>403.0</ele></trkpt>
      <trkpt lat="54.474726" lon="-3.214562"><ele>409.0</ele></trkpt>
      <trkpt lat="54.474767" lon="-3.214188"><ele>421.0</ele></trkpt>
      <trkpt lat="54.474598" lon="-3.213614"><ele>422.0</ele></trkpt>
      <trkpt lat="54.474571" lon="-3.213259"><ele>429.0</ele></trkpt>
      <trkpt lat="54.474487" lon="-3.212946"><ele>429.0</ele></trkpt>
      <trkpt lat="54.474478" lon="-3.212516"><ele>437.0</ele></trkpt>
      <trkpt lat="54.474322" lon="-3.211911"><ele>438.0</ele></trkpt>
      <trkpt lat="54.474296" lon="-3.211448"><ele>443.0</ele></trkpt>
      <trkpt lat="54.474339" lon="-3.210881"><ele>453.0</ele></trkpt>
      <trkpt lat="54.474276" lon="-3.210332"><ele>456.0</ele></trkpt>
      <trkpt lat="54.474305" lon="-3.209893"><ele>463.0</ele></trkpt>
      <trkpt lat="54.474278" lon="-3.209452"><ele>468.0</ele></trkpt>
      <trkpt lat="54.474177" lon="-3.208977"><ele>467.0</ele></trkpt>
      <trkpt lat="54.474008" lon="-3.208489"><ele>463.0</ele></trkpt>
      <trkpt lat="54.474140" lon="-3.207763"><ele>471.0</ele></trkpt>
      <trkpt lat="54.474655" lon="-3.207338"><ele>480.0</ele></trkpt>
      <trkpt lat="54.474904" lon="-3.206724"><ele>476.0</ele></trkpt>
      <trkpt lat="54.474696" lon="-3.204539"><ele>482.0</ele></trkpt>
      <trkpt lat="54.474759" lon="-3.203758"><ele>486.0</ele></trkpt>
      <trkpt lat="54.474710" lon="-3.203091"><ele>487.0</ele></trkpt>
      <trkpt lat="54.474494" lon="-3.202461"><ele>485.5</ele></trkpt>
      <trkpt lat="54.474518" lon="-3.201879"><ele>490.0</ele></trkpt>
      <trkpt lat="54.475189" lon="-3.203191"><ele>477.3</ele></trkpt>
      <trkpt lat="54.475324" lon="-3.204175"><ele>469.3</ele></trkpt>
      <trkpt lat="54.475437" lon="-3.204519"><ele>465.0</ele></trkpt>
      <trkpt lat="54.475555" lon="-3.204742"><ele>463.0</ele></trkpt>
      <trkpt lat="54.475968" lon="-3.205162"><ele>460.8</ele></trkpt>
      <trkpt lat="54.476313" lon="-3.205337"><ele>459.8</ele></trkpt>
      <trkpt lat="54.476430" lon="-3.205500"><ele>460.5</ele></trkpt>
      <trkpt lat="54.476546" lon="-3.205266"><ele>456.5</ele></trkpt>
      <trkpt lat="54.476721" lon="-3.205218"><ele>453.8</ele></trkpt>
      <trkpt lat="54.476850" lon="-3.204978"><ele>449.5</ele></trkpt>
      <trkpt lat="54.477161" lon="-3.204771"><ele>443.5</ele></trkpt>
      <trkpt lat="54.477551" lon="-3.204698"><ele>441.3</ele></trkpt>
      <trkpt lat="54.478190" lon="-3.203788"><ele>438.3</ele></trkpt>
      <trkpt lat="54.478371" lon="-3.203626"><ele>437.3</ele></trkpt>
      <trkpt lat="54.478190" lon="-3.203788"><ele>438.3</ele></trkpt>
      <trkpt lat="54.477551" lon="-3.204698"><ele>441.3</ele></trkpt>
      <trkpt lat="54.477161" lon="-3.204771"><ele>443.5</ele></trkpt>
      <trkpt lat="54.476850" lon="-3.204978"><ele>449.5</ele></trkpt>
      <trkpt lat="54.476721" lon="-3.205218"><ele>453.8</ele></trkpt>
      <trkpt lat="54.476546" lon="-3.205266"><ele>456.5</ele></trkpt>
      <trkpt lat="54.476430" lon="-3.205500"><ele>460.5</ele></trkpt>
      <trkpt lat="54.476313" lon="-3.205337"><ele>459.8</ele></trkpt>
      <trkpt lat="54.475968" lon="-3.205162"><ele>460.8</ele></trkpt>
      <trkpt lat="54.475555" lon="-3.204742"><ele>463.0</ele></trkpt>
      <trkpt lat="54.475324" lon="-3.204175"><ele>469.3</ele></trkpt>
      <trkpt lat="54.475189" lon="-3.203191"><ele>477.3</ele></trkpt>
      <trkpt lat="54.474518" lon="-3.201879"><ele>490.0</ele></trkpt>
      <trkpt lat="54.474494" lon="-3.202461"><ele>485.5</ele></trkpt>
      <trkpt lat="54.474694" lon="-3.203123"><ele>487.0</ele></trkpt>
      <trkpt lat="54.474462" lon="-3.201731"><ele>489.0</ele></trkpt>
      <trkpt lat="54.474536" lon="-3.200499"><ele>506.0</ele></trkpt>
      <trkpt lat="54.474518" lon="-3.199855"><ele>510.0</ele></trkpt>
      <trkpt lat="54.474440" lon="-3.199531"><ele>514.0</ele></trkpt>
      <trkpt lat="54.473541" lon="-3.198431"><ele>545.0</ele></trkpt>
      <trkpt lat="54.473537" lon="-3.198206"><ele>545.0</ele></trkpt>
      <trkpt lat="54.472984" lon="-3.197385"><ele>561.0</ele></trkpt>
      <trkpt lat="54.472655" lon="-3.197160"><ele>569.0</ele></trkpt>
      <trkpt lat="54.472291" lon="-3.196763"><ele>578.0</ele></trkpt>
      <trkpt lat="54.472196" lon="-3.196374"><ele>582.0</ele></trkpt>
      <trkpt lat="54.471862" lon="-3.196021"><ele>585.0</ele></trkpt>
      <trkpt lat="54.471705" lon="-3.195544"><ele>589.0</ele></trkpt>
      <trkpt lat="54.471223" lon="-3.195133"><ele>596.0</ele></trkpt>
      <trkpt lat="54.471002" lon="-3.194751"><ele>599.0</ele></trkpt>
      <trkpt lat="54.470943" lon="-3.194428"><ele>600.0</ele></trkpt>
      <trkpt lat="54.470186" lon="-3.193386"><ele>611.0</ele></trkpt>
      <trkpt lat="54.469476" lon="-3.192035"><ele>626.0</ele></trkpt>
      <trkpt lat="54.469217" lon="-3.191748"><ele>625.0</ele></trkpt>
      <trkpt lat="54.468648" lon="-3.191313"><ele>621.0</ele></trkpt>
      <trkpt lat="54.468445" lon="-3.190996"><ele>620.0</ele></trkpt>
      <trkpt lat="54.467806" lon="-3.190623"><ele>625.0</ele></trkpt>
      <trkpt lat="54.467500" lon="-3.190290"><ele>627.8</ele></trkpt>
      <trkpt lat="54.467391" lon="-3.189940"><ele>631.0</ele></trkpt>
      <trkpt lat="54.466933" lon="-3.189160"><ele>645.3</ele></trkpt>
      <trkpt lat="54.466871" lon="-3.188855"><ele>648.8</ele></trkpt>
      <trkpt lat="54.466808" lon="-3.188777"><ele>650.0</ele></trkpt>
      <trkpt lat="54.466793" lon="-3.188499"><ele>649.0</ele></trkpt>
      <trkpt lat="54.466538" lon="-3.187649"><ele>660.5</ele></trkpt>
      <trkpt lat="54.465802" lon="-3.187018"><ele>677.0</ele></trkpt>
      <trkpt lat="54.465695" lon="-3.186769"><ele>680.0</ele></trkpt>
      <trkpt lat="54.465661" lon="-3.186362"><ele>683.5</ele></trkpt>
      <trkpt lat="54.465302" lon="-3.186084"><ele>699.0</ele></trkpt>
      <trkpt lat="54.464947" lon="-3.186005"><ele>710.3</ele></trkpt>
      <trkpt lat="54.464816" lon="-3.185898"><ele>714.0</ele></trkpt>
      <trkpt lat="54.464654" lon="-3.185906"><ele>719.3</ele></trkpt>
      <trkpt lat="54.464501" lon="-3.185779"><ele>723.3</ele></trkpt>
      <trkpt lat="54.464359" lon="-3.185808"><ele>727.8</ele></trkpt>
      <trkpt lat="54.464243" lon="-3.185692"><ele>731.0</ele></trkpt>
      <trkpt lat="54.463539" lon="-3.185627"><ele>745.5</ele></trkpt>
      <trkpt lat="54.463198" lon="-3.185443"><ele>753.5</ele></trkpt>
      <trkpt lat="54.462579" lon="-3.185373"><ele>761.0</ele></trkpt>
      <trkpt lat="54.462588" lon="-3.185884"><ele>763.0</ele></trkpt>
      <trkpt lat="54.462748" lon="-3.187670"><ele>776.5</ele></trkpt>
      <trkpt lat="54.462675" lon="-3.188961"><ele>790.5</ele></trkpt>
      <trkpt lat="54.462359" lon="-3.189644"><ele>793.8</ele></trkpt>
      <trkpt lat="54.462210" lon="-3.190181"><ele>797.0</ele></trkpt>
      <trkpt lat="54.462036" lon="-3.191225"><ele>800.0</ele></trkpt>
      <trkpt lat="54.461957" lon="-3.192185"><ele>803.8</ele></trkpt>
      <trkpt lat="54.461771" lon="-3.192604"><ele>806.3</ele></trkpt>
      <trkpt lat="54.461887" lon="-3.194289"><ele>824.0</ele></trkpt>
      <trkpt lat="54.461848" lon="-3.194508"><ele>829.8</ele></trkpt>
      <trkpt lat="54.461728" lon="-3.194612"><ele>835.8</ele></trkpt>
      <trkpt lat="54.461636" lon="-3.195156"><ele>847.5</ele></trkpt>
      <trkpt lat="54.461561" lon="-3.195292"><ele>850.3</ele></trkpt>
      <trkpt lat="54.461407" lon="-3.195321"><ele>852.3</ele></trkpt>
      <trkpt lat="54.461308" lon="-3.195551"><ele>854.5</ele></trkpt>
      <trkpt lat="54.461296" lon="-3.195781"><ele>856.0</ele></trkpt>
      <trkpt lat="54.461182" lon="-3.196174"><ele>858.3</ele></trkpt>
      <trkpt lat="54.460880" lon="-3.196647"><ele>859.5</ele></trkpt>
      <trkpt lat="54.460722" lon="-3.197421"><ele>866.5</ele></trkpt>
      <trkpt lat="54.460654" lon="-3.197566"><ele>868.5</ele></trkpt>
      <trkpt lat="54.460452" lon="-3.197784"><ele>875.5</ele></trkpt>
      <trkpt lat="54.460299" lon="-3.197722"><ele>880.8</ele></trkpt>
      <trkpt lat="54.459801" lon="-3.197935"><ele>892.8</ele></trkpt>
      <trkpt lat="54.459470" lon="-3.198530"><ele>897.8</ele></trkpt>
      <trkpt lat="54.459036" lon="-3.199095"><ele>901.3</ele></trkpt>
      <trkpt lat="54.458913" lon="-3.199047"><ele>903.5</ele></trkpt>
      <trkpt lat="54.458638" lon="-3.199164"><ele>907.5</ele></trkpt>
      <trkpt lat="54.458505" lon="-3.199308"><ele>909.3</ele></trkpt>
      <trkpt lat="54.458273" lon="-3.199415"><ele>911.3</ele></trkpt>
      <trkpt lat="54.457980" lon="-3.199791"><ele>913.0</ele></trkpt>
      <trkpt lat="54.457884" lon="-3.200112"><ele>912.8</ele></trkpt>
      <trkpt lat="54.457876" lon="-3.200346"><ele>912.0</ele></trkpt>
      <trkpt lat="54.457726" lon="-3.201133"><ele>908.0</ele></trkpt>
      <trkpt lat="54.457639" lon="-3.201307"><ele>906.5</ele></trkpt>
      <trkpt lat="54.457649" lon="-3.201493"><ele>903.0</ele></trkpt>
      <trkpt lat="54.457546" lon="-3.201756"><ele>898.8</ele></trkpt>
      <trkpt lat="54.457503" lon="-3.202245"><ele>891.3</ele></trkpt>
      <trkpt lat="54.457523" lon="-3.202582"><ele>884.3</ele></trkpt>
      <trkpt lat="54.457426" lon="-3.203286"><ele>882.5</ele></trkpt>
      <trkpt lat="54.457325" lon="-3.203558"><ele>885.3</ele></trkpt>
      <trkpt lat="54.457220" lon="-3.203656"><ele>886.5</ele></trkpt>
      <trkpt lat="54.457036" lon="-3.204062"><ele>891.0</ele></trkpt>
      <trkpt lat="54.457003" lon="-3.204276"><ele>894.0</ele></trkpt>
      <trkpt lat="54.457031" lon="-3.204990"><ele>904.3</ele></trkpt>
      <trkpt lat="54.456998" lon="-3.205124"><ele>906.0</ele></trkpt>
      <trkpt lat="54.457102" lon="-3.205819"><ele>916.5</ele></trkpt>
      <trkpt lat="54.456814" lon="-3.206326"><ele>914.3</ele></trkpt>
      <trkpt lat="54.456787" lon="-3.206959"><ele>914.3</ele></trkpt>
      <trkpt lat="54.456722" lon="-3.207321"><ele>910.8</ele></trkpt>
      <trkpt lat="54.456862" lon="-3.207704"><ele>907.5</ele></trkpt>
      <trkpt lat="54.456854" lon="-3.207891"><ele>905.8</ele></trkpt>
      <trkpt lat="54.456756" lon="-3.208043"><ele>901.5</ele></trkpt>
      <trkpt lat="54.456618" lon="-3.208094"><ele>896.3</ele></trkpt>
      <trkpt lat="54.456509" lon="-3.208480"><ele>885.3</ele></trkpt>
      <trkpt lat="54.456397" lon="-3.208510"><ele>882.3</ele></trkpt>
      <trkpt lat="54.456292" lon="-3.208703"><ele>877.5</ele></trkpt>
      <trkpt lat="54.456266" lon="-3.208943"><ele>876.0</ele></trkpt>
      <trkpt lat="54.455775" lon="-3.209266"><ele>900.3</ele></trkpt>
      <trkpt lat="54.455430" lon="-3.209628"><ele>923.3</ele></trkpt>
      <trkpt lat="54.454676" lon="-3.210012"><ele>945.8</ele></trkpt>
      <trkpt lat="54.454404" lon="-3.210387"><ele>957.3</ele></trkpt>
      <trkpt lat="54.454332" lon="-3.210614"><ele>963.0</ele></trkpt>
      <trkpt lat="54.454332" lon="-3.210989"><ele>969.8</ele></trkpt>
      <trkpt lat="54.454279" lon="-3.211132"><ele>971.8</ele></trkpt>
      <trkpt lat="54.454249" lon="-3.211620"><ele>974.5</ele></trkpt>
      <trkpt lat="54.454312" lon="-3.211811"><ele>972.3</ele></trkpt>
      <trkpt lat="54.454249" lon="-3.211620"><ele>974.5</ele></trkpt>
      <trkpt lat="54.454279" lon="-3.211132"><ele>971.8</ele></trkpt>
      <trkpt lat="54.454332" lon="-3.210989"><ele>969.8</ele></trkpt>
      <trkpt lat="54.454332" lon="-3.210614"><ele>963.0</ele></trkpt>
      <trkpt lat="54.454404" lon="-3.210387"><ele>957.3</ele></trkpt>
      <trkpt lat="54.454676" lon="-3.210012"><ele>945.8</ele></trkpt>
      <trkpt lat="54.455430" lon="-3.209628"><ele>923.3</ele></trkpt>
      <trkpt lat="54.455775" lon="-3.209266"><ele>900.3</ele></trkpt>
      <trkpt lat="54.456266" lon="-3.208943"><ele>876.0</ele></trkpt>
      <trkpt lat="54.456292" lon="-3.208703"><ele>877.5</ele></trkpt>
      <trkpt lat="54.456397" lon="-3.208510"><ele>882.3</ele></trkpt>
      <trkpt lat="54.456509" lon="-3.208480"><ele>885.3</ele></trkpt>
      <trkpt lat="54.456618" lon="-3.208094"><ele>896.3</ele></trkpt>
      <trkpt lat="54.456756" lon="-3.208043"><ele>901.5</ele></trkpt>
      <trkpt lat="54.456854" lon="-3.207891"><ele>905.8</ele></trkpt>
      <trkpt lat="54.456862" lon="-3.207704"><ele>907.5</ele></trkpt>
      <trkpt lat="54.456722" lon="-3.207321"><ele>910.8</ele></trkpt>
      <trkpt lat="54.456787" lon="-3.206959"><ele>914.3</ele></trkpt>
      <trkpt lat="54.456814" lon="-3.206326"><ele>914.3</ele></trkpt>
      <trkpt lat="54.457102" lon="-3.205819"><ele>916.5</ele></trkpt>
      <trkpt lat="54.456998" lon="-3.205124"><ele>906.0</ele></trkpt>
      <trkpt lat="54.457031" lon="-3.204990"><ele>904.3</ele></trkpt>
      <trkpt lat="54.457003" lon="-3.204276"><ele>894.0</ele></trkpt>
      <trkpt lat="54.457036" lon="-3.204062"><ele>891.0</ele></trkpt>
      <trkpt lat="54.457220" lon="-3.203656"><ele>886.5</ele></trkpt>
      <trkpt lat="54.457325" lon="-3.203558"><ele>885.3</ele></trkpt>
      <trkpt lat="54.457426" lon="-3.203286"><ele>882.5</ele></trkpt>
      <trkpt lat="54.457523" lon="-3.202582"><ele>884.3</ele></trkpt>
      <trkpt lat="54.457503" lon="-3.202245"><ele>891.3</ele></trkpt>
      <trkpt lat="54.457546" lon="-3.201756"><ele>898.8</ele></trkpt>
      <trkpt lat="54.457649" lon="-3.201493"><ele>903.0</ele></trkpt>
      <trkpt lat="54.457639" lon="-3.201307"><ele>906.5</ele></trkpt>
      <trkpt lat="54.457726" lon="-3.201133"><ele>908.0</ele></trkpt>
      <trkpt lat="54.457876" lon="-3.200346"><ele>912.0</ele></trkpt>
      <trkpt lat="54.457884" lon="-3.200112"><ele>912.8</ele></trkpt>
      <trkpt lat="54.457980" lon="-3.199791"><ele>913.0</ele></trkpt>
      <trkpt lat="54.458273" lon="-3.199415"><ele>911.3</ele></trkpt>
      <trkpt lat="54.458505" lon="-3.199308"><ele>909.3</ele></trkpt>
      <trkpt lat="54.458638" lon="-3.199164"><ele>907.5</ele></trkpt>
      <trkpt lat="54.458913" lon="-3.199047"><ele>903.5</ele></trkpt>
      <trkpt lat="54.459036" lon="-3.199095"><ele>901.3</ele></trkpt>
      <trkpt lat="54.459470" lon="-3.198530"><ele>897.8</ele></trkpt>
      <trkpt lat="54.459801" lon="-3.197935"><ele>892.8</ele></trkpt>
      <trkpt lat="54.460299" lon="-3.197722"><ele>880.8</ele></trkpt>
      <trkpt lat="54.460452" lon="-3.197784"><ele>875.5</ele></trkpt>
      <trkpt lat="54.460654" lon="-3.197566"><ele>868.5</ele></trkpt>
      <trkpt lat="54.460722" lon="-3.197421"><ele>866.5</ele></trkpt>
      <trkpt lat="54.460880" lon="-3.196647"><ele>859.5</ele></trkpt>
      <trkpt lat="54.461182" lon="-3.196174"><ele>858.3</ele></trkpt>
      <trkpt lat="54.461296" lon="-3.195781"><ele>856.0</ele></trkpt>
      <trkpt lat="54.461308" lon="-3.195551"><ele>854.5</ele></trkpt>
      <trkpt lat="54.461407" lon="-3.195321"><ele>852.3</ele></trkpt>
      <trkpt lat="54.461561" lon="-3.195292"><ele>850.3</ele></trkpt>
      <trkpt lat="54.461636" lon="-3.195156"><ele>847.5</ele></trkpt>
      <trkpt lat="54.461728" lon="-3.194612"><ele>835.8</ele></trkpt>
      <trkpt lat="54.461848" lon="-3.194508"><ele>829.8</ele></trkpt>
      <trkpt lat="54.461887" lon="-3.194289"><ele>824.0</ele></trkpt>
      <trkpt lat="54.461771" lon="-3.192604"><ele>806.3</ele></trkpt>
      <trkpt lat="54.461957" lon="-3.192185"><ele>803.8</ele></trkpt>
      <trkpt lat="54.462036" lon="-3.191225"><ele>800.0</ele></trkpt>
      <trkpt lat="54.462210" lon="-3.190181"><ele>797.0</ele></trkpt>
      <trkpt lat="54.462359" lon="-3.189644"><ele>793.8</ele></trkpt>
      <trkpt lat="54.462675" lon="-3.188961"><ele>790.5</ele></trkpt>
      <trkpt lat="54.462748" lon="-3.187670"><ele>776.5</ele></trkpt>
      <trkpt lat="54.462588" lon="-3.185884"><ele>763.0</ele></trkpt>
      <trkpt lat="54.462579" lon="-3.185373"><ele>761.0</ele></trkpt>
      <trkpt lat="54.463198" lon="-3.185443"><ele>753.5</ele></trkpt>
      <trkpt lat="54.463539" lon="-3.185627"><ele>745.5</ele></trkpt>
      <trkpt lat="54.464243" lon="-3.185692"><ele>731.0</ele></trkpt>
      <trkpt lat="54.464359" lon="-3.185808"><ele>727.8</ele></trkpt>
      <trkpt lat="54.464501" lon="-3.185779"><ele>723.3</ele></trkpt>
      <trkpt lat="54.464654" lon="-3.185906"><ele>719.3</ele></trkpt>
      <trkpt lat="54.464816" lon="-3.185898"><ele>714.0</ele></trkpt>
      <trkpt lat="54.464947" lon="-3.186005"><ele>710.3</ele></trkpt>
      <trkpt lat="54.465302" lon="-3.186084"><ele>699.0</ele></trkpt>
      <trkpt lat="54.465661" lon="-3.186362"><ele>683.5</ele></trkpt>
      <trkpt lat="54.465695" lon="-3.186769"><ele>680.0</ele></trkpt>
      <trkpt lat="54.465802" lon="-3.187018"><ele>677.0</ele></trkpt>
      <trkpt lat="54.466538" lon="-3.187649"><ele>660.5</ele></trkpt>
      <trkpt lat="54.466793" lon="-3.188499"><ele>649.0</ele></trkpt>
      <trkpt lat="54.466808" lon="-3.188777"><ele>650.0</ele></trkpt>
      <trkpt lat="54.466871" lon="-3.188855"><ele>648.8</ele></trkpt>
      <trkpt lat="54.466933" lon="-3.189160"><ele>645.3</ele></trkpt>
      <trkpt lat="54.467391" lon="-3.189940"><ele>631.0</ele></trkpt>
      <trkpt lat="54.467500" lon="-3.190290"><ele>627.8</ele></trkpt>
      <trkpt lat="54.467033" lon="-3.189356"><ele>643.0</ele></trkpt>
      <trkpt lat="54.466513" lon="-3.187742"><ele>659.0</ele></trkpt>
      <trkpt lat="54.466322" lon="-3.187457"><ele>664.0</ele></trkpt>
      <trkpt lat="54.466221" lon="-3.187003"><ele>666.0</ele></trkpt>
      <trkpt lat="54.466224" lon="-3.186027"><ele>674.0</ele></trkpt>
      <trkpt lat="54.466133" lon="-3.185745"><ele>677.0</ele></trkpt>
      <trkpt lat="54.465765" lon="-3.185177"><ele>687.0</ele></trkpt>
      <trkpt lat="54.465413" lon="-3.184201"><ele>697.0</ele></trkpt>
      <trkpt lat="54.465247" lon="-3.183885"><ele>699.0</ele></trkpt>
      <trkpt lat="54.465152" lon="-3.183410"><ele>703.0</ele></trkpt>
      <trkpt lat="54.464754" lon="-3.182712"><ele>715.0</ele></trkpt>
      <trkpt lat="54.464681" lon="-3.182289"><ele>721.5</ele></trkpt>
      <trkpt lat="54.464503" lon="-3.181946"><ele>724.0</ele></trkpt>
      <trkpt lat="54.464691" lon="-3.181513"><ele>726.5</ele></trkpt>
      <trkpt lat="54.464799" lon="-3.181387"><ele>727.8</ele></trkpt>
      <trkpt lat="54.464861" lon="-3.180741"><ele>734.8</ele></trkpt>
      <trkpt lat="54.464991" lon="-3.180358"><ele>743.8</ele></trkpt>
      <trkpt lat="54.465569" lon="-3.179707"><ele>766.0</ele></trkpt>
      <trkpt lat="54.465904" lon="-3.179427"><ele>773.5</ele></trkpt>
      <trkpt lat="54.466103" lon="-3.179495"><ele>780.3</ele></trkpt>
      <trkpt lat="54.465904" lon="-3.179427"><ele>773.5</ele></trkpt>
      <trkpt lat="54.465569" lon="-3.179707"><ele>766.0</ele></trkpt>
      <trkpt lat="54.464991" lon="-3.180358"><ele>743.8</ele></trkpt>
      <trkpt lat="54.464861" lon="-3.180741"><ele>734.8</ele></trkpt>
      <trkpt lat="54.464799" lon="-3.181387"><ele>727.8</ele></trkpt>
      <trkpt lat="54.464691" lon="-3.181513"><ele>726.5</ele></trkpt>
      <trkpt lat="54.464503" lon="-3.181946"><ele>724.0</ele></trkpt>
      <trkpt lat="54.464681" lon="-3.182289"><ele>721.5</ele></trkpt>
      <trkpt lat="54.464265" lon="-3.181710"><ele>723.0</ele></trkpt>
      <trkpt lat="54.464066" lon="-3.181629"><ele>722.0</ele></trkpt>
      <trkpt lat="54.464071" lon="-3.181136"><ele>718.0</ele></trkpt>
      <trkpt lat="54.464150" lon="-3.180687"><ele>716.0</ele></trkpt>
      <trkpt lat="54.463903" lon="-3.179811"><ele>701.0</ele></trkpt>
      <trkpt lat="54.463869" lon="-3.179392"><ele>696.0</ele></trkpt>
      <trkpt lat="54.463510" lon="-3.178533"><ele>672.0</ele></trkpt>
      <trkpt lat="54.463264" lon="-3.176917"><ele>649.0</ele></trkpt>
      <trkpt lat="54.462789" lon="-3.175744"><ele>638.0</ele></trkpt>
      <trkpt lat="54.462597" lon="-3.175567"><ele>636.0</ele></trkpt>
      <trkpt lat="54.462271" lon="-3.174409"><ele>634.0</ele></trkpt>
      <trkpt lat="54.462039" lon="-3.173952"><ele>638.0</ele></trkpt>
      <trkpt lat="54.462000" lon="-3.173425"><ele>643.0</ele></trkpt>
      <trkpt lat="54.461824" lon="-3.172959"><ele>648.0</ele></trkpt>
      <trkpt lat="54.461778" lon="-3.172603"><ele>650.0</ele></trkpt>
      <trkpt lat="54.461797" lon="-3.171928"><ele>648.0</ele></trkpt>
      <trkpt lat="54.461357" lon="-3.171572"><ele>645.0</ele></trkpt>
      <trkpt lat="54.461236" lon="-3.171257"><ele>643.0</ele></trkpt>
      <trkpt lat="54.461135" lon="-3.170020"><ele>631.0</ele></trkpt>
      <trkpt lat="54.460642" lon="-3.168171"><ele>601.0</ele></trkpt>
      <trkpt lat="54.460439" lon="-3.167843"><ele>595.0</ele></trkpt>
      <trkpt lat="54.460351" lon="-3.167326"><ele>587.0</ele></trkpt>
      <trkpt lat="54.460109" lon="-3.166493"><ele>570.0</ele></trkpt>
      <trkpt lat="54.459773" lon="-3.165807"><ele>561.0</ele></trkpt>
      <trkpt lat="54.459836" lon="-3.165853"><ele>561.3</ele></trkpt>
      <trkpt lat="54.459827" lon="-3.166019"><ele>562.5</ele></trkpt>
      <trkpt lat="54.459836" lon="-3.165853"><ele>561.3</ele></trkpt>
      <trkpt lat="54.459771" lon="-3.165817"><ele>560.3</ele></trkpt>
      <trkpt lat="54.459695" lon="-3.165431"><ele>561.0</ele></trkpt>
      <trkpt lat="54.459597" lon="-3.165297"><ele>563.0</ele></trkpt>
      <trkpt lat="54.459343" lon="-3.164541"><ele>575.5</ele></trkpt>
      <trkpt lat="54.459144" lon="-3.164330"><ele>581.0</ele></trkpt>
      <trkpt lat="54.459027" lon="-3.164381"><ele>582.5</ele></trkpt>
      <trkpt lat="54.458368" lon="-3.164204"><ele>600.5</ele></trkpt>
      <trkpt lat="54.458183" lon="-3.163995"><ele>606.3</ele></trkpt>
      <trkpt lat="54.458161" lon="-3.163826"><ele>608.3</ele></trkpt>
      <trkpt lat="54.457755" lon="-3.163253"><ele>608.8</ele></trkpt>
      <trkpt lat="54.457705" lon="-3.163064"><ele>607.5</ele></trkpt>
      <trkpt lat="54.457545" lon="-3.163281"><ele>606.8</ele></trkpt>
      <trkpt lat="54.456846" lon="-3.163550"><ele>617.3</ele></trkpt>
      <trkpt lat="54.456565" lon="-3.163309"><ele>625.3</ele></trkpt>
      <trkpt lat="54.456516" lon="-3.163330"><ele>627.3</ele></trkpt>
      <trkpt lat="54.456266" lon="-3.163067"><ele>632.3</ele></trkpt>
      <trkpt lat="54.456097" lon="-3.163065"><ele>635.0</ele></trkpt>
      <trkpt lat="54.455708" lon="-3.163366"><ele>641.5</ele></trkpt>
      <trkpt lat="54.455583" lon="-3.163612"><ele>646.5</ele></trkpt>
      <trkpt lat="54.455556" lon="-3.163896"><ele>653.0</ele></trkpt>
      <trkpt lat="54.455247" lon="-3.164093"><ele>668.0</ele></trkpt>
      <trkpt lat="54.454668" lon="-3.164098"><ele>693.0</ele></trkpt>
      <trkpt lat="54.454235" lon="-3.164350"><ele>712.0</ele></trkpt>
      <trkpt lat="54.454095" lon="-3.164560"><ele>723.0</ele></trkpt>
      <trkpt lat="54.453812" lon="-3.164652"><ele>736.5</ele></trkpt>
      <trkpt lat="54.453685" lon="-3.165033"><ele>756.0</ele></trkpt>
      <trkpt lat="54.453536" lon="-3.164977"><ele>761.8</ele></trkpt>
      <trkpt lat="54.453408" lon="-3.165060"><ele>771.3</ele></trkpt>
      <trkpt lat="54.452974" lon="-3.165090"><ele>793.0</ele></trkpt>
      <trkpt lat="54.452891" lon="-3.165214"><ele>801.0</ele></trkpt>
      <trkpt lat="54.452604" lon="-3.165261"><ele>812.5</ele></trkpt>
      <trkpt lat="54.452194" lon="-3.165516"><ele>829.3</ele></trkpt>
      <trkpt lat="54.451830" lon="-3.165484"><ele>834.8</ele></trkpt>
      <trkpt lat="54.451145" lon="-3.165638"><ele>848.3</ele></trkpt>
      <trkpt lat="54.450762" lon="-3.166001"><ele>850.8</ele></trkpt>
      <trkpt lat="54.450554" lon="-3.166291"><ele>853.3</ele></trkpt>
      <trkpt lat="54.449480" lon="-3.166753"><ele>858.8</ele></trkpt>
      <trkpt lat="54.448876" lon="-3.166566"><ele>879.5</ele></trkpt>
      <trkpt lat="54.448651" lon="-3.166254"><ele>882.5</ele></trkpt>
      <trkpt lat="54.448254" lon="-3.166125"><ele>886.5</ele></trkpt>
      <trkpt lat="54.448227" lon="-3.166300"><ele>887.0</ele></trkpt>
      <trkpt lat="54.448097" lon="-3.166591"><ele>888.5</ele></trkpt>
      <trkpt lat="54.447962" lon="-3.166447"><ele>893.8</ele></trkpt>
      <trkpt lat="54.447941" lon="-3.166314"><ele>894.5</ele></trkpt>
      <trkpt lat="54.447776" lon="-3.166291"><ele>898.5</ele></trkpt>
      <trkpt lat="54.447941" lon="-3.166314"><ele>894.5</ele></trkpt>
      <trkpt lat="54.447962" lon="-3.166447"><ele>893.8</ele></trkpt>
      <trkpt lat="54.448097" lon="-3.166591"><ele>888.5</ele></trkpt>
      <trkpt lat="54.448227" lon="-3.166300"><ele>887.0</ele></trkpt>
      <trkpt lat="54.448254" lon="-3.166125"><ele>886.5</ele></trkpt>
      <trkpt lat="54.448651" lon="-3.166254"><ele>882.5</ele></trkpt>
      <trkpt lat="54.448876" lon="-3.166566"><ele>879.5</ele></trkpt>
      <trkpt lat="54.449480" lon="-3.166753"><ele>858.8</ele></trkpt>
      <trkpt lat="54.450554" lon="-3.166291"><ele>853.3</ele></trkpt>
      <trkpt lat="54.450762" lon="-3.166001"><ele>850.8</ele></trkpt>
      <trkpt lat="54.451145" lon="-3.165638"><ele>848.3</ele></trkpt>
      <trkpt lat="54.451830" lon="-3.165484"><ele>834.8</ele></trkpt>
      <trkpt lat="54.452194" lon="-3.165516"><ele>829.3</ele></trkpt>
      <trkpt lat="54.452604" lon="-3.165261"><ele>812.5</ele></trkpt>
      <trkpt lat="54.452891" lon="-3.165214"><ele>801.0</ele></trkpt>
      <trkpt lat="54.452974" lon="-3.165090"><ele>793.0</ele></trkpt>
      <trkpt lat="54.453408" lon="-3.165060"><ele>771.3</ele></trkpt>
      <trkpt lat="54.453536" lon="-3.164977"><ele>761.8</ele></trkpt>
      <trkpt lat="54.453685" lon="-3.165033"><ele>756.0</ele></trkpt>
      <trkpt lat="54.453812" lon="-3.164652"><ele>736.5</ele></trkpt>
      <trkpt lat="54.454095" lon="-3.164560"><ele>723.0</ele></trkpt>
      <trkpt lat="54.454235" lon="-3.164350"><ele>712.0</ele></trkpt>
      <trkpt lat="54.454668" lon="-3.164098"><ele>693.0</ele></trkpt>
      <trkpt lat="54.455247" lon="-3.164093"><ele>668.0</ele></trkpt>
      <trkpt lat="54.455556" lon="-3.163896"><ele>653.0</ele></trkpt>
      <trkpt lat="54.455583" lon="-3.163612"><ele>646.5</ele></trkpt>
      <trkpt lat="54.455708" lon="-3.163366"><ele>641.5</ele></trkpt>
      <trkpt lat="54.456097" lon="-3.163065"><ele>635.0</ele></trkpt>
      <trkpt lat="54.456266" lon="-3.163067"><ele>632.3</ele></trkpt>
      <trkpt lat="54.456516" lon="-3.163330"><ele>627.3</ele></trkpt>
      <trkpt lat="54.456565" lon="-3.163309"><ele>625.3</ele></trkpt>
      <trkpt lat="54.456846" lon="-3.163550"><ele>617.3</ele></trkpt>
      <trkpt lat="54.457545" lon="-3.163281"><ele>606.8</ele></trkpt>
      <trkpt lat="54.457705" lon="-3.163064"><ele>607.5</ele></trkpt>
      <trkpt lat="54.457755" lon="-3.163253"><ele>608.8</ele></trkpt>
      <trkpt lat="54.458161" lon="-3.163826"><ele>608.3</ele></trkpt>
      <trkpt lat="54.458183" lon="-3.163995"><ele>606.3</ele></trkpt>
      <trkpt lat="54.458368" lon="-3.164204"><ele>600.5</ele></trkpt>
      <trkpt lat="54.459027" lon="-3.164381"><ele>582.5</ele></trkpt>
      <trkpt lat="54.459144" lon="-3.164330"><ele>581.0</ele></trkpt>
      <trkpt lat="54.459343" lon="-3.164541"><ele>575.5</ele></trkpt>
      <trkpt lat="54.459597" lon="-3.165297"><ele>563.0</ele></trkpt>
      <trkpt lat="54.459695" lon="-3.165431"><ele>561.0</ele></trkpt>
      <trkpt lat="54.459771" lon="-3.165817"><ele>560.3</ele></trkpt>
      <trkpt lat="54.459827" lon="-3.165390"><ele>562.0</ele></trkpt>
      <trkpt lat="54.459800" lon="-3.164981"><ele>562.0</ele></trkpt>
      <trkpt lat="54.459954" lon="-3.163838"><ele>558.0</ele></trkpt>
      <trkpt lat="54.460007" lon="-3.162841"><ele>564.0</ele></trkpt>
      <trkpt lat="54.460087" lon="-3.162318"><ele>565.0</ele></trkpt>
      <trkpt lat="54.459998" lon="-3.162694"><ele>565.5</ele></trkpt>
      <trkpt lat="54.460027" lon="-3.162936"><ele>563.3</ele></trkpt>
      <trkpt lat="54.459965" lon="-3.163248"><ele>561.3</ele></trkpt>
      <trkpt lat="54.459948" lon="-3.163920"><ele>561.3</ele></trkpt>
      <trkpt lat="54.459791" lon="-3.164754"><ele>564.5</ele></trkpt>
      <trkpt lat="54.459783" lon="-3.165102"><ele>562.3</ele></trkpt>
      <trkpt lat="54.459641" lon="-3.165020"><ele>566.3</ele></trkpt>
      <trkpt lat="54.459503" lon="-3.165040"><ele>568.8</ele></trkpt>
      <trkpt lat="54.459371" lon="-3.164585"><ele>575.0</ele></trkpt>
      <trkpt lat="54.459144" lon="-3.164330"><ele>581.0</ele></trkpt>
      <trkpt lat="54.459027" lon="-3.164381"><ele>582.5</ele></trkpt>
      <trkpt lat="54.458614" lon="-3.164306"><ele>593.3</ele></trkpt>
      <trkpt lat="54.458368" lon="-3.164204"><ele>600.5</ele></trkpt>
      <trkpt lat="54.458219" lon="-3.164042"><ele>605.3</ele></trkpt>
      <trkpt lat="54.458177" lon="-3.163859"><ele>607.8</ele></trkpt>
      <trkpt lat="54.458084" lon="-3.163721"><ele>610.0</ele></trkpt>
      <trkpt lat="54.458082" lon="-3.163568"><ele>611.0</ele></trkpt>
      <trkpt lat="54.458280" lon="-3.162221"><ele>616.3</ele></trkpt>
      <trkpt lat="54.458223" lon="-3.161730"><ele>617.8</ele></trkpt>
      <trkpt lat="54.458284" lon="-3.161203"><ele>626.5</ele></trkpt>
      <trkpt lat="54.458146" lon="-3.161024"><ele>630.8</ele></trkpt>
      <trkpt lat="54.458035" lon="-3.160661"><ele>636.5</ele></trkpt>
      <trkpt lat="54.457949" lon="-3.159875"><ele>644.0</ele></trkpt>
      <trkpt lat="54.458035" lon="-3.160661"><ele>636.5</ele></trkpt>
      <trkpt lat="54.458146" lon="-3.161024"><ele>630.8</ele></trkpt>
      <trkpt lat="54.458284" lon="-3.161203"><ele>626.5</ele></trkpt>
      <trkpt lat="54.458223" lon="-3.161730"><ele>617.8</ele></trkpt>
      <trkpt lat="54.458280" lon="-3.162221"><ele>616.3</ele></trkpt>
      <trkpt lat="54.458084" lon="-3.163721"><ele>610.0</ele></trkpt>
      <trkpt lat="54.458177" lon="-3.163859"><ele>607.8</ele></trkpt>
      <trkpt lat="54.458219" lon="-3.164042"><ele>605.3</ele></trkpt>
      <trkpt lat="54.458368" lon="-3.164204"><ele>600.5</ele></trkpt>
      <trkpt lat="54.459027" lon="-3.164381"><ele>582.5</ele></trkpt>
      <trkpt lat="54.459144" lon="-3.164330"><ele>581.0</ele></trkpt>
      <trkpt lat="54.459371" lon="-3.164585"><ele>575.0</ele></trkpt>
      <trkpt lat="54.459503" lon="-3.165040"><ele>568.8</ele></trkpt>
      <trkpt lat="54.459641" lon="-3.165020"><ele>566.3</ele></trkpt>
      <trkpt lat="54.459783" lon="-3.165102"><ele>562.3</ele></trkpt>
      <trkpt lat="54.459791" lon="-3.164754"><ele>564.5</ele></trkpt>
      <trkpt lat="54.459948" lon="-3.163920"><ele>561.3</ele></trkpt>
      <trkpt lat="54.459965" lon="-3.163248"><ele>561.3</ele></trkpt>
      <trkpt lat="54.460027" lon="-3.162936"><ele>563.3</ele></trkpt>
      <trkpt lat="54.459998" lon="-3.162694"><ele>565.5</ele></trkpt>
      <trkpt lat="54.460061" lon="-3.162541"><ele>564.8</ele></trkpt>
      <trkpt lat="54.460076" lon="-3.162310"><ele>565.8</ele></trkpt>
      <trkpt lat="54.460277" lon="-3.162012"><ele>558.0</ele></trkpt>
      <trkpt lat="54.460708" lon="-3.160726"><ele>560.0</ele></trkpt>
      <trkpt lat="54.460847" lon="-3.159850"><ele>563.0</ele></trkpt>
      <trkpt lat="54.461367" lon="-3.158362"><ele>557.0</ele></trkpt>
      <trkpt lat="54.461587" lon="-3.157457"><ele>555.0</ele></trkpt>
      <trkpt lat="54.461708" lon="-3.156548"><ele>559.0</ele></trkpt>
      <trkpt lat="54.462104" lon="-3.155583"><ele>554.0</ele></trkpt>
      <trkpt lat="54.462221" lon="-3.154470"><ele>553.0</ele></trkpt>
      <trkpt lat="54.462336" lon="-3.154141"><ele>553.0</ele></trkpt>
      <trkpt lat="54.462376" lon="-3.153230"><ele>553.0</ele></trkpt>
      <trkpt lat="54.462513" lon="-3.152611"><ele>556.0</ele></trkpt>
      <trkpt lat="54.462711" lon="-3.152102"><ele>560.0</ele></trkpt>
      <trkpt lat="54.463485" lon="-3.150782"><ele>567.0</ele></trkpt>
      <trkpt lat="54.463824" lon="-3.149912"><ele>569.0</ele></trkpt>
      <trkpt lat="54.464468" lon="-3.149061"><ele>570.0</ele></trkpt>
      <trkpt lat="54.464868" lon="-3.148731"><ele>572.0</ele></trkpt>
      <trkpt lat="54.465028" lon="-3.148381"><ele>575.0</ele></trkpt>
      <trkpt lat="54.465038" lon="-3.147888"><ele>572.0</ele></trkpt>
      <trkpt lat="54.465235" lon="-3.147561"><ele>569.0</ele></trkpt>
      <trkpt lat="54.465498" lon="-3.147386"><ele>566.0</ele></trkpt>
      <trkpt lat="54.465851" lon="-3.146988"><ele>560.0</ele></trkpt>
      <trkpt lat="54.466329" lon="-3.146583"><ele>556.0</ele></trkpt>
      <trkpt lat="54.467592" lon="-3.145642"><ele>534.0</ele></trkpt>
      <trkpt lat="54.467977" lon="-3.145148"><ele>525.0</ele></trkpt>
      <trkpt lat="54.468401" lon="-3.144463"><ele>516.0</ele></trkpt>
      <trkpt lat="54.468682" lon="-3.143741"><ele>507.0</ele></trkpt>
      <trkpt lat="54.468915" lon="-3.143554"><ele>504.0</ele></trkpt>
      <trkpt lat="54.469093" lon="-3.143130"><ele>498.0</ele></trkpt>
      <trkpt lat="54.469428" lon="-3.141401"><ele>488.0</ele></trkpt>
      <trkpt lat="54.469629" lon="-3.140581"><ele>482.0</ele></trkpt>
      <trkpt lat="54.469782" lon="-3.140220"><ele>483.0</ele></trkpt>
      <trkpt lat="54.469807" lon="-3.139513"><ele>482.0</ele></trkpt>
      <trkpt lat="54.469779" lon="-3.139179"><ele>482.0</ele></trkpt>
      <trkpt lat="54.469595" lon="-3.138895"><ele>481.0</ele></trkpt>
      <trkpt lat="54.469512" lon="-3.138431"><ele>481.0</ele></trkpt>
      <trkpt lat="54.469203" lon="-3.138112"><ele>480.0</ele></trkpt>
      <trkpt lat="54.469094" lon="-3.137819"><ele>480.0</ele></trkpt>
      <trkpt lat="54.469058" lon="-3.137625"><ele>479.0</ele></trkpt>
      <trkpt lat="54.469160" lon="-3.137434"><ele>481.0</ele></trkpt>
      <trkpt lat="54.469061" lon="-3.137303"><ele>479.0</ele></trkpt>
      <trkpt lat="54.468953" lon="-3.136871"><ele>478.0</ele></trkpt>
      <trkpt lat="54.468861" lon="-3.136686"><ele>478.0</ele></trkpt>
      <trkpt lat="54.468527" lon="-3.136376"><ele>478.0</ele></trkpt>
      <trkpt lat="54.468405" lon="-3.136169"><ele>479.0</ele></trkpt>
      <trkpt lat="54.468200" lon="-3.135390"><ele>479.0</ele></trkpt>
      <trkpt lat="54.468233" lon="-3.135187"><ele>480.0</ele></trkpt>
      <trkpt lat="54.468247" lon="-3.135303"><ele>479.0</ele></trkpt>
      <trkpt lat="54.467997" lon="-3.135217"><ele>479.0</ele></trkpt>
      <trkpt lat="54.467822" lon="-3.135241"><ele>480.8</ele></trkpt>
      <trkpt lat="54.467695" lon="-3.134931"><ele>483.8</ele></trkpt>
      <trkpt lat="54.467465" lon="-3.134835"><ele>486.3</ele></trkpt>
      <trkpt lat="54.467252" lon="-3.134598"><ele>489.5</ele></trkpt>
      <trkpt lat="54.466800" lon="-3.134606"><ele>496.3</ele></trkpt>
      <trkpt lat="54.466646" lon="-3.134374"><ele>500.5</ele></trkpt>
      <trkpt lat="54.466435" lon="-3.133758"><ele>506.5</ele></trkpt>
      <trkpt lat="54.466158" lon="-3.133361"><ele>512.0</ele></trkpt>
      <trkpt lat="54.465838" lon="-3.133040"><ele>520.0</ele></trkpt>
      <trkpt lat="54.465680" lon="-3.133010"><ele>523.0</ele></trkpt>
      <trkpt lat="54.465560" lon="-3.132883"><ele>526.0</ele></trkpt>
      <trkpt lat="54.465425" lon="-3.132559"><ele>530.8</ele></trkpt>
      <trkpt lat="54.464869" lon="-3.131901"><ele>537.0</ele></trkpt>
      <trkpt lat="54.464700" lon="-3.131588"><ele>539.8</ele></trkpt>
      <trkpt lat="54.464495" lon="-3.130995"><ele>543.5</ele></trkpt>
      <trkpt lat="54.464316" lon="-3.130862"><ele>543.5</ele></trkpt>
      <trkpt lat="54.464215" lon="-3.130575"><ele>542.8</ele></trkpt>
      <trkpt lat="54.464154" lon="-3.128945"><ele>536.3</ele></trkpt>
      <trkpt lat="54.464065" lon="-3.128698"><ele>537.3</ele></trkpt>
      <trkpt lat="54.464070" lon="-3.128470"><ele>538.0</ele></trkpt>
      <trkpt lat="54.463952" lon="-3.128054"><ele>539.3</ele></trkpt>
      <trkpt lat="54.463424" lon="-3.128010"><ele>544.3</ele></trkpt>
      <trkpt lat="54.462801" lon="-3.126999"><ele>556.3</ele></trkpt>
      <trkpt lat="54.462625" lon="-3.126249"><ele>567.0</ele></trkpt>
      <trkpt lat="54.462429" lon="-3.124027"><ele>599.0</ele></trkpt>
      <trkpt lat="54.462276" lon="-3.123423"><ele>609.0</ele></trkpt>
      <trkpt lat="54.462208" lon="-3.122116"><ele>627.0</ele></trkpt>
      <trkpt lat="54.461964" lon="-3.120119"><ele>652.8</ele></trkpt>
      <trkpt lat="54.461867" lon="-3.118729"><ele>666.8</ele></trkpt>
      <trkpt lat="54.461739" lon="-3.118217"><ele>670.8</ele></trkpt>
      <trkpt lat="54.461591" lon="-3.116664"><ele>681.8</ele></trkpt>
      <trkpt lat="54.461654" lon="-3.116127"><ele>686.5</ele></trkpt>
      <trkpt lat="54.461579" lon="-3.115899"><ele>688.3</ele></trkpt>
      <trkpt lat="54.461425" lon="-3.114659"><ele>700.0</ele></trkpt>
      <trkpt lat="54.461487" lon="-3.114197"><ele>705.8</ele></trkpt>
      <trkpt lat="54.461874" lon="-3.112879"><ele>718.8</ele></trkpt>
      <trkpt lat="54.461502" lon="-3.112967"><ele>714.0</ele></trkpt>
      <trkpt lat="54.461361" lon="-3.112655"><ele>713.3</ele></trkpt>
      <trkpt lat="54.461247" lon="-3.112533"><ele>711.3</ele></trkpt>
      <trkpt lat="54.460619" lon="-3.112361"><ele>700.3</ele></trkpt>
      <trkpt lat="54.460506" lon="-3.112412"><ele>699.0</ele></trkpt>
      <trkpt lat="54.459961" lon="-3.111960"><ele>697.5</ele></trkpt>
      <trkpt lat="54.459753" lon="-3.112083"><ele>695.3</ele></trkpt>
      <trkpt lat="54.459488" lon="-3.111979"><ele>695.5</ele></trkpt>
      <trkpt lat="54.459031" lon="-3.111940"><ele>695.0</ele></trkpt>
      <trkpt lat="54.458780" lon="-3.111727"><ele>696.5</ele></trkpt>
      <trkpt lat="54.458691" lon="-3.111766"><ele>696.3</ele></trkpt>
      <trkpt lat="54.458450" lon="-3.111609"><ele>698.5</ele></trkpt>
      <trkpt lat="54.457995" lon="-3.111213"><ele>705.8</ele></trkpt>
      <trkpt lat="54.457789" lon="-3.111147"><ele>705.8</ele></trkpt>
      <trkpt lat="54.457686" lon="-3.110990"><ele>705.0</ele></trkpt>
      <trkpt lat="54.457789" lon="-3.111147"><ele>705.8</ele></trkpt>
      <trkpt lat="54.457995" lon="-3.111213"><ele>705.8</ele></trkpt>
      <trkpt lat="54.458450" lon="-3.111609"><ele>698.5</ele></trkpt>
      <trkpt lat="54.458691" lon="-3.111766"><ele>696.3</ele></trkpt>
      <trkpt lat="54.458780" lon="-3.111727"><ele>696.5</ele></trkpt>
      <trkpt lat="54.459031" lon="-3.111940"><ele>695.0</ele></trkpt>
      <trkpt lat="54.459488" lon="-3.111979"><ele>695.5</ele></trkpt>
      <trkpt lat="54.459753" lon="-3.112083"><ele>695.3</ele></trkpt>
      <trkpt lat="54.459961" lon="-3.111960"><ele>697.5</ele></trkpt>
      <trkpt lat="54.460506" lon="-3.112412"><ele>699.0</ele></trkpt>
      <trkpt lat="54.460619" lon="-3.112361"><ele>700.3</ele></trkpt>
      <trkpt lat="54.461247" lon="-3.112533"><ele>711.3</ele></trkpt>
      <trkpt lat="54.461361" lon="-3.112655"><ele>713.3</ele></trkpt>
      <trkpt lat="54.461502" lon="-3.112967"><ele>714.0</ele></trkpt>
      <trkpt lat="54.461874" lon="-3.112879"><ele>718.8</ele></trkpt>
      <trkpt lat="54.461487" lon="-3.114197"><ele>705.8</ele></trkpt>
      <trkpt lat="54.461425" lon="-3.114659"><ele>700.0</ele></trkpt>
      <trkpt lat="54.461579" lon="-3.115899"><ele>688.3</ele></trkpt>
      <trkpt lat="54.461654" lon="-3.116127"><ele>686.5</ele></trkpt>
      <trkpt lat="54.461591" lon="-3.116664"><ele>681.8</ele></trkpt>
      <trkpt lat="54.461739" lon="-3.118217"><ele>670.8</ele></trkpt>
      <trkpt lat="54.461867" lon="-3.118729"><ele>666.8</ele></trkpt>
      <trkpt lat="54.461964" lon="-3.120119"><ele>652.8</ele></trkpt>
      <trkpt lat="54.462208" lon="-3.122116"><ele>627.0</ele></trkpt>
      <trkpt lat="54.462276" lon="-3.123423"><ele>609.0</ele></trkpt>
      <trkpt lat="54.462429" lon="-3.124027"><ele>599.0</ele></trkpt>
      <trkpt lat="54.462625" lon="-3.126249"><ele>567.0</ele></trkpt>
      <trkpt lat="54.462801" lon="-3.126999"><ele>556.3</ele></trkpt>
      <trkpt lat="54.463424" lon="-3.128010"><ele>544.3</ele></trkpt>
      <trkpt lat="54.463952" lon="-3.128054"><ele>539.3</ele></trkpt>
      <trkpt lat="54.464070" lon="-3.128470"><ele>538.0</ele></trkpt>
      <trkpt lat="54.464065" lon="-3.128698"><ele>537.3</ele></trkpt>
      <trkpt lat="54.464154" lon="-3.128945"><ele>536.3</ele></trkpt>
      <trkpt lat="54.464215" lon="-3.130575"><ele>542.8</ele></trkpt>
      <trkpt lat="54.464316" lon="-3.130862"><ele>543.5</ele></trkpt>
      <trkpt lat="54.464495" lon="-3.130995"><ele>543.5</ele></trkpt>
      <trkpt lat="54.464700" lon="-3.131588"><ele>539.8</ele></trkpt>
      <trkpt lat="54.464869" lon="-3.131901"><ele>537.0</ele></trkpt>
      <trkpt lat="54.465425" lon="-3.132559"><ele>530.8</ele></trkpt>
      <trkpt lat="54.465560" lon="-3.132883"><ele>526.0</ele></trkpt>
      <trkpt lat="54.465680" lon="-3.133010"><ele>523.0</ele></trkpt>
      <trkpt lat="54.465838" lon="-3.133040"><ele>520.0</ele></trkpt>
      <trkpt lat="54.466158" lon="-3.133361"><ele>512.0</ele></trkpt>
      <trkpt lat="54.466435" lon="-3.133758"><ele>506.5</ele></trkpt>
      <trkpt lat="54.466646" lon="-3.134374"><ele>500.5</ele></trkpt>
      <trkpt lat="54.466800" lon="-3.134606"><ele>496.3</ele></trkpt>
      <trkpt lat="54.467252" lon="-3.134598"><ele>489.5</ele></trkpt>
      <trkpt lat="54.467465" lon="-3.134835"><ele>486.3</ele></trkpt>
      <trkpt lat="54.467695" lon="-3.134931"><ele>483.8</ele></trkpt>
      <trkpt lat="54.467822" lon="-3.135241"><ele>480.8</ele></trkpt>
      <trkpt lat="54.467997" lon="-3.135217"><ele>479.0</ele></trkpt>
      <trkpt lat="54.468247" lon="-3.135303"><ele>479.0</ele></trkpt>
      <trkpt lat="54.467997" lon="-3.135217"><ele>479.0</ele></trkpt>
      <trkpt lat="54.467822" lon="-3.135241"><ele>480.8</ele></trkpt>
      <trkpt lat="54.467695" lon="-3.134931"><ele>483.8</ele></trkpt>
      <trkpt lat="54.467465" lon="-3.134835"><ele>486.3</ele></trkpt>
      <trkpt lat="54.467252" lon="-3.134598"><ele>489.5</ele></trkpt>
      <trkpt lat="54.466800" lon="-3.134606"><ele>496.3</ele></trkpt>
      <trkpt lat="54.466646" lon="-3.134374"><ele>500.5</ele></trkpt>
      <trkpt lat="54.466435" lon="-3.133758"><ele>506.5</ele></trkpt>
      <trkpt lat="54.466158" lon="-3.133361"><ele>512.0</ele></trkpt>
      <trkpt lat="54.465838" lon="-3.133040"><ele>520.0</ele></trkpt>
      <trkpt lat="54.465680" lon="-3.133010"><ele>523.0</ele></trkpt>
      <trkpt lat="54.465560" lon="-3.132883"><ele>526.0</ele></trkpt>
      <trkpt lat="54.465425" lon="-3.132559"><ele>530.8</ele></trkpt>
      <trkpt lat="54.464869" lon="-3.131901"><ele>537.0</ele></trkpt>
      <trkpt lat="54.464700" lon="-3.131588"><ele>539.8</ele></trkpt>
      <trkpt lat="54.464495" lon="-3.130995"><ele>543.5</ele></trkpt>
      <trkpt lat="54.464316" lon="-3.130862"><ele>543.5</ele></trkpt>
      <trkpt lat="54.464215" lon="-3.130575"><ele>542.8</ele></trkpt>
      <trkpt lat="54.464154" lon="-3.128945"><ele>536.3</ele></trkpt>
      <trkpt lat="54.464065" lon="-3.128698"><ele>537.3</ele></trkpt>
      <trkpt lat="54.464070" lon="-3.128470"><ele>538.0</ele></trkpt>
      <trkpt lat="54.463952" lon="-3.128054"><ele>539.3</ele></trkpt>
      <trkpt lat="54.463424" lon="-3.128010"><ele>544.3</ele></trkpt>
      <trkpt lat="54.462801" lon="-3.126999"><ele>556.3</ele></trkpt>
      <trkpt lat="54.462625" lon="-3.126249"><ele>567.0</ele></trkpt>
      <trkpt lat="54.462429" lon="-3.124027"><ele>599.0</ele></trkpt>
      <trkpt lat="54.462276" lon="-3.123423"><ele>609.0</ele></trkpt>
      <trkpt lat="54.462208" lon="-3.122116"><ele>627.0</ele></trkpt>
      <trkpt lat="54.461964" lon="-3.120119"><ele>652.8</ele></trkpt>
      <trkpt lat="54.461867" lon="-3.118729"><ele>666.8</ele></trkpt>
      <trkpt lat="54.461739" lon="-3.118217"><ele>670.8</ele></trkpt>
      <trkpt lat="54.461591" lon="-3.116664"><ele>681.8</ele></trkpt>
      <trkpt lat="54.461654" lon="-3.116127"><ele>686.5</ele></trkpt>
      <trkpt lat="54.461579" lon="-3.115899"><ele>688.3</ele></trkpt>
      <trkpt lat="54.461425" lon="-3.114659"><ele>700.0</ele></trkpt>
      <trkpt lat="54.461487" lon="-3.114197"><ele>705.8</ele></trkpt>
      <trkpt lat="54.461874" lon="-3.112879"><ele>718.8</ele></trkpt>
      <trkpt lat="54.461502" lon="-3.112967"><ele>714.0</ele></trkpt>
      <trkpt lat="54.461361" lon="-3.112655"><ele>713.3</ele></trkpt>
      <trkpt lat="54.461247" lon="-3.112533"><ele>711.3</ele></trkpt>
      <trkpt lat="54.460619" lon="-3.112361"><ele>700.3</ele></trkpt>
      <trkpt lat="54.460506" lon="-3.112412"><ele>699.0</ele></trkpt>
      <trkpt lat="54.459961" lon="-3.111960"><ele>697.5</ele></trkpt>
      <trkpt lat="54.459753" lon="-3.112083"><ele>695.3</ele></trkpt>
      <trkpt lat="54.459488" lon="-3.111979"><ele>695.5</ele></trkpt>
      <trkpt lat="54.459031" lon="-3.111940"><ele>695.0</ele></trkpt>
      <trkpt lat="54.458780" lon="-3.111727"><ele>696.5</ele></trkpt>
      <trkpt lat="54.458691" lon="-3.111766"><ele>696.3</ele></trkpt>
      <trkpt lat="54.458450" lon="-3.111609"><ele>698.5</ele></trkpt>
      <trkpt lat="54.457995" lon="-3.111213"><ele>705.8</ele></trkpt>
      <trkpt lat="54.457789" lon="-3.111147"><ele>705.8</ele></trkpt>
      <trkpt lat="54.457311" lon="-3.110543"><ele>709.8</ele></trkpt>
      <trkpt lat="54.457150" lon="-3.110245"><ele>717.0</ele></trkpt>
      <trkpt lat="54.456866" lon="-3.109463"><ele>732.3</ele></trkpt>
      <trkpt lat="54.456680" lon="-3.109462"><ele>731.8</ele></trkpt>
      <trkpt lat="54.456665" lon="-3.109100"><ele>724.0</ele></trkpt>
      <trkpt lat="54.456723" lon="-3.108961"><ele>718.8</ele></trkpt>
      <trkpt lat="54.456890" lon="-3.108945"><ele>713.3</ele></trkpt>
      <trkpt lat="54.456723" lon="-3.108961"><ele>718.8</ele></trkpt>
      <trkpt lat="54.456665" lon="-3.109100"><ele>724.0</ele></trkpt>
      <trkpt lat="54.456680" lon="-3.109462"><ele>731.8</ele></trkpt>
      <trkpt lat="54.456866" lon="-3.109463"><ele>732.3</ele></trkpt>
      <trkpt lat="54.457150" lon="-3.110245"><ele>717.0</ele></trkpt>
      <trkpt lat="54.457311" lon="-3.110543"><ele>709.8</ele></trkpt>
      <trkpt lat="54.457789" lon="-3.111147"><ele>705.8</ele></trkpt>
      <trkpt lat="54.457995" lon="-3.111213"><ele>705.8</ele></trkpt>
      <trkpt lat="54.458450" lon="-3.111609"><ele>698.5</ele></trkpt>
      <trkpt lat="54.458691" lon="-3.111766"><ele>696.3</ele></trkpt>
      <trkpt lat="54.458780" lon="-3.111727"><ele>696.5</ele></trkpt>
      <trkpt lat="54.459031" lon="-3.111940"><ele>695.0</ele></trkpt>
      <trkpt lat="54.459488" lon="-3.111979"><ele>695.5</ele></trkpt>
      <trkpt lat="54.459753" lon="-3.112083"><ele>695.3</ele></trkpt>
      <trkpt lat="54.459961" lon="-3.111960"><ele>697.5</ele></trkpt>
      <trkpt lat="54.460506" lon="-3.112412"><ele>699.0</ele></trkpt>
      <trkpt lat="54.460619" lon="-3.112361"><ele>700.3</ele></trkpt>
      <trkpt lat="54.461247" lon="-3.112533"><ele>711.3</ele></trkpt>
      <trkpt lat="54.461361" lon="-3.112655"><ele>713.3</ele></trkpt>
      <trkpt lat="54.461502" lon="-3.112967"><ele>714.0</ele></trkpt>
      <trkpt lat="54.461874" lon="-3.112879"><ele>718.8</ele></trkpt>
      <trkpt lat="54.461487" lon="-3.114197"><ele>705.8</ele></trkpt>
      <trkpt lat="54.461425" lon="-3.114659"><ele>700.0</ele></trkpt>
      <trkpt lat="54.461579" lon="-3.115899"><ele>688.3</ele></trkpt>
      <trkpt lat="54.461654" lon="-3.116127"><ele>686.5</ele></trkpt>
      <trkpt lat="54.461591" lon="-3.116664"><ele>681.8</ele></trkpt>
      <trkpt lat="54.461739" lon="-3.118217"><ele>670.8</ele></trkpt>
      <trkpt lat="54.461867" lon="-3.118729"><ele>666.8</ele></trkpt>
      <trkpt lat="54.461964" lon="-3.120119"><ele>652.8</ele></trkpt>
      <trkpt lat="54.462208" lon="-3.122116"><ele>627.0</ele></trkpt>
      <trkpt lat="54.462276" lon="-3.123423"><ele>609.0</ele></trkpt>
      <trkpt lat="54.462429" lon="-3.124027"><ele>599.0</ele></trkpt>
      <trkpt lat="54.462625" lon="-3.126249"><ele>567.0</ele></trkpt>
      <trkpt lat="54.462801" lon="-3.126999"><ele>556.3</ele></trkpt>
      <trkpt lat="54.463424" lon="-3.128010"><ele>544.3</ele></trkpt>
      <trkpt lat="54.463952" lon="-3.128054"><ele>539.3</ele></trkpt>
      <trkpt lat="54.464070" lon="-3.128470"><ele>538.0</ele></trkpt>
      <trkpt lat="54.464065" lon="-3.128698"><ele>537.3</ele></trkpt>
      <trkpt lat="54.464154" lon="-3.128945"><ele>536.3</ele></trkpt>
      <trkpt lat="54.464215" lon="-3.130575"><ele>542.8</ele></trkpt>
      <trkpt lat="54.464316" lon="-3.130862"><ele>543.5</ele></trkpt>
      <trkpt lat="54.464495" lon="-3.130995"><ele>543.5</ele></trkpt>
      <trkpt lat="54.464700" lon="-3.131588"><ele>539.8</ele></trkpt>
      <trkpt lat="54.464869" lon="-3.131901"><ele>537.0</ele></trkpt>
      <trkpt lat="54.465425" lon="-3.132559"><ele>530.8</ele></trkpt>
      <trkpt lat="54.465560" lon="-3.132883"><ele>526.0</ele></trkpt>
      <trkpt lat="54.465680" lon="-3.133010"><ele>523.0</ele></trkpt>
      <trkpt lat="54.465838" lon="-3.133040"><ele>520.0</ele></trkpt>
      <trkpt lat="54.466158" lon="-3.133361"><ele>512.0</ele></trkpt>
      <trkpt lat="54.466435" lon="-3.133758"><ele>506.5</ele></trkpt>
      <trkpt lat="54.466646" lon="-3.134374"><ele>500.5</ele></trkpt>
      <trkpt lat="54.466800" lon="-3.134606"><ele>496.3</ele></trkpt>
      <trkpt lat="54.467252" lon="-3.134598"><ele>489.5</ele></trkpt>
      <trkpt lat="54.467465" lon="-3.134835"><ele>486.3</ele></trkpt>
      <trkpt lat="54.467695" lon="-3.134931"><ele>483.8</ele></trkpt>
      <trkpt lat="54.467822" lon="-3.135241"><ele>480.8</ele></trkpt>
      <trkpt lat="54.467997" lon="-3.135217"><ele>479.0</ele></trkpt>
      <trkpt lat="54.468247" lon="-3.135303"><ele>479.0</ele></trkpt>
      <trkpt lat="54.468620" lon="-3.135144"><ele>478.0</ele></trkpt>
      <trkpt lat="54.469326" lon="-3.135626"><ele>477.0</ele></trkpt>
      <trkpt lat="54.469429" lon="-3.135285"><ele>474.0</ele></trkpt>
      <trkpt lat="54.469563" lon="-3.135053"><ele>472.0</ele></trkpt>
      <trkpt lat="54.469889" lon="-3.134783"><ele>469.0</ele></trkpt>
      <trkpt lat="54.470177" lon="-3.134716"><ele>468.0</ele></trkpt>
      <trkpt lat="54.470879" lon="-3.134360"><ele>467.0</ele></trkpt>
      <trkpt lat="54.471118" lon="-3.134087"><ele>464.0</ele></trkpt>
      <trkpt lat="54.471709" lon="-3.133707"><ele>463.0</ele></trkpt>
      <trkpt lat="54.471831" lon="-3.133313"><ele>458.0</ele></trkpt>
      <trkpt lat="54.472292" lon="-3.132725"><ele>453.0</ele></trkpt>
      <trkpt lat="54.472394" lon="-3.132481"><ele>451.0</ele></trkpt>
      <trkpt lat="54.472756" lon="-3.132491"><ele>444.0</ele></trkpt>
      <trkpt lat="54.473054" lon="-3.132596"><ele>431.0</ele></trkpt>
      <trkpt lat="54.473301" lon="-3.132850"><ele>424.0</ele></trkpt>
      <trkpt lat="54.473393" lon="-3.133056"><ele>422.0</ele></trkpt>
      <trkpt lat="54.473971" lon="-3.133169"><ele>400.0</ele></trkpt>
      <trkpt lat="54.474113" lon="-3.133312"><ele>394.0</ele></trkpt>
      <trkpt lat="54.474165" lon="-3.133056"><ele>388.0</ele></trkpt>
      <trkpt lat="54.474376" lon="-3.133148"><ele>376.0</ele></trkpt>
      <trkpt lat="54.474555" lon="-3.133410"><ele>366.0</ele></trkpt>
      <trkpt lat="54.474895" lon="-3.133066"><ele>352.0</ele></trkpt>
      <trkpt lat="54.475213" lon="-3.133729"><ele>335.0</ele></trkpt>
      <trkpt lat="54.475484" lon="-3.134069"><ele>320.0</ele></trkpt>
      <trkpt lat="54.475991" lon="-3.134545"><ele>295.0</ele></trkpt>
      <trkpt lat="54.476414" lon="-3.134578"><ele>282.0</ele></trkpt>
      <trkpt lat="54.476386" lon="-3.134899"><ele>280.0</ele></trkpt>
      <trkpt lat="54.476445" lon="-3.135255"><ele>276.0</ele></trkpt>
      <trkpt lat="54.476971" lon="-3.135731"><ele>259.0</ele></trkpt>
      <trkpt lat="54.477506" lon="-3.135852"><ele>245.0</ele></trkpt>
      <trkpt lat="54.477701" lon="-3.135664"><ele>243.0</ele></trkpt>
      <trkpt lat="54.477918" lon="-3.135788"><ele>239.0</ele></trkpt>
      <trkpt lat="54.478052" lon="-3.136060"><ele>236.0</ele></trkpt>
      <trkpt lat="54.478546" lon="-3.135977"><ele>228.0</ele></trkpt>
      <trkpt lat="54.479210" lon="-3.136993"><ele>215.0</ele></trkpt>
      <trkpt lat="54.479463" lon="-3.137172"><ele>213.0</ele></trkpt>
      <trkpt lat="54.479850" lon="-3.137194"><ele>212.0</ele></trkpt>
      <trkpt lat="54.479916" lon="-3.137485"><ele>212.0</ele></trkpt>
      <trkpt lat="54.480988" lon="-3.138127"><ele>208.0</ele></trkpt>
      <trkpt lat="54.481774" lon="-3.138084"><ele>206.0</ele></trkpt>
      <trkpt lat="54.482775" lon="-3.138305"><ele>203.0</ele></trkpt>
      <trkpt lat="54.483296" lon="-3.137933"><ele>198.0</ele></trkpt>
      <trkpt lat="54.483737" lon="-3.138117"><ele>200.0</ele></trkpt>
      <trkpt lat="54.484354" lon="-3.138156"><ele>202.0</ele></trkpt>
      <trkpt lat="54.484555" lon="-3.138033"><ele>201.0</ele></trkpt>
      <trkpt lat="54.485578" lon="-3.137965"><ele>198.0</ele></trkpt>
      <trkpt lat="54.486855" lon="-3.138011"><ele>200.0</ele></trkpt>
      <trkpt lat="54.487281" lon="-3.137819"><ele>199.0</ele></trkpt>
      <trkpt lat="54.487477" lon="-3.137503"><ele>198.0</ele></trkpt>
      <trkpt lat="54.487703" lon="-3.137305"><ele>198.0</ele></trkpt>
      <trkpt lat="54.487947" lon="-3.137226"><ele>200.0</ele></trkpt>
      <trkpt lat="54.489045" lon="-3.136063"><ele>196.0</ele></trkpt>
      <trkpt lat="54.489295" lon="-3.135974"><ele>197.0</ele></trkpt>
      <trkpt lat="54.489503" lon="-3.135808"><ele>196.0</ele></trkpt>
      <trkpt lat="54.490184" lon="-3.135559"><ele>191.0</ele></trkpt>
      <trkpt lat="54.490314" lon="-3.135036"><ele>186.0</ele></trkpt>
      <trkpt lat="54.491011" lon="-3.134433"><ele>183.0</ele></trkpt>
      <trkpt lat="54.491624" lon="-3.133581"><ele>183.0</ele></trkpt>
      <trkpt lat="54.491728" lon="-3.133123"><ele>184.0</ele></trkpt>
      <trkpt lat="54.491930" lon="-3.133536"><ele>183.0</ele></trkpt>
      <trkpt lat="54.492276" lon="-3.133836"><ele>183.0</ele></trkpt>
      <trkpt lat="54.492537" lon="-3.133864"><ele>184.0</ele></trkpt>
      <trkpt lat="54.492754" lon="-3.133999"><ele>183.0</ele></trkpt>
      <trkpt lat="54.492979" lon="-3.133941"><ele>183.0</ele></trkpt>
      <trkpt lat="54.493186" lon="-3.133786"><ele>182.0</ele></trkpt>
      <trkpt lat="54.494128" lon="-3.133584"><ele>179.0</ele></trkpt>
      <trkpt lat="54.495112" lon="-3.133053"><ele>180.0</ele></trkpt>
      <trkpt lat="54.496060" lon="-3.132286"><ele>177.0</ele></trkpt>
      <trkpt lat="54.496714" lon="-3.131606"><ele>170.0</ele></trkpt>
      <trkpt lat="54.497177" lon="-3.131501"><ele>170.0</ele></trkpt>
      <trkpt lat="54.497620" lon="-3.131533"><ele>171.0</ele></trkpt>
      <trkpt lat="54.499118" lon="-3.131215"><ele>171.0</ele></trkpt>
      <trkpt lat="54.499725" lon="-3.130942"><ele>171.0</ele></trkpt>
      <trkpt lat="54.499901" lon="-3.130765"><ele>169.0</ele></trkpt>
      <trkpt lat="54.500427" lon="-3.130575"><ele>168.0</ele></trkpt>
      <trkpt lat="54.500652" lon="-3.130410"><ele>168.0</ele></trkpt>
      <trkpt lat="54.500867" lon="-3.130115"><ele>165.0</ele></trkpt>
      <trkpt lat="54.501173" lon="-3.129451"><ele>157.0</ele></trkpt>
      <trkpt lat="54.501602" lon="-3.128884"><ele>154.0</ele></trkpt>
      <trkpt lat="54.501965" lon="-3.128658"><ele>159.0</ele></trkpt>
      <trkpt lat="54.502198" lon="-3.128407"><ele>159.0</ele></trkpt>
      <trkpt lat="54.503101" lon="-3.126896"><ele>150.0</ele></trkpt>
      <trkpt lat="54.503552" lon="-3.126630"><ele>151.0</ele></trkpt>
      <trkpt lat="54.504187" lon="-3.126025"><ele>151.0</ele></trkpt>
      <trkpt lat="54.505018" lon="-3.125704"><ele>154.0</ele></trkpt>
      <trkpt lat="54.505294" lon="-3.125530"><ele>154.0</ele></trkpt>
      <trkpt lat="54.505465" lon="-3.125245"><ele>151.0</ele></trkpt>
      <trkpt lat="54.505811" lon="-3.124246"><ele>145.0</ele></trkpt>
      <trkpt lat="54.505949" lon="-3.124142"><ele>144.0</ele></trkpt>
      <trkpt lat="54.506466" lon="-3.124113"><ele>137.0</ele></trkpt>
      <trkpt lat="54.506670" lon="-3.124291"><ele>135.0</ele></trkpt>
      <trkpt lat="54.506787" lon="-3.124498"><ele>134.0</ele></trkpt>
      <trkpt lat="54.507059" lon="-3.124677"><ele>132.0</ele></trkpt>
      <trkpt lat="54.507184" lon="-3.124632"><ele>131.0</ele></trkpt>
      <trkpt lat="54.507326" lon="-3.124786"><ele>130.0</ele></trkpt>
      <trkpt lat="54.507595" lon="-3.125352"><ele>126.0</ele></trkpt>
      <trkpt lat="54.507610" lon="-3.125674"><ele>125.0</ele></trkpt>
      <trkpt lat="54.507547" lon="-3.126498"><ele>124.0</ele></trkpt>
      <trkpt lat="54.507566" lon="-3.128473"><ele>124.0</ele></trkpt>
      <trkpt lat="54.507924" lon="-3.128816"><ele>125.0</ele></trkpt>
      <trkpt lat="54.508484" lon="-3.128853"><ele>123.0</ele></trkpt>
      <trkpt lat="54.508804" lon="-3.129323"><ele>126.0</ele></trkpt>
      <trkpt lat="54.508924" lon="-3.129809"><ele>125.0</ele></trkpt>
      <trkpt lat="54.508959" lon="-3.130733"><ele>124.0</ele></trkpt>
      <trkpt lat="54.509309" lon="-3.131955"><ele>117.0</ele></trkpt>
      <trkpt lat="54.509335" lon="-3.132525"><ele>117.0</ele></trkpt>
      <trkpt lat="54.509295" lon="-3.133457"><ele>117.0</ele></trkpt>
      <trkpt lat="54.509420" lon="-3.134051"><ele>114.0</ele></trkpt>
      <trkpt lat="54.509639" lon="-3.134615"><ele>118.0</ele></trkpt>
      <trkpt lat="54.509886" lon="-3.134891"><ele>116.0</ele></trkpt>
      <trkpt lat="54.509971" lon="-3.135086"><ele>117.0</ele></trkpt>
      <trkpt lat="54.510181" lon="-3.135274"><ele>115.0</ele></trkpt>
      <trkpt lat="54.511095" lon="-3.136824"><ele>110.0</ele></trkpt>
      <trkpt lat="54.511279" lon="-3.137762"><ele>114.0</ele></trkpt>
      <trkpt lat="54.511462" lon="-3.138207"><ele>114.0</ele></trkpt>
      <trkpt lat="54.511509" lon="-3.138530"><ele>116.0</ele></trkpt>
      <trkpt lat="54.511760" lon="-3.138956"><ele>114.0</ele></trkpt>
      <trkpt lat="54.512316" lon="-3.139465"><ele>106.0</ele></trkpt>
      <trkpt lat="54.512500" lon="-3.139803"><ele>106.0</ele></trkpt>
      <trkpt lat="54.512617" lon="-3.139892"><ele>105.0</ele></trkpt>
      <trkpt lat="54.512779" lon="-3.139875"><ele>103.0</ele></trkpt>
      <trkpt lat="54.513251" lon="-3.140682"><ele>103.0</ele></trkpt>
      <trkpt lat="54.513406" lon="-3.140762"><ele>102.0</ele></trkpt>
      <trkpt lat="54.513781" lon="-3.140676"><ele>101.0</ele></trkpt>
      <trkpt lat="54.513976" lon="-3.140456"><ele>99.0</ele></trkpt>
      <trkpt lat="54.514728" lon="-3.138653"><ele>104.0</ele></trkpt>
      <trkpt lat="54.514917" lon="-3.139098"><ele>103.0</ele></trkpt>
      <trkpt lat="54.515175" lon="-3.139470"><ele>102.0</ele></trkpt>
      <trkpt lat="54.515798" lon="-3.140142"><ele>103.0</ele></trkpt>
      <trkpt lat="54.516214" lon="-3.140272"><ele>111.0</ele></trkpt>
      <trkpt lat="54.516975" lon="-3.141463"><ele>102.0</ele></trkpt>
      <trkpt lat="54.518050" lon="-3.142362"><ele>99.0</ele></trkpt>
      <trkpt lat="54.518694" lon="-3.142766"><ele>99.0</ele></trkpt>
      <trkpt lat="54.519320" lon="-3.142652"><ele>100.0</ele></trkpt>
      <trkpt lat="54.519411" lon="-3.142279"><ele>104.0</ele></trkpt>
      <trkpt lat="54.520348" lon="-3.142628"><ele>104.0</ele></trkpt>
      <trkpt lat="54.520519" lon="-3.142954"><ele>102.0</ele></trkpt>
      <trkpt lat="54.520547" lon="-3.143277"><ele>99.0</ele></trkpt>
      <trkpt lat="54.520475" lon="-3.143629"><ele>98.0</ele></trkpt>
      <trkpt lat="54.520511" lon="-3.143791"><ele>97.0</ele></trkpt>
      <trkpt lat="54.520690" lon="-3.143925"><ele>96.0</ele></trkpt>
      <trkpt lat="54.521114" lon="-3.144580"><ele>94.0</ele></trkpt>
      <trkpt lat="54.521211" lon="-3.144841"><ele>94.0</ele></trkpt>
      <trkpt lat="54.521208" lon="-3.145130"><ele>95.0</ele></trkpt>
      <trkpt lat="54.522321" lon="-3.145312"><ele>97.0</ele></trkpt>
      <trkpt lat="54.522520" lon="-3.145425"><ele>97.0</ele></trkpt>
      <trkpt lat="54.523105" lon="-3.145484"><ele>98.0</ele></trkpt>
      <trkpt lat="54.523364" lon="-3.145663"><ele>95.0</ele></trkpt>
      <trkpt lat="54.524233" lon="-3.145983"><ele>93.0</ele></trkpt>
      <trkpt lat="54.524610" lon="-3.146283"><ele>93.0</ele></trkpt>
      <trkpt lat="54.524291" lon="-3.147733"><ele>90.0</ele></trkpt>
      <trkpt lat="54.524003" lon="-3.147275"><ele>90.0</ele></trkpt>
      <trkpt lat="54.522985" lon="-3.149247"><ele>96.0</ele></trkpt>
      <trkpt lat="54.522957" lon="-3.149525"><ele>95.0</ele></trkpt>
      <trkpt lat="54.523031" lon="-3.149656"><ele>94.0</ele></trkpt>
      <trkpt lat="54.523027" lon="-3.150021"><ele>94.0</ele></trkpt>
      <trkpt lat="54.523580" lon="-3.153438"><ele>90.0</ele></trkpt>
      <trkpt lat="54.523555" lon="-3.154757"><ele>90.0</ele></trkpt>
      <trkpt lat="54.523722" lon="-3.154955"><ele>89.0</ele></trkpt>
      <trkpt lat="54.523787" lon="-3.155236"><ele>90.0</ele></trkpt>
      <trkpt lat="54.523959" lon="-3.155498"><ele>89.0</ele></trkpt>
      <trkpt lat="54.525265" lon="-3.156995"><ele>89.0</ele></trkpt>
      <trkpt lat="54.525717" lon="-3.157233"><ele>87.0</ele></trkpt>
      <trkpt lat="54.525658" lon="-3.157596"><ele>88.0</ele></trkpt>
      <trkpt lat="54.526213" lon="-3.158159"><ele>89.0</ele></trkpt>
      <trkpt lat="54.526661" lon="-3.158226"><ele>88.0</ele></trkpt>
      <trkpt lat="54.527005" lon="-3.157999"><ele>87.0</ele></trkpt>
      <trkpt lat="54.527704" lon="-3.157225"><ele>87.0</ele></trkpt>
      <trkpt lat="54.527917" lon="-3.157081"><ele>87.0</ele></trkpt>
      <trkpt lat="54.528098" lon="-3.157075"><ele>87.0</ele></trkpt>
      <trkpt lat="54.528493" lon="-3.157419"><ele>89.0</ele></trkpt>
      <trkpt lat="54.528679" lon="-3.157500"><ele>89.0</ele></trkpt>
      <trkpt lat="54.529103" lon="-3.158048"><ele>92.0</ele></trkpt>
      <trkpt lat="54.529348" lon="-3.158463"><ele>101.0</ele></trkpt>
      <trkpt lat="54.529534" lon="-3.158586"><ele>106.0</ele></trkpt>
      <trkpt lat="54.530420" lon="-3.158343"><ele>126.0</ele></trkpt>
      <trkpt lat="54.530687" lon="-3.158501"><ele>139.0</ele></trkpt>
      <trkpt lat="54.531326" lon="-3.159356"><ele>181.0</ele></trkpt>
      <trkpt lat="54.531348" lon="-3.159690"><ele>188.0</ele></trkpt>
      <trkpt lat="54.531175" lon="-3.160157"><ele>194.0</ele></trkpt>
      <trkpt lat="54.531398" lon="-3.160303"><ele>203.0</ele></trkpt>
      <trkpt lat="54.531508" lon="-3.160542"><ele>213.0</ele></trkpt>
      <trkpt lat="54.531474" lon="-3.160852"><ele>218.0</ele></trkpt>
      <trkpt lat="54.531504" lon="-3.161604"><ele>228.0</ele></trkpt>
      <trkpt lat="54.531736" lon="-3.162040"><ele>232.0</ele></trkpt>
      <trkpt lat="54.532095" lon="-3.161664"><ele>245.0</ele></trkpt>
      <trkpt lat="54.532301" lon="-3.161616"><ele>251.0</ele></trkpt>
      <trkpt lat="54.532484" lon="-3.161289"><ele>260.0</ele></trkpt>
      <trkpt lat="54.533108" lon="-3.161167"><ele>268.0</ele></trkpt>
      <trkpt lat="54.533192" lon="-3.161513"><ele>260.0</ele></trkpt>
      <trkpt lat="54.533114" lon="-3.161167"><ele>268.0</ele></trkpt>
      <trkpt lat="54.532484" lon="-3.161289"><ele>260.0</ele></trkpt>
      <trkpt lat="54.532301" lon="-3.161616"><ele>251.0</ele></trkpt>
      <trkpt lat="54.532095" lon="-3.161664"><ele>245.0</ele></trkpt>
      <trkpt lat="54.531772" lon="-3.162180"><ele>232.0</ele></trkpt>
      <trkpt lat="54.531701" lon="-3.162447"><ele>227.0</ele></trkpt>
      <trkpt lat="54.531451" lon="-3.162557"><ele>226.0</ele></trkpt>
      <trkpt lat="54.530940" lon="-3.163852"><ele>224.0</ele></trkpt>
      <trkpt lat="54.530733" lon="-3.164683"><ele>217.0</ele></trkpt>
      <trkpt lat="54.530544" lon="-3.164967"><ele>220.0</ele></trkpt>
      <trkpt lat="54.530384" lon="-3.165371"><ele>222.0</ele></trkpt>
      <trkpt lat="54.530046" lon="-3.165586"><ele>219.0</ele></trkpt>
      <trkpt lat="54.529314" lon="-3.166563"><ele>217.0</ele></trkpt>
      <trkpt lat="54.529088" lon="-3.166771"><ele>217.0</ele></trkpt>
      <trkpt lat="54.528777" lon="-3.166762"><ele>212.0</ele></trkpt>
      <trkpt lat="54.528489" lon="-3.166883"><ele>209.0</ele></trkpt>
      <trkpt lat="54.528301" lon="-3.167060"><ele>207.0</ele></trkpt>
      <trkpt lat="54.528060" lon="-3.167439"><ele>207.0</ele></trkpt>
      <trkpt lat="54.527716" lon="-3.168234"><ele>213.0</ele></trkpt>
      <trkpt lat="54.527026" lon="-3.168794"><ele>203.0</ele></trkpt>
      <trkpt lat="54.526865" lon="-3.168725"><ele>201.0</ele></trkpt>
      <trkpt lat="54.526743" lon="-3.168453"><ele>198.0</ele></trkpt>
      <trkpt lat="54.526576" lon="-3.168320"><ele>197.0</ele></trkpt>
      <trkpt lat="54.526315" lon="-3.168301"><ele>200.0</ele></trkpt>
      <trkpt lat="54.526114" lon="-3.168457"><ele>202.0</ele></trkpt>
      <trkpt lat="54.525918" lon="-3.168161"><ele>201.0</ele></trkpt>
      <trkpt lat="54.525719" lon="-3.168070"><ele>202.0</ele></trkpt>
      <trkpt lat="54.525469" lon="-3.168127"><ele>203.0</ele></trkpt>
      <trkpt lat="54.525274" lon="-3.168336"><ele>204.0</ele></trkpt>
      <trkpt lat="54.525052" lon="-3.168823"><ele>209.0</ele></trkpt>
      <trkpt lat="54.524850" lon="-3.169107"><ele>213.0</ele></trkpt>
      <trkpt lat="54.524241" lon="-3.169615"><ele>223.0</ele></trkpt>
      <trkpt lat="54.523970" lon="-3.169329"><ele>218.0</ele></trkpt>
      <trkpt lat="54.523549" lon="-3.169703"><ele>224.0</ele></trkpt>
      <trkpt lat="54.523261" lon="-3.169802"><ele>225.0</ele></trkpt>
      <trkpt lat="54.522832" lon="-3.169800"><ele>225.0</ele></trkpt>
      <trkpt lat="54.522824" lon="-3.169686"><ele>220.8</ele></trkpt>
      <trkpt lat="54.523311" lon="-3.169592"><ele>217.0</ele></trkpt>
      <trkpt lat="54.523515" lon="-3.169482"><ele>217.5</ele></trkpt>
      <trkpt lat="54.523532" lon="-3.169205"><ele>211.8</ele></trkpt>
      <trkpt lat="54.523763" lon="-3.168696"><ele>205.3</ele></trkpt>
      <trkpt lat="54.523711" lon="-3.168407"><ele>201.0</ele></trkpt>
      <trkpt lat="54.523450" lon="-3.167718"><ele>185.0</ele></trkpt>
      <trkpt lat="54.523349" lon="-3.167206"><ele>177.8</ele></trkpt>
      <trkpt lat="54.523071" lon="-3.167617"><ele>181.5</ele></trkpt>
      <trkpt lat="54.522895" lon="-3.167707"><ele>185.3</ele></trkpt>
      <trkpt lat="54.522810" lon="-3.167446"><ele>183.0</ele></trkpt>
      <trkpt lat="54.522196" lon="-3.166383"><ele>174.8</ele></trkpt>
      <trkpt lat="54.522199" lon="-3.165684"><ele>177.0</ele></trkpt>
      <trkpt lat="54.522408" lon="-3.165449"><ele>166.3</ele></trkpt>
      <trkpt lat="54.522199" lon="-3.165684"><ele>177.0</ele></trkpt>
      <trkpt lat="54.522196" lon="-3.166383"><ele>174.8</ele></trkpt>
      <trkpt lat="54.522810" lon="-3.167446"><ele>183.0</ele></trkpt>
      <trkpt lat="54.522895" lon="-3.167707"><ele>185.3</ele></trkpt>
      <trkpt lat="54.523071" lon="-3.167617"><ele>181.5</ele></trkpt>
      <trkpt lat="54.523349" lon="-3.167206"><ele>177.8</ele></trkpt>
      <trkpt lat="54.523450" lon="-3.167718"><ele>185.0</ele></trkpt>
      <trkpt lat="54.523711" lon="-3.168407"><ele>201.0</ele></trkpt>
      <trkpt lat="54.523763" lon="-3.168696"><ele>205.3</ele></trkpt>
      <trkpt lat="54.523532" lon="-3.169205"><ele>211.8</ele></trkpt>
      <trkpt lat="54.523515" lon="-3.169482"><ele>217.5</ele></trkpt>
      <trkpt lat="54.523311" lon="-3.169592"><ele>217.0</ele></trkpt>
      <trkpt lat="54.521734" lon="-3.169951"><ele>230.0</ele></trkpt>
      <trkpt lat="54.521367" lon="-3.169909"><ele>227.0</ele></trkpt>
      <trkpt lat="54.521004" lon="-3.170123"><ele>233.0</ele></trkpt>
      <trkpt lat="54.519941" lon="-3.169921"><ele>235.0</ele></trkpt>
      <trkpt lat="54.518672" lon="-3.170335"><ele>249.0</ele></trkpt>
      <trkpt lat="54.518453" lon="-3.170522"><ele>247.0</ele></trkpt>
      <trkpt lat="54.517715" lon="-3.171445"><ele>245.0</ele></trkpt>
      <trkpt lat="54.517091" lon="-3.172543"><ele>235.0</ele></trkpt>
      <trkpt lat="54.516730" lon="-3.173810"><ele>236.0</ele></trkpt>
      <trkpt lat="54.516309" lon="-3.174839"><ele>236.0</ele></trkpt>
      <trkpt lat="54.516231" lon="-3.175233"><ele>238.0</ele></trkpt>
      <trkpt lat="54.515826" lon="-3.175876"><ele>236.0</ele></trkpt>
      <trkpt lat="54.515714" lon="-3.177096"><ele>247.0</ele></trkpt>
      <trkpt lat="54.515605" lon="-3.177469"><ele>250.0</ele></trkpt>
      <trkpt lat="54.515288" lon="-3.177996"><ele>249.0</ele></trkpt>
      <trkpt lat="54.515200" lon="-3.178712"><ele>253.0</ele></trkpt>
      <trkpt lat="54.514876" lon="-3.180001"><ele>260.0</ele></trkpt>
      <trkpt lat="54.514237" lon="-3.182998"><ele>280.0</ele></trkpt>
      <trkpt lat="54.513111" lon="-3.185959"><ele>293.0</ele></trkpt>
      <trkpt lat="54.512741" lon="-3.186206"><ele>295.0</ele></trkpt>
      <trkpt lat="54.512601" lon="-3.186502"><ele>296.0</ele></trkpt>
      <trkpt lat="54.512517" lon="-3.186865"><ele>297.0</ele></trkpt>
      <trkpt lat="54.512515" lon="-3.187745"><ele>300.0</ele></trkpt>
      <trkpt lat="54.512896" lon="-3.188818"><ele>306.0</ele></trkpt>
      <trkpt lat="54.512967" lon="-3.189249"><ele>308.0</ele></trkpt>
      <trkpt lat="54.513070" lon="-3.190218"><ele>312.0</ele></trkpt>
      <trkpt lat="54.513043" lon="-3.191601"><ele>316.0</ele></trkpt>
      <trkpt lat="54.513120" lon="-3.192065"><ele>318.0</ele></trkpt>
      <trkpt lat="54.513143" lon="-3.192892"><ele>326.0</ele></trkpt>
      <trkpt lat="54.513072" lon="-3.193147"><ele>327.0</ele></trkpt>
      <trkpt lat="54.512914" lon="-3.193347"><ele>327.0</ele></trkpt>
      <trkpt lat="54.512809" lon="-3.193944"><ele>330.0</ele></trkpt>
      <trkpt lat="54.512642" lon="-3.194401"><ele>333.0</ele></trkpt>
      <trkpt lat="54.512353" lon="-3.194693"><ele>336.0</ele></trkpt>
      <trkpt lat="54.512105" lon="-3.195136"><ele>340.0</ele></trkpt>
      <trkpt lat="54.511755" lon="-3.195287"><ele>337.0</ele></trkpt>
      <trkpt lat="54.511616" lon="-3.195455"><ele>338.0</ele></trkpt>
      <trkpt lat="54.511252" lon="-3.196431"><ele>347.0</ele></trkpt>
      <trkpt lat="54.511185" lon="-3.196912"><ele>352.0</ele></trkpt>
      <trkpt lat="54.511146" lon="-3.197619"><ele>357.0</ele></trkpt>
      <trkpt lat="54.511179" lon="-3.198124"><ele>359.0</ele></trkpt>
      <trkpt lat="54.511361" lon="-3.199278"><ele>358.0</ele></trkpt>
      <trkpt lat="54.511357" lon="-3.199686"><ele>357.0</ele></trkpt>
      <trkpt lat="54.511140" lon="-3.200162"><ele>360.0</ele></trkpt>
      <trkpt lat="54.511106" lon="-3.200440"><ele>362.0</ele></trkpt>
      <trkpt lat="54.511251" lon="-3.201507"><ele>368.0</ele></trkpt>
      <trkpt lat="54.511329" lon="-3.201831"><ele>374.0</ele></trkpt>
      <trkpt lat="54.511823" lon="-3.202232"><ele>372.0</ele></trkpt>
      <trkpt lat="54.512318" lon="-3.203856"><ele>382.0</ele></trkpt>
      <trkpt lat="54.512517" lon="-3.205106"><ele>395.0</ele></trkpt>
      <trkpt lat="54.512753" lon="-3.207086"><ele>429.0</ele></trkpt>
      <trkpt lat="54.512807" lon="-3.207303"><ele>433.0</ele></trkpt>
      <trkpt lat="54.513059" lon="-3.207653"><ele>441.0</ele></trkpt>
      <trkpt lat="54.512995" lon="-3.207845"><ele>446.0</ele></trkpt>
      <trkpt lat="54.512820" lon="-3.207893"><ele>447.0</ele></trkpt>
      <trkpt lat="54.512843" lon="-3.208108"><ele>453.0</ele></trkpt>
      <trkpt lat="54.513042" lon="-3.208114"><ele>452.0</ele></trkpt>
      <trkpt lat="54.513147" lon="-3.208225"><ele>453.0</ele></trkpt>
      <trkpt lat="54.513082" lon="-3.208427"><ele>458.0</ele></trkpt>
      <trkpt lat="54.512757" lon="-3.208578"><ele>465.0</ele></trkpt>
      <trkpt lat="54.512724" lon="-3.208770"><ele>470.0</ele></trkpt>
      <trkpt lat="54.512976" lon="-3.209121"><ele>477.0</ele></trkpt>
      <trkpt lat="54.512847" lon="-3.209589"><ele>487.0</ele></trkpt>
      <trkpt lat="54.512263" lon="-3.210677"><ele>505.0</ele></trkpt>
      <trkpt lat="54.512181" lon="-3.211383"><ele>514.0</ele></trkpt>
      <trkpt lat="54.511933" lon="-3.212470"><ele>525.0</ele></trkpt>
      <trkpt lat="54.511365" lon="-3.212593"><ele>525.0</ele></trkpt>
      <trkpt lat="54.510455" lon="-3.212630"><ele>531.0</ele></trkpt>
      <trkpt lat="54.509099" lon="-3.212387"><ele>537.0</ele></trkpt>
      <trkpt lat="54.508917" lon="-3.212253"><ele>540.3</ele></trkpt>
      <trkpt lat="54.508476" lon="-3.212247"><ele>546.3</ele></trkpt>
      <trkpt lat="54.507968" lon="-3.212344"><ele>551.5</ele></trkpt>
      <trkpt lat="54.507713" lon="-3.212489"><ele>553.5</ele></trkpt>
      <trkpt lat="54.507345" lon="-3.212403"><ele>557.5</ele></trkpt>
      <trkpt lat="54.506959" lon="-3.212469"><ele>562.0</ele></trkpt>
      <trkpt lat="54.506763" lon="-3.212425"><ele>564.8</ele></trkpt>
      <trkpt lat="54.506431" lon="-3.212590"><ele>567.8</ele></trkpt>
      <trkpt lat="54.505867" lon="-3.212225"><ele>585.0</ele></trkpt>
      <trkpt lat="54.505575" lon="-3.211952"><ele>595.5</ele></trkpt>
      <trkpt lat="54.505490" lon="-3.211867"><ele>598.5</ele></trkpt>
      <trkpt lat="54.505403" lon="-3.211614"><ele>604.5</ele></trkpt>
      <trkpt lat="54.505114" lon="-3.211352"><ele>615.8</ele></trkpt>
      <trkpt lat="54.504882" lon="-3.211288"><ele>623.0</ele></trkpt>
      <trkpt lat="54.504346" lon="-3.211391"><ele>630.5</ele></trkpt>
      <trkpt lat="54.504126" lon="-3.211342"><ele>636.0</ele></trkpt>
      <trkpt lat="54.503527" lon="-3.211399"><ele>648.3</ele></trkpt>
      <trkpt lat="54.502890" lon="-3.210793"><ele>668.0</ele></trkpt>
      <trkpt lat="54.502760" lon="-3.210972"><ele>667.5</ele></trkpt>
      <trkpt lat="54.502680" lon="-3.210994"><ele>675.0</ele></trkpt>
      <trkpt lat="54.502760" lon="-3.210972"><ele>667.5</ele></trkpt>
      <trkpt lat="54.502890" lon="-3.210793"><ele>668.0</ele></trkpt>
      <trkpt lat="54.503527" lon="-3.211399"><ele>648.3</ele></trkpt>
      <trkpt lat="54.504126" lon="-3.211342"><ele>636.0</ele></trkpt>
      <trkpt lat="54.504346" lon="-3.211391"><ele>630.5</ele></trkpt>
      <trkpt lat="54.504882" lon="-3.211288"><ele>623.0</ele></trkpt>
      <trkpt lat="54.505114" lon="-3.211352"><ele>615.8</ele></trkpt>
      <trkpt lat="54.505403" lon="-3.211614"><ele>604.5</ele></trkpt>
      <trkpt lat="54.505490" lon="-3.211867"><ele>598.5</ele></trkpt>
      <trkpt lat="54.505575" lon="-3.211952"><ele>595.5</ele></trkpt>
      <trkpt lat="54.505867" lon="-3.212225"><ele>585.0</ele></trkpt>
      <trkpt lat="54.506431" lon="-3.212590"><ele>567.8</ele></trkpt>
      <trkpt lat="54.506763" lon="-3.212425"><ele>564.8</ele></trkpt>
      <trkpt lat="54.506959" lon="-3.212469"><ele>562.0</ele></trkpt>
      <trkpt lat="54.507345" lon="-3.212403"><ele>557.5</ele></trkpt>
      <trkpt lat="54.507713" lon="-3.212489"><ele>553.5</ele></trkpt>
      <trkpt lat="54.507968" lon="-3.212344"><ele>551.5</ele></trkpt>
      <trkpt lat="54.508476" lon="-3.212247"><ele>546.3</ele></trkpt>
      <trkpt lat="54.508917" lon="-3.212253"><ele>540.3</ele></trkpt>
      <trkpt lat="54.509099" lon="-3.212387"><ele>537.0</ele></trkpt>
      <trkpt lat="54.510457" lon="-3.212586"><ele>528.0</ele></trkpt>
      <trkpt lat="54.509785" lon="-3.222268"><ele>479.0</ele></trkpt>
      <trkpt lat="54.509945" lon="-3.223066"><ele>476.0</ele></trkpt>
      <trkpt lat="54.509968" lon="-3.223893"><ele>466.0</ele></trkpt>
      <trkpt lat="54.510048" lon="-3.224668"><ele>461.0</ele></trkpt>
      <trkpt lat="54.510107" lon="-3.225003"><ele>460.0</ele></trkpt>
      <trkpt lat="54.510228" lon="-3.225318"><ele>462.0</ele></trkpt>
      <trkpt lat="54.509875" lon="-3.226359"><ele>443.0</ele></trkpt>
      <trkpt lat="54.509848" lon="-3.227184"><ele>437.0</ele></trkpt>
      <trkpt lat="54.509888" lon="-3.227486"><ele>433.0</ele></trkpt>
      <trkpt lat="54.509619" lon="-3.229441"><ele>399.0</ele></trkpt>
      <trkpt lat="54.509522" lon="-3.229835"><ele>390.0</ele></trkpt>
      <trkpt lat="54.509501" lon="-3.230661"><ele>374.0</ele></trkpt>
      <trkpt lat="54.509542" lon="-3.232186"><ele>334.0</ele></trkpt>
      <trkpt lat="54.509391" lon="-3.232289"><ele>333.0</ele></trkpt>
      <trkpt lat="54.509355" lon="-3.232749"><ele>320.0</ele></trkpt>
      <trkpt lat="54.509185" lon="-3.232916"><ele>315.0</ele></trkpt>
      <trkpt lat="54.509226" lon="-3.233196"><ele>306.0</ele></trkpt>
      <trkpt lat="54.509196" lon="-3.232959"><ele>318.3</ele></trkpt>
      <trkpt lat="54.509369" lon="-3.232810"><ele>325.3</ele></trkpt>
      <trkpt lat="54.509339" lon="-3.232582"><ele>328.5</ele></trkpt>
      <trkpt lat="54.509401" lon="-3.232249"><ele>336.8</ele></trkpt>
      <trkpt lat="54.509514" lon="-3.232295"><ele>339.5</ele></trkpt>
      <trkpt lat="54.509550" lon="-3.232124"><ele>344.0</ele></trkpt>
      <trkpt lat="54.509516" lon="-3.230538"><ele>372.0</ele></trkpt>
      <trkpt lat="54.509658" lon="-3.228997"><ele>400.0</ele></trkpt>
      <trkpt lat="54.509786" lon="-3.228515"><ele>409.8</ele></trkpt>
      <trkpt lat="54.509788" lon="-3.228015"><ele>414.8</ele></trkpt>
      <trkpt lat="54.509725" lon="-3.228069"><ele>411.0</ele></trkpt>
      <trkpt lat="54.509673" lon="-3.228395"><ele>409.0</ele></trkpt>
      <trkpt lat="54.509495" lon="-3.228478"><ele>409.5</ele></trkpt>
      <trkpt lat="54.509466" lon="-3.228425"><ele>412.0</ele></trkpt>
      <trkpt lat="54.509270" lon="-3.228455"><ele>417.0</ele></trkpt>
      <trkpt lat="54.509224" lon="-3.228380"><ele>420.5</ele></trkpt>
      <trkpt lat="54.509110" lon="-3.228587"><ele>421.0</ele></trkpt>
      <trkpt lat="54.508990" lon="-3.228232"><ele>432.8</ele></trkpt>
      <trkpt lat="54.508900" lon="-3.228200"><ele>437.0</ele></trkpt>
      <trkpt lat="54.508822" lon="-3.228275"><ele>438.3</ele></trkpt>
      <trkpt lat="54.508638" lon="-3.228103"><ele>443.5</ele></trkpt>
      <trkpt lat="54.508097" lon="-3.228337"><ele>461.8</ele></trkpt>
      <trkpt lat="54.507594" lon="-3.228158"><ele>478.8</ele></trkpt>
      <trkpt lat="54.507096" lon="-3.228090"><ele>481.8</ele></trkpt>
      <trkpt lat="54.506810" lon="-3.228636"><ele>490.0</ele></trkpt>
      <trkpt lat="54.506833" lon="-3.228976"><ele>492.3</ele></trkpt>
      <trkpt lat="54.506755" lon="-3.229576"><ele>492.5</ele></trkpt>
      <trkpt lat="54.506761" lon="-3.229860"><ele>491.0</ele></trkpt>
      <trkpt lat="54.506712" lon="-3.230105"><ele>487.8</ele></trkpt>
      <trkpt lat="54.506437" lon="-3.230637"><ele>485.5</ele></trkpt>
      <trkpt lat="54.506386" lon="-3.231366"><ele>490.5</ele></trkpt>
      <trkpt lat="54.506281" lon="-3.231618"><ele>490.8</ele></trkpt>
      <trkpt lat="54.506273" lon="-3.231890"><ele>492.5</ele></trkpt>
      <trkpt lat="54.506344" lon="-3.232053"><ele>494.8</ele></trkpt>
      <trkpt lat="54.506356" lon="-3.232263"><ele>497.0</ele></trkpt>
      <trkpt lat="54.506219" lon="-3.232638"><ele>501.3</ele></trkpt>
      <trkpt lat="54.506205" lon="-3.232850"><ele>505.0</ele></trkpt>
      <trkpt lat="54.506267" lon="-3.233312"><ele>511.8</ele></trkpt>
      <trkpt lat="54.506216" lon="-3.233467"><ele>508.5</ele></trkpt>
      <trkpt lat="54.506387" lon="-3.234628"><ele>497.0</ele></trkpt>
      <trkpt lat="54.506362" lon="-3.234743"><ele>496.3</ele></trkpt>
      <trkpt lat="54.506193" lon="-3.234840"><ele>497.3</ele></trkpt>
      <trkpt lat="54.505901" lon="-3.234837"><ele>498.5</ele></trkpt>
      <trkpt lat="54.505392" lon="-3.235090"><ele>482.8</ele></trkpt>
      <trkpt lat="54.505303" lon="-3.235407"><ele>479.5</ele></trkpt>
      <trkpt lat="54.505564" lon="-3.236221"><ele>483.8</ele></trkpt>
      <trkpt lat="54.505658" lon="-3.237455"><ele>495.5</ele></trkpt>
      <trkpt lat="54.505552" lon="-3.238131"><ele>505.0</ele></trkpt>
      <trkpt lat="54.505681" lon="-3.239265"><ele>525.8</ele></trkpt>
      <trkpt lat="54.505677" lon="-3.239730"><ele>529.5</ele></trkpt>
      <trkpt lat="54.505715" lon="-3.240101"><ele>528.3</ele></trkpt>
      <trkpt lat="54.505806" lon="-3.240167"><ele>528.0</ele></trkpt>
      <trkpt lat="54.505896" lon="-3.240640"><ele>528.5</ele></trkpt>
      <trkpt lat="54.505847" lon="-3.241072"><ele>526.3</ele></trkpt>
      <trkpt lat="54.506071" lon="-3.242066"><ele>531.5</ele></trkpt>
      <trkpt lat="54.505995" lon="-3.242440"><ele>531.3</ele></trkpt>
      <trkpt lat="54.506062" lon="-3.243549"><ele>540.0</ele></trkpt>
      <trkpt lat="54.506028" lon="-3.243894"><ele>539.0</ele></trkpt>
      <trkpt lat="54.506081" lon="-3.244386"><ele>540.8</ele></trkpt>
      <trkpt lat="54.506248" lon="-3.244648"><ele>547.8</ele></trkpt>
      <trkpt lat="54.506321" lon="-3.245204"><ele>557.3</ele></trkpt>
      <trkpt lat="54.506571" lon="-3.245796"><ele>565.3</ele></trkpt>
      <trkpt lat="54.506646" lon="-3.246091"><ele>566.5</ele></trkpt>
      <trkpt lat="54.506875" lon="-3.246514"><ele>575.3</ele></trkpt>
      <trkpt lat="54.506856" lon="-3.246938"><ele>579.5</ele></trkpt>
      <trkpt lat="54.506936" lon="-3.247182"><ele>583.5</ele></trkpt>
      <trkpt lat="54.506964" lon="-3.247815"><ele>578.5</ele></trkpt>
      <trkpt lat="54.507075" lon="-3.248390"><ele>561.8</ele></trkpt>
      <trkpt lat="54.507183" lon="-3.248626"><ele>556.0</ele></trkpt>
      <trkpt lat="54.507218" lon="-3.248920"><ele>546.8</ele></trkpt>
      <trkpt lat="54.507119" lon="-3.249174"><ele>535.5</ele></trkpt>
      <trkpt lat="54.506976" lon="-3.249343"><ele>525.3</ele></trkpt>
      <trkpt lat="54.506916" lon="-3.249629"><ele>513.8</ele></trkpt>
      <trkpt lat="54.506754" lon="-3.249758"><ele>503.3</ele></trkpt>
      <trkpt lat="54.506678" lon="-3.250036"><ele>492.0</ele></trkpt>
      <trkpt lat="54.506626" lon="-3.250636"><ele>471.0</ele></trkpt>
      <trkpt lat="54.507425" lon="-3.251458"><ele>471.8</ele></trkpt>
      <trkpt lat="54.507896" lon="-3.251811"><ele>469.3</ele></trkpt>
      <trkpt lat="54.508324" lon="-3.252478"><ele>457.5</ele></trkpt>
      <trkpt lat="54.508621" lon="-3.252782"><ele>453.8</ele></trkpt>
      <trkpt lat="54.508782" lon="-3.253076"><ele>447.0</ele></trkpt>
      <trkpt lat="54.508855" lon="-3.253759"><ele>446.3</ele></trkpt>
      <trkpt lat="54.509337" lon="-3.253866"><ele>443.3</ele></trkpt>
      <trkpt lat="54.509534" lon="-3.254001"><ele>442.5</ele></trkpt>
      <trkpt lat="54.509641" lon="-3.254256"><ele>442.0</ele></trkpt>
      <trkpt lat="54.509837" lon="-3.254449"><ele>442.0</ele></trkpt>
      <trkpt lat="54.510086" lon="-3.254533"><ele>441.8</ele></trkpt>
      <trkpt lat="54.510207" lon="-3.254915"><ele>438.8</ele></trkpt>
      <trkpt lat="54.510351" lon="-3.255112"><ele>431.3</ele></trkpt>
      <trkpt lat="54.510375" lon="-3.255277"><ele>426.8</ele></trkpt>
      <trkpt lat="54.510504" lon="-3.255413"><ele>421.8</ele></trkpt>
      <trkpt lat="54.510855" lon="-3.255415"><ele>409.5</ele></trkpt>
      <trkpt lat="54.510895" lon="-3.255570"><ele>407.0</ele></trkpt>
      <trkpt lat="54.511314" lon="-3.255739"><ele>392.5</ele></trkpt>
      <trkpt lat="54.511532" lon="-3.255916"><ele>382.8</ele></trkpt>
      <trkpt lat="54.511814" lon="-3.255984"><ele>372.5</ele></trkpt>
      <trkpt lat="54.511886" lon="-3.255940"><ele>368.8</ele></trkpt>
      <trkpt lat="54.512207" lon="-3.256212"><ele>362.5</ele></trkpt>
      <trkpt lat="54.512488" lon="-3.256254"><ele>354.8</ele></trkpt>
      <trkpt lat="54.512887" lon="-3.256137"><ele>344.3</ele></trkpt>
      <trkpt lat="54.513172" lon="-3.256205"><ele>341.5</ele></trkpt>
      <trkpt lat="54.513465" lon="-3.255996"><ele>333.8</ele></trkpt>
      <trkpt lat="54.513917" lon="-3.255841"><ele>328.8</ele></trkpt>
      <trkpt lat="54.514347" lon="-3.255849"><ele>327.3</ele></trkpt>
      <trkpt lat="54.514832" lon="-3.256152"><ele>329.8</ele></trkpt>
      <trkpt lat="54.514991" lon="-3.256132"><ele>326.5</ele></trkpt>
      <trkpt lat="54.515082" lon="-3.256197"><ele>323.3</ele></trkpt>
      <trkpt lat="54.515228" lon="-3.256481"><ele>324.3</ele></trkpt>
      <trkpt lat="54.515329" lon="-3.256542"><ele>322.3</ele></trkpt>
      <trkpt lat="54.515666" lon="-3.256623"><ele>311.3</ele></trkpt>
      <trkpt lat="54.515813" lon="-3.256580"><ele>304.3</ele></trkpt>
      <trkpt lat="54.516095" lon="-3.256681"><ele>298.8</ele></trkpt>
      <trkpt lat="54.516439" lon="-3.256571"><ele>287.8</ele></trkpt>
      <trkpt lat="54.516627" lon="-3.256714"><ele>284.8</ele></trkpt>
      <trkpt lat="54.517013" lon="-3.256442"><ele>271.8</ele></trkpt>
      <trkpt lat="54.517849" lon="-3.256082"><ele>255.5</ele></trkpt>
      <trkpt lat="54.518125" lon="-3.256058"><ele>249.0</ele></trkpt>
      <trkpt lat="54.518285" lon="-3.255928"><ele>244.0</ele></trkpt>
      <trkpt lat="54.518756" lon="-3.255914"><ele>233.8</ele></trkpt>
      <trkpt lat="54.519435" lon="-3.256024"><ele>219.8</ele></trkpt>
      <trkpt lat="54.519819" lon="-3.256286"><ele>210.3</ele></trkpt>
      <trkpt lat="54.519888" lon="-3.256214"><ele>206.5</ele></trkpt>
      <trkpt lat="54.520188" lon="-3.256262"><ele>196.5</ele></trkpt>
      <trkpt lat="54.520420" lon="-3.256210"><ele>187.3</ele></trkpt>
      <trkpt lat="54.520504" lon="-3.256327"><ele>185.8</ele></trkpt>
      <trkpt lat="54.520806" lon="-3.256422"><ele>175.0</ele></trkpt>
      <trkpt lat="54.521400" lon="-3.256207"><ele>155.3</ele></trkpt>
      <trkpt lat="54.522064" lon="-3.256388"><ele>138.0</ele></trkpt>
      <trkpt lat="54.522351" lon="-3.256559"><ele>131.8</ele></trkpt>
      <trkpt lat="54.523198" lon="-3.257302"><ele>118.3</ele></trkpt>
      <trkpt lat="54.523517" lon="-3.257471"><ele>112.0</ele></trkpt>
      <trkpt lat="54.523956" lon="-3.258038"><ele>109.8</ele></trkpt>
      <trkpt lat="54.524847" lon="-3.259560"><ele>111.3</ele></trkpt>
      <trkpt lat="54.525263" lon="-3.260004"><ele>110.3</ele></trkpt>
      <trkpt lat="54.525996" lon="-3.261391"><ele>108.0</ele></trkpt>
      <trkpt lat="54.526290" lon="-3.261690"><ele>106.3</ele></trkpt>
      <trkpt lat="54.526417" lon="-3.261996"><ele>106.0</ele></trkpt>
      <trkpt lat="54.526700" lon="-3.262348"><ele>104.8</ele></trkpt>
      <trkpt lat="54.527971" lon="-3.264424"><ele>108.3</ele></trkpt>
      <trkpt lat="54.528324" lon="-3.264858"><ele>107.5</ele></trkpt>
      <trkpt lat="54.528557" lon="-3.265292"><ele>108.8</ele></trkpt>
      <trkpt lat="54.528980" lon="-3.266456"><ele>115.3</ele></trkpt>
      <trkpt lat="54.529449" lon="-3.267317"><ele>110.5</ele></trkpt>
      <trkpt lat="54.529706" lon="-3.268458"><ele>107.8</ele></trkpt>
      <trkpt lat="54.529992" lon="-3.268955"><ele>102.5</ele></trkpt>
      <trkpt lat="54.530099" lon="-3.269246"><ele>104.0</ele></trkpt>
      <trkpt lat="54.530743" lon="-3.270001"><ele>104.3</ele></trkpt>
      <trkpt lat="54.531023" lon="-3.270455"><ele>104.5</ele></trkpt>
      <trkpt lat="54.531467" lon="-3.271420"><ele>104.0</ele></trkpt>
      <trkpt lat="54.531821" lon="-3.272644"><ele>106.0</ele></trkpt>
      <trkpt lat="54.532494" lon="-3.274007"><ele>102.8</ele></trkpt>
      <trkpt lat="54.532606" lon="-3.274329"><ele>104.0</ele></trkpt>
      <trkpt lat="54.532850" lon="-3.275905"><ele>108.5</ele></trkpt>
      <trkpt lat="54.533044" lon="-3.276272"><ele>109.5</ele></trkpt>
      <trkpt lat="54.533334" lon="-3.276571"><ele>105.3</ele></trkpt>
      <trkpt lat="54.534272" lon="-3.278673"><ele>105.5</ele></trkpt>
      <trkpt lat="54.534796" lon="-3.279515"><ele>101.5</ele></trkpt>
      <trkpt lat="54.534878" lon="-3.280026"><ele>105.8</ele></trkpt>
      <trkpt lat="54.535255" lon="-3.280200"><ele>102.8</ele></trkpt>
      <trkpt lat="54.535545" lon="-3.280120"><ele>101.0</ele></trkpt>
      <trkpt lat="54.535628" lon="-3.279954"><ele>101.0</ele></trkpt>
      <trkpt lat="54.535540" lon="-3.279940"><ele>101.0</ele></trkpt>
      <trkpt lat="54.535445" lon="-3.279809"><ele>101.0</ele></trkpt>
      <trkpt lat="54.535363" lon="-3.279583"><ele>101.0</ele></trkpt>
      <trkpt lat="54.535373" lon="-3.279462"><ele>101.0</ele></trkpt>
      <trkpt lat="54.535813" lon="-3.278820"><ele>104.0</ele></trkpt>
      <trkpt lat="54.536107" lon="-3.278185"><ele>105.0</ele></trkpt>
      <trkpt lat="54.537962" lon="-3.279091"><ele>105.0</ele></trkpt>
      <trkpt lat="54.538149" lon="-3.279043"><ele>105.0</ele></trkpt>
      <trkpt lat="54.538564" lon="-3.278702"><ele>107.0</ele></trkpt>
      <trkpt lat="54.539011" lon="-3.278222"><ele>108.0</ele></trkpt>
      <trkpt lat="54.539719" lon="-3.277714"><ele>110.0</ele></trkpt>
      <trkpt lat="54.539874" lon="-3.277885"><ele>110.0</ele></trkpt>
      <trkpt lat="54.540393" lon="-3.278744"><ele>111.0</ele></trkpt>
      <trkpt lat="54.540529" lon="-3.278201"><ele>113.0</ele></trkpt>
      <trkpt lat="54.540715" lon="-3.277702"><ele>114.0</ele></trkpt>
      <trkpt lat="54.540968" lon="-3.277346"><ele>114.0</ele></trkpt>
      <trkpt lat="54.541318" lon="-3.276627"><ele>117.0</ele></trkpt>
      <trkpt lat="54.540967" lon="-3.277335"><ele>114.0</ele></trkpt>
      <trkpt lat="54.540714" lon="-3.277703"><ele>114.0</ele></trkpt>
      <trkpt lat="54.540535" lon="-3.278148"><ele>113.0</ele></trkpt>
      <trkpt lat="54.540385" lon="-3.278733"><ele>111.0</ele></trkpt>
      <trkpt lat="54.540031" lon="-3.278110"><ele>110.0</ele></trkpt>
      <trkpt lat="54.539718" lon="-3.277725"><ele>110.0</ele></trkpt>
      <trkpt lat="54.539437" lon="-3.278349"><ele>109.0</ele></trkpt>
      <trkpt lat="54.539122" lon="-3.279326"><ele>107.0</ele></trkpt>
      <trkpt lat="54.538531" lon="-3.282162"><ele>103.0</ele></trkpt>
      <trkpt lat="54.537652" lon="-3.285826"><ele>101.0</ele></trkpt>
      <trkpt lat="54.537579" lon="-3.286285"><ele>102.0</ele></trkpt>
      <trkpt lat="54.537581" lon="-3.286628"><ele>102.0</ele></trkpt>
      <trkpt lat="54.537811" lon="-3.287312"><ele>101.0</ele></trkpt>
      <trkpt lat="54.537509" lon="-3.287549"><ele>113.0</ele></trkpt>
      <trkpt lat="54.537524" lon="-3.287882"><ele>118.0</ele></trkpt>
      <trkpt lat="54.537658" lon="-3.288197"><ele>117.0</ele></trkpt>
      <trkpt lat="54.538053" lon="-3.288478"><ele>105.0</ele></trkpt>
      <trkpt lat="54.538237" lon="-3.288806"><ele>106.0</ele></trkpt>
      <trkpt lat="54.538481" lon="-3.289854"><ele>109.0</ele></trkpt>
      <trkpt lat="54.538784" lon="-3.290562"><ele>107.0</ele></trkpt>
      <trkpt lat="54.539160" lon="-3.290949"><ele>107.0</ele></trkpt>
      <trkpt lat="54.539611" lon="-3.291264"><ele>103.0</ele></trkpt>
      <trkpt lat="54.539758" lon="-3.291547"><ele>103.0</ele></trkpt>
      <trkpt lat="54.539885" lon="-3.291841"><ele>103.0</ele></trkpt>
      <trkpt lat="54.539968" lon="-3.292198"><ele>104.0</ele></trkpt>
      <trkpt lat="54.540017" lon="-3.292865"><ele>107.0</ele></trkpt>
      <trkpt lat="54.540295" lon="-3.293721"><ele>107.0</ele></trkpt>
      <trkpt lat="54.540460" lon="-3.293995"><ele>107.0</ele></trkpt>
      <trkpt lat="54.541386" lon="-3.294690"><ele>105.0</ele></trkpt>
      <trkpt lat="54.541852" lon="-3.295338"><ele>107.0</ele></trkpt>
      <trkpt lat="54.542445" lon="-3.295754"><ele>107.0</ele></trkpt>
      <trkpt lat="54.542684" lon="-3.296169"><ele>108.0</ele></trkpt>
      <trkpt lat="54.543187" lon="-3.297440"><ele>110.0</ele></trkpt>
      <trkpt lat="54.543314" lon="-3.298357"><ele>111.0</ele></trkpt>
      <trkpt lat="54.543447" lon="-3.298704"><ele>114.0</ele></trkpt>
      <trkpt lat="54.543563" lon="-3.298880"><ele>114.0</ele></trkpt>
      <trkpt lat="54.543749" lon="-3.298950"><ele>110.0</ele></trkpt>
      <trkpt lat="54.543914" lon="-3.299309"><ele>111.0</ele></trkpt>
      <trkpt lat="54.544247" lon="-3.299535"><ele>109.0</ele></trkpt>
      <trkpt lat="54.544444" lon="-3.299755"><ele>108.0</ele></trkpt>
      <trkpt lat="54.544797" lon="-3.300561"><ele>111.0</ele></trkpt>
      <trkpt lat="54.544827" lon="-3.301195"><ele>117.0</ele></trkpt>
      <trkpt lat="54.544911" lon="-3.301541"><ele>118.0</ele></trkpt>
      <trkpt lat="54.545494" lon="-3.302847"><ele>117.0</ele></trkpt>
      <trkpt lat="54.545765" lon="-3.303167"><ele>115.0</ele></trkpt>
      <trkpt lat="54.546024" lon="-3.303948"><ele>114.0</ele></trkpt>
      <trkpt lat="54.546196" lon="-3.304136"><ele>113.0</ele></trkpt>
      <trkpt lat="54.546530" lon="-3.304286"><ele>111.0</ele></trkpt>
      <trkpt lat="54.546770" lon="-3.304584"><ele>110.0</ele></trkpt>
      <trkpt lat="54.547442" lon="-3.305174"><ele>109.0</ele></trkpt>
      <trkpt lat="54.548623" lon="-3.305899"><ele>110.0</ele></trkpt>
      <trkpt lat="54.549268" lon="-3.306102"><ele>108.0</ele></trkpt>
      <trkpt lat="54.549766" lon="-3.306064"><ele>107.0</ele></trkpt>
      <trkpt lat="54.550406" lon="-3.306192"><ele>106.0</ele></trkpt>
      <trkpt lat="54.550836" lon="-3.306184"><ele>108.0</ele></trkpt>
      <trkpt lat="54.551478" lon="-3.306087"><ele>110.0</ele></trkpt>
      <trkpt lat="54.551791" lon="-3.305914"><ele>113.0</ele></trkpt>
      <trkpt lat="54.552343" lon="-3.306029"><ele>109.0</ele></trkpt>
      <trkpt lat="54.552576" lon="-3.305843"><ele>102.0</ele></trkpt>
      <trkpt lat="54.552811" lon="-3.305411"><ele>99.0</ele></trkpt>
      <trkpt lat="54.552873" lon="-3.304865"><ele>99.0</ele></trkpt>
      <trkpt lat="54.552827" lon="-3.305658"><ele>99.0</ele></trkpt>
      <trkpt lat="54.553099" lon="-3.306944"><ele>105.0</ele></trkpt>
      <trkpt lat="54.553294" lon="-3.307283"><ele>108.0</ele></trkpt>
      <trkpt lat="54.553609" lon="-3.307529"><ele>109.0</ele></trkpt>
      <trkpt lat="54.553969" lon="-3.307658"><ele>109.0</ele></trkpt>
      <trkpt lat="54.554597" lon="-3.307679"><ele>105.0</ele></trkpt>
      <trkpt lat="54.555083" lon="-3.308242"><ele>109.0</ele></trkpt>
      <trkpt lat="54.556658" lon="-3.308732"><ele>107.0</ele></trkpt>
      <trkpt lat="54.557058" lon="-3.309153"><ele>110.0</ele></trkpt>
      <trkpt lat="54.557319" lon="-3.309140"><ele>107.0</ele></trkpt>
      <trkpt lat="54.559027" lon="-3.310064"><ele>104.0</ele></trkpt>
      <trkpt lat="54.559421" lon="-3.310388"><ele>107.0</ele></trkpt>
      <trkpt lat="54.560049" lon="-3.311052"><ele>107.0</ele></trkpt>
      <trkpt lat="54.560968" lon="-3.311243"><ele>104.0</ele></trkpt>
      <trkpt lat="54.561723" lon="-3.312126"><ele>106.0</ele></trkpt>
      <trkpt lat="54.562253" lon="-3.313216"><ele>108.0</ele></trkpt>
      <trkpt lat="54.562543" lon="-3.313418"><ele>108.0</ele></trkpt>
      <trkpt lat="54.562841" lon="-3.313492"><ele>107.0</ele></trkpt>
      <trkpt lat="54.563144" lon="-3.313685"><ele>108.0</ele></trkpt>
      <trkpt lat="54.563591" lon="-3.314311"><ele>111.0</ele></trkpt>
      <trkpt lat="54.563822" lon="-3.314442"><ele>111.0</ele></trkpt>
      <trkpt lat="54.564246" lon="-3.314928"><ele>110.0</ele></trkpt>
      <trkpt lat="54.564335" lon="-3.315350"><ele>112.0</ele></trkpt>
      <trkpt lat="54.565305" lon="-3.316497"><ele>111.0</ele></trkpt>
      <trkpt lat="54.566085" lon="-3.316844"><ele>105.0</ele></trkpt>
      <trkpt lat="54.567003" lon="-3.317142"><ele>108.0</ele></trkpt>
      <trkpt lat="54.567405" lon="-3.317381"><ele>106.0</ele></trkpt>
      <trkpt lat="54.567737" lon="-3.317681"><ele>109.0</ele></trkpt>
      <trkpt lat="54.568110" lon="-3.317747"><ele>108.0</ele></trkpt>
      <trkpt lat="54.568435" lon="-3.317586"><ele>105.0</ele></trkpt>
      <trkpt lat="54.568979" lon="-3.316799"><ele>102.0</ele></trkpt>
      <trkpt lat="54.569176" lon="-3.316365"><ele>100.0</ele></trkpt>
      <trkpt lat="54.569243" lon="-3.315949"><ele>100.0</ele></trkpt>
      <trkpt lat="54.569232" lon="-3.315283"><ele>102.0</ele></trkpt>
      <trkpt lat="54.569287" lon="-3.314748"><ele>104.0</ele></trkpt>
      <trkpt lat="54.569461" lon="-3.314185"><ele>104.0</ele></trkpt>
      <trkpt lat="54.569658" lon="-3.313880"><ele>105.0</ele></trkpt>
      <trkpt lat="54.569858" lon="-3.313769"><ele>103.0</ele></trkpt>
      <trkpt lat="54.570452" lon="-3.313960"><ele>101.0</ele></trkpt>
      <trkpt lat="54.570772" lon="-3.314249"><ele>102.0</ele></trkpt>
      <trkpt lat="54.571336" lon="-3.314965"><ele>101.0</ele></trkpt>
      <trkpt lat="54.572421" lon="-3.314786"><ele>100.0</ele></trkpt>
      <trkpt lat="54.572591" lon="-3.314609"><ele>100.0</ele></trkpt>
      <trkpt lat="54.572746" lon="-3.313846"><ele>99.0</ele></trkpt>
      <trkpt lat="54.573002" lon="-3.313790"><ele>100.0</ele></trkpt>
      <trkpt lat="54.573490" lon="-3.314095"><ele>103.0</ele></trkpt>
      <trkpt lat="54.574633" lon="-3.314250"><ele>102.0</ele></trkpt>
      <trkpt lat="54.575492" lon="-3.314761"><ele>101.0</ele></trkpt>
      <trkpt lat="54.575788" lon="-3.314374"><ele>103.0</ele></trkpt>
      <trkpt lat="54.575913" lon="-3.313777"><ele>105.0</ele></trkpt>
      <trkpt lat="54.575917" lon="-3.313416"><ele>107.0</ele></trkpt>
      <trkpt lat="54.576578" lon="-3.313781"><ele>111.0</ele></trkpt>
      <trkpt lat="54.576870" lon="-3.313833"><ele>114.0</ele></trkpt>
      <trkpt lat="54.577110" lon="-3.314066"><ele>112.0</ele></trkpt>
      <trkpt lat="54.577560" lon="-3.313845"><ele>120.0</ele></trkpt>
      <trkpt lat="54.577135" lon="-3.313477"><ele>122.0</ele></trkpt>
      <trkpt lat="54.576665" lon="-3.312106"><ele>136.0</ele></trkpt>
      <trkpt lat="54.576395" lon="-3.311775"><ele>134.0</ele></trkpt>
      <trkpt lat="54.575619" lon="-3.311085"><ele>134.0</ele></trkpt>
      <trkpt lat="54.575362" lon="-3.310669"><ele>139.0</ele></trkpt>
      <trkpt lat="54.574652" lon="-3.309068"><ele>150.0</ele></trkpt>
      <trkpt lat="54.574260" lon="-3.307950"><ele>155.0</ele></trkpt>
      <trkpt lat="54.574022" lon="-3.307546"><ele>156.0</ele></trkpt>
      <trkpt lat="54.573895" lon="-3.307177"><ele>156.0</ele></trkpt>
      <trkpt lat="54.573979" lon="-3.306911"><ele>155.0</ele></trkpt>
      <trkpt lat="54.574185" lon="-3.306843"><ele>156.0</ele></trkpt>
      <trkpt lat="54.574525" lon="-3.307036"><ele>151.0</ele></trkpt>
      <trkpt lat="54.575270" lon="-3.305965"><ele>142.0</ele></trkpt>
      <trkpt lat="54.575248" lon="-3.305739"><ele>142.0</ele></trkpt>
      <trkpt lat="54.575070" lon="-3.305465"><ele>143.0</ele></trkpt>
      <trkpt lat="54.575111" lon="-3.305199"><ele>144.0</ele></trkpt>
      <trkpt lat="54.575957" lon="-3.303391"><ele>152.0</ele></trkpt>
      <trkpt lat="54.576138" lon="-3.303375"><ele>153.0</ele></trkpt>
      <trkpt lat="54.576849" lon="-3.299685"><ele>181.0</ele></trkpt>
      <trkpt lat="54.577054" lon="-3.299209"><ele>185.0</ele></trkpt>
      <trkpt lat="54.577184" lon="-3.298676"><ele>189.0</ele></trkpt>
      <trkpt lat="54.577576" lon="-3.298362"><ele>189.0</ele></trkpt>
      <trkpt lat="54.577799" lon="-3.298455"><ele>188.0</ele></trkpt>
      <trkpt lat="54.577948" lon="-3.297880"><ele>200.0</ele></trkpt>
      <trkpt lat="54.577623" lon="-3.296861"><ele>217.0</ele></trkpt>
      <trkpt lat="54.577532" lon="-3.296118"><ele>233.0</ele></trkpt>
      <trkpt lat="54.577376" lon="-3.295565"><ele>241.0</ele></trkpt>
      <trkpt lat="54.577273" lon="-3.294747"><ele>255.0</ele></trkpt>
      <trkpt lat="54.577486" lon="-3.294056"><ele>273.0</ele></trkpt>
      <trkpt lat="54.577503" lon="-3.293606"><ele>274.0</ele></trkpt>
      <trkpt lat="54.577909" lon="-3.292825"><ele>289.0</ele></trkpt>
      <trkpt lat="54.578134" lon="-3.292156"><ele>299.0</ele></trkpt>
      <trkpt lat="54.578177" lon="-3.291674"><ele>292.0</ele></trkpt>
      <trkpt lat="54.578545" lon="-3.290420"><ele>295.0</ele></trkpt>
      <trkpt lat="54.578709" lon="-3.289620"><ele>309.0</ele></trkpt>
      <trkpt lat="54.578729" lon="-3.287668"><ele>319.0</ele></trkpt>
      <trkpt lat="54.578859" lon="-3.286599"><ele>318.0</ele></trkpt>
      <trkpt lat="54.578907" lon="-3.285592"><ele>321.0</ele></trkpt>
      <trkpt lat="54.578979" lon="-3.285304"><ele>325.0</ele></trkpt>
      <trkpt lat="54.581092" lon="-3.283096"><ele>348.0</ele></trkpt>
      <trkpt lat="54.581305" lon="-3.282505"><ele>351.0</ele></trkpt>
      <trkpt lat="54.581514" lon="-3.282158"><ele>354.0</ele></trkpt>
      <trkpt lat="54.581677" lon="-3.281433"><ele>351.0</ele></trkpt>
      <trkpt lat="54.581773" lon="-3.281254"><ele>354.0</ele></trkpt>
      <trkpt lat="54.581853" lon="-3.280698"><ele>354.0</ele></trkpt>
      <trkpt lat="54.582283" lon="-3.280004"><ele>363.0</ele></trkpt>
      <trkpt lat="54.582357" lon="-3.279523"><ele>362.0</ele></trkpt>
      <trkpt lat="54.582689" lon="-3.278128"><ele>372.0</ele></trkpt>
      <trkpt lat="54.582690" lon="-3.277430"><ele>371.0</ele></trkpt>
      <trkpt lat="54.582847" lon="-3.276279"><ele>381.0</ele></trkpt>
      <trkpt lat="54.582732" lon="-3.274763"><ele>383.0</ele></trkpt>
      <trkpt lat="54.582872" lon="-3.272685"><ele>393.0</ele></trkpt>
      <trkpt lat="54.582780" lon="-3.272039"><ele>393.0</ele></trkpt>
      <trkpt lat="54.582762" lon="-3.271330"><ele>402.0</ele></trkpt>
      <trkpt lat="54.582506" lon="-3.270291"><ele>409.0</ele></trkpt>
      <trkpt lat="54.582370" lon="-3.269053"><ele>423.0</ele></trkpt>
      <trkpt lat="54.582208" lon="-3.268426"><ele>425.0</ele></trkpt>
      <trkpt lat="54.581998" lon="-3.267142"><ele>444.0</ele></trkpt>
      <trkpt lat="54.581705" lon="-3.265985"><ele>461.0</ele></trkpt>
      <trkpt lat="54.581571" lon="-3.264618"><ele>479.0</ele></trkpt>
      <trkpt lat="54.581536" lon="-3.264668"><ele>473.8</ele></trkpt>
      <trkpt lat="54.581164" lon="-3.263895"><ele>484.8</ele></trkpt>
      <trkpt lat="54.580776" lon="-3.262350"><ele>500.8</ele></trkpt>
      <trkpt lat="54.580742" lon="-3.261967"><ele>507.5</ele></trkpt>
      <trkpt lat="54.580355" lon="-3.261237"><ele>514.0</ele></trkpt>
      <trkpt lat="54.579910" lon="-3.259668"><ele>540.3</ele></trkpt>
      <trkpt lat="54.579828" lon="-3.259038"><ele>552.3</ele></trkpt>
      <trkpt lat="54.579739" lon="-3.258875"><ele>555.0</ele></trkpt>
      <trkpt lat="54.579567" lon="-3.257845"><ele>583.3</ele></trkpt>
      <trkpt lat="54.579478" lon="-3.257661"><ele>586.0</ele></trkpt>
      <trkpt lat="54.579476" lon="-3.257437"><ele>590.5</ele></trkpt>
      <trkpt lat="54.579800" lon="-3.257344"><ele>595.0</ele></trkpt>
      <trkpt lat="54.580059" lon="-3.257156"><ele>598.0</ele></trkpt>
      <trkpt lat="54.580216" lon="-3.256697"><ele>599.8</ele></trkpt>
      <trkpt lat="54.581679" lon="-3.257478"><ele>628.3</ele></trkpt>
      <trkpt lat="54.582532" lon="-3.257710"><ele>653.0</ele></trkpt>
      <trkpt lat="54.583052" lon="-3.258246"><ele>671.3</ele></trkpt>
      <trkpt lat="54.583189" lon="-3.258241"><ele>677.3</ele></trkpt>
      <trkpt lat="54.583385" lon="-3.258407"><ele>684.5</ele></trkpt>
      <trkpt lat="54.583458" lon="-3.258380"><ele>687.8</ele></trkpt>
      <trkpt lat="54.583659" lon="-3.258594"><ele>695.5</ele></trkpt>
      <trkpt lat="54.583873" lon="-3.258690"><ele>703.3</ele></trkpt>
      <trkpt lat="54.583998" lon="-3.258860"><ele>706.3</ele></trkpt>
      <trkpt lat="54.584788" lon="-3.258946"><ele>724.8</ele></trkpt>
      <trkpt lat="54.584825" lon="-3.259003"><ele>726.5</ele></trkpt>
      <trkpt lat="54.584895" lon="-3.258919"><ele>728.5</ele></trkpt>
      <trkpt lat="54.584947" lon="-3.259007"><ele>731.3</ele></trkpt>
      <trkpt lat="54.585152" lon="-3.258901"><ele>738.0</ele></trkpt>
      <trkpt lat="54.585283" lon="-3.259199"><ele>748.5</ele></trkpt>
      <trkpt lat="54.585748" lon="-3.259925"><ele>750.8</ele></trkpt>
      <trkpt lat="54.585900" lon="-3.260052"><ele>748.5</ele></trkpt>
      <trkpt lat="54.586318" lon="-3.260157"><ele>744.3</ele></trkpt>
      <trkpt lat="54.586906" lon="-3.260707"><ele>739.3</ele></trkpt>
      <trkpt lat="54.587193" lon="-3.260812"><ele>746.8</ele></trkpt>
      <trkpt lat="54.587515" lon="-3.261110"><ele>755.0</ele></trkpt>
      <trkpt lat="54.587193" lon="-3.260812"><ele>746.8</ele></trkpt>
      <trkpt lat="54.586906" lon="-3.260707"><ele>739.3</ele></trkpt>
      <trkpt lat="54.586318" lon="-3.260157"><ele>744.3</ele></trkpt>
      <trkpt lat="54.585900" lon="-3.260052"><ele>748.5</ele></trkpt>
      <trkpt lat="54.585748" lon="-3.259925"><ele>750.8</ele></trkpt>
      <trkpt lat="54.585283" lon="-3.259199"><ele>748.5</ele></trkpt>
      <trkpt lat="54.585152" lon="-3.258901"><ele>738.0</ele></trkpt>
      <trkpt lat="54.584947" lon="-3.259007"><ele>731.3</ele></trkpt>
      <trkpt lat="54.584895" lon="-3.258919"><ele>728.5</ele></trkpt>
      <trkpt lat="54.584825" lon="-3.259003"><ele>726.5</ele></trkpt>
      <trkpt lat="54.584788" lon="-3.258946"><ele>724.8</ele></trkpt>
      <trkpt lat="54.583998" lon="-3.258860"><ele>706.3</ele></trkpt>
      <trkpt lat="54.583873" lon="-3.258690"><ele>703.3</ele></trkpt>
      <trkpt lat="54.583659" lon="-3.258594"><ele>695.5</ele></trkpt>
      <trkpt lat="54.583458" lon="-3.258380"><ele>687.8</ele></trkpt>
      <trkpt lat="54.583385" lon="-3.258407"><ele>684.5</ele></trkpt>
      <trkpt lat="54.583189" lon="-3.258241"><ele>677.3</ele></trkpt>
      <trkpt lat="54.583052" lon="-3.258246"><ele>671.3</ele></trkpt>
      <trkpt lat="54.582532" lon="-3.257710"><ele>653.0</ele></trkpt>
      <trkpt lat="54.581679" lon="-3.257478"><ele>628.3</ele></trkpt>
      <trkpt lat="54.580216" lon="-3.256697"><ele>599.8</ele></trkpt>
      <trkpt lat="54.580059" lon="-3.257156"><ele>598.0</ele></trkpt>
      <trkpt lat="54.579800" lon="-3.257344"><ele>595.0</ele></trkpt>
      <trkpt lat="54.579476" lon="-3.257437"><ele>590.5</ele></trkpt>
      <trkpt lat="54.579478" lon="-3.257661"><ele>586.0</ele></trkpt>
      <trkpt lat="54.579567" lon="-3.257845"><ele>583.3</ele></trkpt>
      <trkpt lat="54.579739" lon="-3.258875"><ele>555.0</ele></trkpt>
      <trkpt lat="54.579828" lon="-3.259038"><ele>552.3</ele></trkpt>
      <trkpt lat="54.579910" lon="-3.259668"><ele>540.3</ele></trkpt>
      <trkpt lat="54.580355" lon="-3.261237"><ele>514.0</ele></trkpt>
      <trkpt lat="54.580742" lon="-3.261967"><ele>507.5</ele></trkpt>
      <trkpt lat="54.580776" lon="-3.262350"><ele>500.8</ele></trkpt>
      <trkpt lat="54.581054" lon="-3.263550"><ele>490.0</ele></trkpt>
      <trkpt lat="54.581164" lon="-3.263895"><ele>484.8</ele></trkpt>
      <trkpt lat="54.581536" lon="-3.264668"><ele>473.8</ele></trkpt>
      <trkpt lat="54.581122" lon="-3.263530"><ele>495.0</ele></trkpt>
      <trkpt lat="54.580850" lon="-3.262149"><ele>514.0</ele></trkpt>
      <trkpt lat="54.580424" lon="-3.261234"><ele>523.0</ele></trkpt>
      <trkpt lat="54.580286" lon="-3.260790"><ele>529.0</ele></trkpt>
      <trkpt lat="54.579945" lon="-3.259459"><ele>550.0</ele></trkpt>
      <trkpt lat="54.579925" lon="-3.259008"><ele>560.0</ele></trkpt>
      <trkpt lat="54.579767" lon="-3.258638"><ele>565.0</ele></trkpt>
      <trkpt lat="54.579746" lon="-3.258316"><ele>572.0</ele></trkpt>
      <trkpt lat="54.579392" lon="-3.257049"><ele>595.0</ele></trkpt>
      <trkpt lat="54.579115" lon="-3.256751"><ele>603.0</ele></trkpt>
      <trkpt lat="54.578964" lon="-3.255136"><ele>601.0</ele></trkpt>
      <trkpt lat="54.579227" lon="-3.254351"><ele>578.0</ele></trkpt>
      <trkpt lat="54.579804" lon="-3.253971"><ele>563.0</ele></trkpt>
      <trkpt lat="54.580005" lon="-3.253763"><ele>559.0</ele></trkpt>
      <trkpt lat="54.580138" lon="-3.253477"><ele>554.0</ele></trkpt>
      <trkpt lat="54.580185" lon="-3.253135"><ele>549.0</ele></trkpt>
      <trkpt lat="54.579938" lon="-3.252956"><ele>539.0</ele></trkpt>
      <trkpt lat="54.579792" lon="-3.252694"><ele>530.0</ele></trkpt>
      <trkpt lat="54.579763" lon="-3.252479"><ele>525.0</ele></trkpt>
      <trkpt lat="54.579871" lon="-3.252310"><ele>525.0</ele></trkpt>
      <trkpt lat="54.579755" lon="-3.252028"><ele>516.0</ele></trkpt>
      <trkpt lat="54.579839" lon="-3.251751"><ele>514.0</ele></trkpt>
      <trkpt lat="54.579747" lon="-3.251652"><ele>509.0</ele></trkpt>
      <trkpt lat="54.579749" lon="-3.251394"><ele>505.0</ele></trkpt>
      <trkpt lat="54.579601" lon="-3.251304"><ele>500.0</ele></trkpt>
      <trkpt lat="54.579611" lon="-3.251004"><ele>495.0</ele></trkpt>
      <trkpt lat="54.579508" lon="-3.250721"><ele>489.0</ele></trkpt>
      <trkpt lat="54.579557" lon="-3.249532"><ele>470.0</ele></trkpt>
      <trkpt lat="54.579646" lon="-3.248773"><ele>461.0</ele></trkpt>
      <trkpt lat="54.579797" lon="-3.248037"><ele>456.0</ele></trkpt>
      <trkpt lat="54.579813" lon="-3.247619"><ele>455.0</ele></trkpt>
      <trkpt lat="54.579651" lon="-3.246519"><ele>448.0</ele></trkpt>
      <trkpt lat="54.579461" lon="-3.245612"><ele>438.0</ele></trkpt>
      <trkpt lat="54.579520" lon="-3.244713"><ele>428.0</ele></trkpt>
      <trkpt lat="54.579502" lon="-3.244090"><ele>419.0</ele></trkpt>
      <trkpt lat="54.579952" lon="-3.242655"><ele>391.0</ele></trkpt>
      <trkpt lat="54.579998" lon="-3.242356"><ele>389.0</ele></trkpt>
      <trkpt lat="54.579996" lon="-3.241358"><ele>373.0</ele></trkpt>
      <trkpt lat="54.580181" lon="-3.240354"><ele>353.0</ele></trkpt>
      <trkpt lat="54.580451" lon="-3.239461"><ele>342.0</ele></trkpt>
      <trkpt lat="54.580477" lon="-3.238765"><ele>340.0</ele></trkpt>
      <trkpt lat="54.580795" lon="-3.237970"><ele>330.0</ele></trkpt>
      <trkpt lat="54.581116" lon="-3.236960"><ele>321.0</ele></trkpt>
      <trkpt lat="54.581312" lon="-3.236644"><ele>315.0</ele></trkpt>
      <trkpt lat="54.582211" lon="-3.235716"><ele>293.0</ele></trkpt>
      <trkpt lat="54.582512" lon="-3.235500"><ele>288.0</ele></trkpt>
      <trkpt lat="54.582737" lon="-3.235346"><ele>282.0</ele></trkpt>
      <trkpt lat="54.583385" lon="-3.235269"><ele>262.0</ele></trkpt>
      <trkpt lat="54.583880" lon="-3.235520"><ele>257.0</ele></trkpt>
      <trkpt lat="54.584190" lon="-3.235573"><ele>251.0</ele></trkpt>
      <trkpt lat="54.584483" lon="-3.235507"><ele>249.0</ele></trkpt>
      <trkpt lat="54.584724" lon="-3.235686"><ele>250.0</ele></trkpt>
      <trkpt lat="54.584892" lon="-3.235701"><ele>252.0</ele></trkpt>
      <trkpt lat="54.585173" lon="-3.235538"><ele>255.0</ele></trkpt>
      <trkpt lat="54.586026" lon="-3.234255"><ele>255.0</ele></trkpt>
      <trkpt lat="54.586473" lon="-3.233035"><ele>248.0</ele></trkpt>
      <trkpt lat="54.587106" lon="-3.231949"><ele>251.0</ele></trkpt>
      <trkpt lat="54.587526" lon="-3.231017"><ele>245.0</ele></trkpt>
      <trkpt lat="54.588875" lon="-3.228601"><ele>248.0</ele></trkpt>
      <trkpt lat="54.588972" lon="-3.228217"><ele>246.0</ele></trkpt>
      <trkpt lat="54.589309" lon="-3.227509"><ele>247.0</ele></trkpt>
      <trkpt lat="54.589592" lon="-3.226594"><ele>242.0</ele></trkpt>
      <trkpt lat="54.589783" lon="-3.226139"><ele>243.0</ele></trkpt>
      <trkpt lat="54.589953" lon="-3.225307"><ele>238.0</ele></trkpt>
      <trkpt lat="54.590205" lon="-3.224435"><ele>236.0</ele></trkpt>
      <trkpt lat="54.590669" lon="-3.222933"><ele>232.0</ele></trkpt>
      <trkpt lat="54.590943" lon="-3.222319"><ele>233.0</ele></trkpt>
      <trkpt lat="54.590997" lon="-3.221868"><ele>229.0</ele></trkpt>
      <trkpt lat="54.591421" lon="-3.219907"><ele>223.0</ele></trkpt>
      <trkpt lat="54.591866" lon="-3.218289"><ele>214.0</ele></trkpt>
      <trkpt lat="54.592158" lon="-3.217675"><ele>218.0</ele></trkpt>
      <trkpt lat="54.592513" lon="-3.216452"><ele>216.0</ele></trkpt>
      <trkpt lat="54.593627" lon="-3.213277"><ele>212.0</ele></trkpt>
      <trkpt lat="54.595703" lon="-3.208317"><ele>199.0</ele></trkpt>
      <trkpt lat="54.595799" lon="-3.207998"><ele>196.0</ele></trkpt>
      <trkpt lat="54.595822" lon="-3.208029"><ele>199.8</ele></trkpt>
      <trkpt lat="54.597118" lon="-3.205447"><ele>189.5</ele></trkpt>
      <trkpt lat="54.598099" lon="-3.204031"><ele>186.8</ele></trkpt>
      <trkpt lat="54.598543" lon="-3.203138"><ele>181.5</ele></trkpt>
      <trkpt lat="54.599339" lon="-3.201227"><ele>169.3</ele></trkpt>
      <trkpt lat="54.599527" lon="-3.201054"><ele>170.3</ele></trkpt>
      <trkpt lat="54.599585" lon="-3.200437"><ele>159.8</ele></trkpt>
      <trkpt lat="54.599885" lon="-3.199522"><ele>154.3</ele></trkpt>
      <trkpt lat="54.600736" lon="-3.197719"><ele>133.5</ele></trkpt>
      <trkpt lat="54.601263" lon="-3.196910"><ele>118.8</ele></trkpt>
      <trkpt lat="54.601852" lon="-3.196351"><ele>110.3</ele></trkpt>
      <trkpt lat="54.601772" lon="-3.195691"><ele>101.5</ele></trkpt>
      <trkpt lat="54.602106" lon="-3.194373"><ele>101.5</ele></trkpt>
      <trkpt lat="54.601948" lon="-3.193179"><ele>90.0</ele></trkpt>
      <trkpt lat="54.601825" lon="-3.193297"><ele>90.8</ele></trkpt>
      <trkpt lat="54.601797" lon="-3.192807"><ele>90.0</ele></trkpt>
      <trkpt lat="54.601427" lon="-3.192671"><ele>90.0</ele></trkpt>
      <trkpt lat="54.601460" lon="-3.192258"><ele>89.0</ele></trkpt>
      <trkpt lat="54.601434" lon="-3.191240"><ele>87.0</ele></trkpt>
      <trkpt lat="54.601018" lon="-3.190686"><ele>87.3</ele></trkpt>
      <trkpt lat="54.600846" lon="-3.190313"><ele>87.8</ele></trkpt>
      <trkpt lat="54.599921" lon="-3.189858"><ele>101.0</ele></trkpt>
      <trkpt lat="54.598577" lon="-3.188880"><ele>116.3</ele></trkpt>
      <trkpt lat="54.598375" lon="-3.188895"><ele>118.5</ele></trkpt>
      <trkpt lat="54.598218" lon="-3.189061"><ele>120.0</ele></trkpt>
      <trkpt lat="54.598131" lon="-3.189062"><ele>120.8</ele></trkpt>
      <trkpt lat="54.597653" lon="-3.188837"><ele>126.8</ele></trkpt>
      <trkpt lat="54.597275" lon="-3.188826"><ele>134.3</ele></trkpt>
      <trkpt lat="54.597155" lon="-3.188237"><ele>142.8</ele></trkpt>
      <trkpt lat="54.596996" lon="-3.188023"><ele>146.8</ele></trkpt>
      <trkpt lat="54.596900" lon="-3.188096"><ele>149.0</ele></trkpt>
      <trkpt lat="54.596021" lon="-3.188174"><ele>175.0</ele></trkpt>
      <trkpt lat="54.595815" lon="-3.187545"><ele>170.5</ele></trkpt>
      <trkpt lat="54.595141" lon="-3.186521"><ele>160.5</ele></trkpt>
      <trkpt lat="54.593391" lon="-3.187026"><ele>157.5</ele></trkpt>
      <trkpt lat="54.591976" lon="-3.187660"><ele>139.3</ele></trkpt>
      <trkpt lat="54.591545" lon="-3.187649"><ele>133.3</ele></trkpt>
      <trkpt lat="54.591182" lon="-3.187946"><ele>132.3</ele></trkpt>
      <trkpt lat="54.590761" lon="-3.188117"><ele>126.0</ele></trkpt>
      <trkpt lat="54.590506" lon="-3.188193"><ele>123.0</ele></trkpt>
      <trkpt lat="54.590068" lon="-3.188179"><ele>117.8</ele></trkpt>
      <trkpt lat="54.589456" lon="-3.188542"><ele>117.3</ele></trkpt>
      <trkpt lat="54.588493" lon="-3.188938"><ele>118.8</ele></trkpt>
      <trkpt lat="54.587840" lon="-3.189313"><ele>118.8</ele></trkpt>
      <trkpt lat="54.587388" lon="-3.189396"><ele>119.8</ele></trkpt>
      <trkpt lat="54.587091" lon="-3.189322"><ele>119.3</ele></trkpt>
      <trkpt lat="54.586650" lon="-3.188697"><ele>114.3</ele></trkpt>
      <trkpt lat="54.586234" lon="-3.188224"><ele>109.3</ele></trkpt>
      <trkpt lat="54.585760" lon="-3.187792"><ele>103.5</ele></trkpt>
      <trkpt lat="54.585391" lon="-3.187697"><ele>102.5</ele></trkpt>
      <trkpt lat="54.585222" lon="-3.187231"><ele>104.5</ele></trkpt>
      <trkpt lat="54.584749" lon="-3.186578"><ele>107.8</ele></trkpt>
      <trkpt lat="54.583980" lon="-3.186499"><ele>108.8</ele></trkpt>
      <trkpt lat="54.583444" lon="-3.186545"><ele>106.8</ele></trkpt>
      <trkpt lat="54.583097" lon="-3.185952"><ele>106.0</ele></trkpt>
      <trkpt lat="54.582952" lon="-3.185452"><ele>104.0</ele></trkpt>
      <trkpt lat="54.582937" lon="-3.185162"><ele>102.3</ele></trkpt>
      <trkpt lat="54.582867" lon="-3.184992"><ele>100.0</ele></trkpt>
      <trkpt lat="54.582915" lon="-3.184486"><ele>96.5</ele></trkpt>
      <trkpt lat="54.582904" lon="-3.184061"><ele>95.0</ele></trkpt>
      <trkpt lat="54.582746" lon="-3.183055"><ele>93.0</ele></trkpt>
      <trkpt lat="54.582259" lon="-3.182314"><ele>93.3</ele></trkpt>
      <trkpt lat="54.581923" lon="-3.181935"><ele>92.8</ele></trkpt>
      <trkpt lat="54.581421" lon="-3.182078"><ele>92.5</ele></trkpt>
      <trkpt lat="54.580993" lon="-3.182462"><ele>93.3</ele></trkpt>
      <trkpt lat="54.580920" lon="-3.181863"><ele>94.8</ele></trkpt>
      <trkpt lat="54.580927" lon="-3.181476"><ele>95.3</ele></trkpt>
      <trkpt lat="54.580825" lon="-3.181173"><ele>95.3</ele></trkpt>
      <trkpt lat="54.580666" lon="-3.180962"><ele>96.3</ele></trkpt>
      <trkpt lat="54.580395" lon="-3.180770"><ele>98.0</ele></trkpt>
      <trkpt lat="54.579695" lon="-3.179669"><ele>108.3</ele></trkpt>
      <trkpt lat="54.579492" lon="-3.178694"><ele>111.5</ele></trkpt>
      <trkpt lat="54.579196" lon="-3.178175"><ele>114.8</ele></trkpt>
      <trkpt lat="54.578988" lon="-3.176943"><ele>121.3</ele></trkpt>
      <trkpt lat="54.578743" lon="-3.176671"><ele>123.5</ele></trkpt>
      <trkpt lat="54.578419" lon="-3.175453"><ele>128.5</ele></trkpt>
      <trkpt lat="54.578074" lon="-3.174614"><ele>133.5</ele></trkpt>
      <trkpt lat="54.577668" lon="-3.173797"><ele>143.8</ele></trkpt>
      <trkpt lat="54.577581" lon="-3.173795"><ele>145.3</ele></trkpt>
      <trkpt lat="54.577299" lon="-3.174100"><ele>148.0</ele></trkpt>
      <trkpt lat="54.577183" lon="-3.173859"><ele>152.0</ele></trkpt>
      <trkpt lat="54.577167" lon="-3.173637"><ele>155.3</ele></trkpt>
      <trkpt lat="54.577310" lon="-3.173296"><ele>156.5</ele></trkpt>
      <trkpt lat="54.577155" lon="-3.173283"><ele>160.8</ele></trkpt>
      <trkpt lat="54.576143" lon="-3.173692"><ele>177.8</ele></trkpt>
      <trkpt lat="54.575823" lon="-3.173493"><ele>187.3</ele></trkpt>
      <trkpt lat="54.575533" lon="-3.173432"><ele>195.8</ele></trkpt>
      <trkpt lat="54.574261" lon="-3.173594"><ele>214.3</ele></trkpt>
      <trkpt lat="54.573670" lon="-3.173478"><ele>227.0</ele></trkpt>
      <trkpt lat="54.572038" lon="-3.172518"><ele>272.8</ele></trkpt>
      <trkpt lat="54.571664" lon="-3.172121"><ele>293.3</ele></trkpt>
      <trkpt lat="54.571009" lon="-3.171597"><ele>325.0</ele></trkpt>
      <trkpt lat="54.570819" lon="-3.171287"><ele>335.0</ele></trkpt>
      <trkpt lat="54.570366" lon="-3.170930"><ele>351.0</ele></trkpt>
      <trkpt lat="54.570286" lon="-3.170552"><ele>359.5</ele></trkpt>
      <trkpt lat="54.570082" lon="-3.170571"><ele>368.0</ele></trkpt>
      <trkpt lat="54.570060" lon="-3.170388"><ele>372.3</ele></trkpt>
      <trkpt lat="54.569766" lon="-3.170408"><ele>386.5</ele></trkpt>
      <trkpt lat="54.569752" lon="-3.170334"><ele>389.5</ele></trkpt>
      <trkpt lat="54.569524" lon="-3.170251"><ele>400.3</ele></trkpt>
      <trkpt lat="54.568937" lon="-3.170332"><ele>425.8</ele></trkpt>
      <trkpt lat="54.568700" lon="-3.170462"><ele>436.0</ele></trkpt>
      <trkpt lat="54.568558" lon="-3.170653"><ele>442.0</ele></trkpt>
      <trkpt lat="54.568700" lon="-3.170462"><ele>436.0</ele></trkpt>
      <trkpt lat="54.568937" lon="-3.170332"><ele>425.8</ele></trkpt>
      <trkpt lat="54.569524" lon="-3.170251"><ele>400.3</ele></trkpt>
      <trkpt lat="54.569752" lon="-3.170334"><ele>389.5</ele></trkpt>
      <trkpt lat="54.569766" lon="-3.170408"><ele>386.5</ele></trkpt>
      <trkpt lat="54.570060" lon="-3.170388"><ele>372.3</ele></trkpt>
      <trkpt lat="54.570082" lon="-3.170571"><ele>368.0</ele></trkpt>
      <trkpt lat="54.570468" lon="-3.170493"><ele>352.5</ele></trkpt>
      <trkpt lat="54.570803" lon="-3.170621"><ele>344.0</ele></trkpt>
      <trkpt lat="54.571148" lon="-3.170619"><ele>339.8</ele></trkpt>
      <trkpt lat="54.572009" lon="-3.170446"><ele>334.3</ele></trkpt>
      <trkpt lat="54.572825" lon="-3.170533"><ele>326.3</ele></trkpt>
      <trkpt lat="54.574256" lon="-3.169850"><ele>332.0</ele></trkpt>
      <trkpt lat="54.574644" lon="-3.169562"><ele>334.3</ele></trkpt>
      <trkpt lat="54.574991" lon="-3.169450"><ele>331.8</ele></trkpt>
      <trkpt lat="54.575233" lon="-3.169024"><ele>331.3</ele></trkpt>
      <trkpt lat="54.575361" lon="-3.168926"><ele>331.8</ele></trkpt>
      <trkpt lat="54.575849" lon="-3.168690"><ele>325.8</ele></trkpt>
      <trkpt lat="54.576069" lon="-3.168742"><ele>315.8</ele></trkpt>
      <trkpt lat="54.576154" lon="-3.168697"><ele>312.8</ele></trkpt>
      <trkpt lat="54.576285" lon="-3.168500"><ele>309.0</ele></trkpt>
      <trkpt lat="54.576555" lon="-3.168318"><ele>302.8</ele></trkpt>
      <trkpt lat="54.576886" lon="-3.167902"><ele>296.5</ele></trkpt>
      <trkpt lat="54.577246" lon="-3.167591"><ele>288.3</ele></trkpt>
      <trkpt lat="54.577350" lon="-3.167448"><ele>282.0</ele></trkpt>
      <trkpt lat="54.577428" lon="-3.167030"><ele>271.3</ele></trkpt>
      <trkpt lat="54.577554" lon="-3.167014"><ele>266.8</ele></trkpt>
      <trkpt lat="54.577738" lon="-3.166592"><ele>254.0</ele></trkpt>
      <trkpt lat="54.578032" lon="-3.166337"><ele>246.5</ele></trkpt>
      <trkpt lat="54.578359" lon="-3.166352"><ele>238.0</ele></trkpt>
      <trkpt lat="54.578392" lon="-3.166204"><ele>235.3</ele></trkpt>
      <trkpt lat="54.578246" lon="-3.165821"><ele>229.3</ele></trkpt>
      <trkpt lat="54.578431" lon="-3.165812"><ele>224.0</ele></trkpt>
      <trkpt lat="54.578284" lon="-3.165501"><ele>217.3</ele></trkpt>
      <trkpt lat="54.578278" lon="-3.165393"><ele>214.3</ele></trkpt>
      <trkpt lat="54.578505" lon="-3.165375"><ele>207.0</ele></trkpt>
      <trkpt lat="54.578881" lon="-3.165498"><ele>195.3</ele></trkpt>
      <trkpt lat="54.579167" lon="-3.165142"><ele>184.0</ele></trkpt>
      <trkpt lat="54.579359" lon="-3.165102"><ele>179.0</ele></trkpt>
      <trkpt lat="54.579629" lon="-3.165173"><ele>170.3</ele></trkpt>
      <trkpt lat="54.579605" lon="-3.165009"><ele>169.8</ele></trkpt>
      <trkpt lat="54.579705" lon="-3.165014"><ele>166.5</ele></trkpt>
      <trkpt lat="54.579610" lon="-3.164620"><ele>156.8</ele></trkpt>
      <trkpt lat="54.579632" lon="-3.164452"><ele>150.8</ele></trkpt>
      <trkpt lat="54.579550" lon="-3.164231"><ele>146.5</ele></trkpt>
      <trkpt lat="54.579715" lon="-3.164323"><ele>143.8</ele></trkpt>
      <trkpt lat="54.580274" lon="-3.164887"><ele>131.8</ele></trkpt>
      <trkpt lat="54.580585" lon="-3.165695"><ele>119.5</ele></trkpt>
      <trkpt lat="54.580659" lon="-3.165762"><ele>118.0</ele></trkpt>
      <trkpt lat="54.580890" lon="-3.165607"><ele>115.0</ele></trkpt>
      <trkpt lat="54.581363" lon="-3.164823"><ele>106.8</ele></trkpt>
      <trkpt lat="54.581669" lon="-3.164492"><ele>100.8</ele></trkpt>
      <trkpt lat="54.581813" lon="-3.164422"><ele>97.8</ele></trkpt>
      <trkpt lat="54.581995" lon="-3.164142"><ele>92.5</ele></trkpt>
      <trkpt lat="54.582092" lon="-3.164227"><ele>92.8</ele></trkpt>
      <trkpt lat="54.583049" lon="-3.163929"><ele>90.3</ele></trkpt>
      <trkpt lat="54.583913" lon="-3.163419"><ele>80.3</ele></trkpt>
      <trkpt lat="54.584480" lon="-3.162747"><ele>80.0</ele></trkpt>
      <trkpt lat="54.584596" lon="-3.162766"><ele>80.5</ele></trkpt>
      <trkpt lat="54.584964" lon="-3.162547"><ele>81.0</ele></trkpt>
      <trkpt lat="54.585573" lon="-3.161840"><ele>82.0</ele></trkpt>
      <trkpt lat="54.586131" lon="-3.161014"><ele>88.3</ele></trkpt>
      <trkpt lat="54.587553" lon="-3.159786"><ele>90.0</ele></trkpt>
      <trkpt lat="54.587718" lon="-3.159572"><ele>88.8</ele></trkpt>
      <trkpt lat="54.587983" lon="-3.159041"><ele>88.3</ele></trkpt>
      <trkpt lat="54.588223" lon="-3.158896"><ele>87.8</ele></trkpt>
      <trkpt lat="54.588599" lon="-3.158843"><ele>86.8</ele></trkpt>
      <trkpt lat="54.589895" lon="-3.159055"><ele>85.8</ele></trkpt>
      <trkpt lat="54.590316" lon="-3.159188"><ele>84.5</ele></trkpt>
      <trkpt lat="54.591123" lon="-3.159087"><ele>86.3</ele></trkpt>
      <trkpt lat="54.591335" lon="-3.158807"><ele>83.3</ele></trkpt>
      <trkpt lat="54.591790" lon="-3.157614"><ele>80.0</ele></trkpt>
      <trkpt lat="54.591991" lon="-3.157262"><ele>80.8</ele></trkpt>
      <trkpt lat="54.592291" lon="-3.157112"><ele>82.5</ele></trkpt>
      <trkpt lat="54.592818" lon="-3.157009"><ele>81.8</ele></trkpt>
      <trkpt lat="54.593550" lon="-3.156675"><ele>87.3</ele></trkpt>
      <trkpt lat="54.594204" lon="-3.156271"><ele>90.0</ele></trkpt>
      <trkpt lat="54.594704" lon="-3.156117"><ele>90.0</ele></trkpt>
      <trkpt lat="54.594994" lon="-3.155922"><ele>86.5</ele></trkpt>
      <trkpt lat="54.595377" lon="-3.156295"><ele>79.5</ele></trkpt>
      <trkpt lat="54.595484" lon="-3.156113"><ele>77.0</ele></trkpt>
      <trkpt lat="54.595225" lon="-3.155438"><ele>76.0</ele></trkpt>
      <trkpt lat="54.595469" lon="-3.155035"><ele>75.0</ele></trkpt>
      <trkpt lat="54.595510" lon="-3.154281"><ele>75.0</ele></trkpt>
      <trkpt lat="54.595365" lon="-3.153603"><ele>75.0</ele></trkpt>
      <trkpt lat="54.595107" lon="-3.152504"><ele>75.0</ele></trkpt>
      <trkpt lat="54.594411" lon="-3.150204"><ele>75.0</ele></trkpt>
      <trkpt lat="54.593371" lon="-3.146264"><ele>75.0</ele></trkpt>
      <trkpt lat="54.593272" lon="-3.144822"><ele>75.0</ele></trkpt>
      <trkpt lat="54.593481" lon="-3.143458"><ele>75.0</ele></trkpt>
      <trkpt lat="54.593834" lon="-3.142247"><ele>75.0</ele></trkpt>
      <trkpt lat="54.594424" lon="-3.141168"><ele>75.0</ele></trkpt>
      <trkpt lat="54.594358" lon="-3.140272"><ele>79.3</ele></trkpt>
      <trkpt lat="54.593943" lon="-3.140312"><ele>79.3</ele></trkpt>
      <trkpt lat="54.593980" lon="-3.140028"><ele>82.3</ele></trkpt>
      <trkpt lat="54.593924" lon="-3.139400"><ele>84.8</ele></trkpt>
      <trkpt lat="54.593341" lon="-3.138473"><ele>83.5</ele></trkpt>
      <trkpt lat="54.592947" lon="-3.137710"><ele>82.3</ele></trkpt>
      <trkpt lat="54.592764" lon="-3.137183"><ele>83.0</ele></trkpt>
      <trkpt lat="54.592704" lon="-3.136840"><ele>82.8</ele></trkpt>
      <trkpt lat="54.592445" lon="-3.136244"><ele>80.3</ele></trkpt>
      <trkpt lat="54.591802" lon="-3.136096"><ele>77.5</ele></trkpt>
      <trkpt lat="54.591208" lon="-3.136384"><ele>77.8</ele></trkpt>
      <trkpt lat="54.590717" lon="-3.136335"><ele>78.0</ele></trkpt>
      <trkpt lat="54.589876" lon="-3.136600"><ele>76.8</ele></trkpt>
      <trkpt lat="54.589727" lon="-3.136221"><ele>76.3</ele></trkpt>
      <trkpt lat="54.589682" lon="-3.135690"><ele>76.0</ele></trkpt>
      <trkpt lat="54.589762" lon="-3.135039"><ele>76.8</ele></trkpt>
      <trkpt lat="54.589978" lon="-3.134168"><ele>77.8</ele></trkpt>
      <trkpt lat="54.589994" lon="-3.133668"><ele>78.8</ele></trkpt>
      <trkpt lat="54.589917" lon="-3.133227"><ele>78.5</ele></trkpt>
      <trkpt lat="54.588515" lon="-3.132430"><ele>76.0</ele></trkpt>
      <trkpt lat="54.588124" lon="-3.132591"><ele>77.0</ele></trkpt>
      <trkpt lat="54.588079" lon="-3.133038"><ele>77.8</ele></trkpt>
      <trkpt lat="54.587972" lon="-3.133379"><ele>77.5</ele></trkpt>
      <trkpt lat="54.587707" lon="-3.133742"><ele>77.5</ele></trkpt>
      <trkpt lat="54.587248" lon="-3.134049"><ele>77.5</ele></trkpt>
      <trkpt lat="54.586728" lon="-3.134067"><ele>78.0</ele></trkpt>
      <trkpt lat="54.586565" lon="-3.134137"><ele>77.0</ele></trkpt>
      <trkpt lat="54.586375" lon="-3.134521"><ele>79.5</ele></trkpt>
      <trkpt lat="54.586374" lon="-3.134700"><ele>80.8</ele></trkpt>
      <trkpt lat="54.586205" lon="-3.135398"><ele>80.8</ele></trkpt>
      <trkpt lat="54.586057" lon="-3.135569"><ele>79.8</ele></trkpt>
      <trkpt lat="54.585205" lon="-3.135673"><ele>78.3</ele></trkpt>
      <trkpt lat="54.584575" lon="-3.135449"><ele>77.3</ele></trkpt>
      <trkpt lat="54.584071" lon="-3.135610"><ele>79.0</ele></trkpt>
      <trkpt lat="54.583826" lon="-3.135588"><ele>80.5</ele></trkpt>
      <trkpt lat="54.583482" lon="-3.135433"><ele>78.0</ele></trkpt>
      <trkpt lat="54.583508" lon="-3.135141"><ele>78.0</ele></trkpt>
      <trkpt lat="54.583781" lon="-3.134548"><ele>82.0</ele></trkpt>
      <trkpt lat="54.583810" lon="-3.134088"><ele>83.0</ele></trkpt>
      <trkpt lat="54.583765" lon="-3.133593"><ele>85.0</ele></trkpt>
      <trkpt lat="54.583602" lon="-3.133159"><ele>85.0</ele></trkpt>
      <trkpt lat="54.583351" lon="-3.132712"><ele>76.0</ele></trkpt>
      <trkpt lat="54.583510" lon="-3.131654"><ele>80.0</ele></trkpt>
      <trkpt lat="54.583487" lon="-3.131450"><ele>80.0</ele></trkpt>
      <trkpt lat="54.583332" lon="-3.131434"><ele>80.0</ele></trkpt>
      <trkpt lat="54.583203" lon="-3.131206"><ele>81.0</ele></trkpt>
      <trkpt lat="54.582182" lon="-3.130683"><ele>85.0</ele></trkpt>
      <trkpt lat="54.582165" lon="-3.130468"><ele>88.0</ele></trkpt>
      <trkpt lat="54.582299" lon="-3.130097"><ele>91.0</ele></trkpt>
      <trkpt lat="54.583055" lon="-3.129742"><ele>89.0</ele></trkpt>
      <trkpt lat="54.583490" lon="-3.129754"><ele>88.0</ele></trkpt>
      <trkpt lat="54.583542" lon="-3.129509"><ele>88.0</ele></trkpt>
      <trkpt lat="54.583303" lon="-3.129234"><ele>90.0</ele></trkpt>
      <trkpt lat="54.583250" lon="-3.128835"><ele>91.0</ele></trkpt>
      <trkpt lat="54.582988" lon="-3.128324"><ele>97.0</ele></trkpt>
      <trkpt lat="54.583170" lon="-3.128071"><ele>99.0</ele></trkpt>
      <trkpt lat="54.583459" lon="-3.127114"><ele>109.0</ele></trkpt>
      <trkpt lat="54.583694" lon="-3.126584"><ele>112.0</ele></trkpt>
      <trkpt lat="54.583692" lon="-3.126144"><ele>117.0</ele></trkpt>
      <trkpt lat="54.583796" lon="-3.125728"><ele>119.0</ele></trkpt>
      <trkpt lat="54.584136" lon="-3.125169"><ele>119.0</ele></trkpt>
      <trkpt lat="54.584401" lon="-3.124178"><ele>123.0</ele></trkpt>
      <trkpt lat="54.584584" lon="-3.123819"><ele>123.0</ele></trkpt>
      <trkpt lat="54.585669" lon="-3.122883"><ele>133.0</ele></trkpt>
      <trkpt lat="54.586681" lon="-3.120969"><ele>149.0</ele></trkpt>
      <trkpt lat="54.587153" lon="-3.120445"><ele>153.0</ele></trkpt>
      <trkpt lat="54.587330" lon="-3.120053"><ele>157.0</ele></trkpt>
      <trkpt lat="54.587523" lon="-3.119361"><ele>162.0</ele></trkpt>
      <trkpt lat="54.588100" lon="-3.118197"><ele>169.0</ele></trkpt>
      <trkpt lat="54.588305" lon="-3.117569"><ele>175.0</ele></trkpt>
      <trkpt lat="54.588551" lon="-3.117115"><ele>179.0</ele></trkpt>
      <trkpt lat="54.588903" lon="-3.116749"><ele>181.0</ele></trkpt>
      <trkpt lat="54.589376" lon="-3.116000"><ele>195.0</ele></trkpt>
      <trkpt lat="54.589576" lon="-3.115909"><ele>196.0</ele></trkpt>
      <trkpt lat="54.589830" lon="-3.116023"><ele>195.0</ele></trkpt>
      <trkpt lat="54.590260" lon="-3.115917"><ele>193.0</ele></trkpt>
      <trkpt lat="54.591286" lon="-3.115205"><ele>200.0</ele></trkpt>
      <trkpt lat="54.590816" lon="-3.114259"><ele>209.0</ele></trkpt>
      <trkpt lat="54.590483" lon="-3.111975"><ele>220.0</ele></trkpt>
      <trkpt lat="54.590398" lon="-3.111693"><ele>222.0</ele></trkpt>
      <trkpt lat="54.590620" lon="-3.111292"><ele>222.0</ele></trkpt>
      <trkpt lat="54.590896" lon="-3.111621"><ele>221.0</ele></trkpt>
      <trkpt lat="54.591157" lon="-3.108946"><ele>234.0</ele></trkpt>
      <trkpt lat="54.591241" lon="-3.108626"><ele>234.0</ele></trkpt>
      <trkpt lat="54.591275" lon="-3.107608"><ele>235.0</ele></trkpt>
      <trkpt lat="54.591246" lon="-3.106673"><ele>235.0</ele></trkpt>
      <trkpt lat="54.591088" lon="-3.106347"><ele>235.0</ele></trkpt>
      <trkpt lat="54.591090" lon="-3.106154"><ele>235.0</ele></trkpt>
      <trkpt lat="54.591313" lon="-3.106149"><ele>236.0</ele></trkpt>
      <trkpt lat="54.591570" lon="-3.106006"><ele>235.0</ele></trkpt>
      <trkpt lat="54.591809" lon="-3.105702"><ele>234.0</ele></trkpt>
      <trkpt lat="54.592308" lon="-3.105447"><ele>232.0</ele></trkpt>
      <trkpt lat="54.593066" lon="-3.105564"><ele>231.0</ele></trkpt>
      <trkpt lat="54.593405" lon="-3.105799"><ele>230.0</ele></trkpt>
      <trkpt lat="54.593712" lon="-3.105571"><ele>229.0</ele></trkpt>
      <trkpt lat="54.594789" lon="-3.104066"><ele>218.0</ele></trkpt>
      <trkpt lat="54.594301" lon="-3.103001"><ele>211.0</ele></trkpt>
      <trkpt lat="54.593849" lon="-3.102162"><ele>203.0</ele></trkpt>
      <trkpt lat="54.593136" lon="-3.101274"><ele>199.0</ele></trkpt>
      <trkpt lat="54.592440" lon="-3.100601"><ele>194.0</ele></trkpt>
      <trkpt lat="54.592430" lon="-3.100300"><ele>191.0</ele></trkpt>
      <trkpt lat="54.592316" lon="-3.099868"><ele>188.0</ele></trkpt>
      <trkpt lat="54.591891" lon="-3.098719"><ele>176.0</ele></trkpt>
      <trkpt lat="54.591778" lon="-3.098147"><ele>172.0</ele></trkpt>
      <trkpt lat="54.591769" lon="-3.097052"><ele>168.0</ele></trkpt>
      <trkpt lat="54.591558" lon="-3.096381"><ele>164.0</ele></trkpt>
      <trkpt lat="54.590991" lon="-3.095175"><ele>153.0</ele></trkpt>
      <trkpt lat="54.590889" lon="-3.094754"><ele>151.0</ele></trkpt>
      <trkpt lat="54.590199" lon="-3.093297"><ele>150.0</ele></trkpt>
      <trkpt lat="54.590421" lon="-3.092209"><ele>147.0</ele></trkpt>
      <trkpt lat="54.590204" lon="-3.090701"><ele>150.0</ele></trkpt>
      <trkpt lat="54.590239" lon="-3.090251"><ele>150.0</ele></trkpt>
      <trkpt lat="54.590516" lon="-3.089271"><ele>152.0</ele></trkpt>
      <trkpt lat="54.590551" lon="-3.087469"><ele>150.0</ele></trkpt>
      <trkpt lat="54.590868" lon="-3.086029"><ele>153.0</ele></trkpt>
      <trkpt lat="54.590896" lon="-3.085075"><ele>160.0</ele></trkpt>
      <trkpt lat="54.590839" lon="-3.084483"><ele>165.0</ele></trkpt>
      <trkpt lat="54.591013" lon="-3.083726"><ele>169.0</ele></trkpt>
      <trkpt lat="54.591063" lon="-3.082987"><ele>175.0</ele></trkpt>
      <trkpt lat="54.590897" lon="-3.082800"><ele>178.0</ele></trkpt>
      <trkpt lat="54.591048" lon="-3.082676"><ele>178.0</ele></trkpt>
      <trkpt lat="54.591136" lon="-3.082474"><ele>181.0</ele></trkpt>
      <trkpt lat="54.590727" lon="-3.082324"><ele>187.0</ele></trkpt>
      <trkpt lat="54.591348" lon="-3.081793"><ele>193.0</ele></trkpt>
      <trkpt lat="54.591358" lon="-3.081353"><ele>201.0</ele></trkpt>
      <trkpt lat="54.591618" lon="-3.080770"><ele>211.0</ele></trkpt>
      <trkpt lat="54.591893" lon="-3.079919"><ele>219.0</ele></trkpt>
      <trkpt lat="54.591935" lon="-3.079394"><ele>222.0</ele></trkpt>
      <trkpt lat="54.591942" lon="-3.077935"><ele>223.0</ele></trkpt>
      <trkpt lat="54.592158" lon="-3.076653"><ele>226.0</ele></trkpt>
      <trkpt lat="54.592828" lon="-3.074783"><ele>219.0</ele></trkpt>
      <trkpt lat="54.593002" lon="-3.073659"><ele>209.0</ele></trkpt>
      <trkpt lat="54.593181" lon="-3.073373"><ele>203.0</ele></trkpt>
      <trkpt lat="54.593381" lon="-3.073298"><ele>200.0</ele></trkpt>
      <trkpt lat="54.593646" lon="-3.072882"><ele>189.0</ele></trkpt>
      <trkpt lat="54.593865" lon="-3.072411"><ele>177.0</ele></trkpt>
      <trkpt lat="54.593799" lon="-3.072026"><ele>171.0</ele></trkpt>
      <trkpt lat="54.593811" lon="-3.071523"><ele>163.0</ele></trkpt>
      <trkpt lat="54.593931" lon="-3.071023"><ele>158.0</ele></trkpt>
      <trkpt lat="54.594023" lon="-3.070073"><ele>151.0</ele></trkpt>
      <trkpt lat="54.594245" lon="-3.069297"><ele>145.0</ele></trkpt>
      <trkpt lat="54.594582" lon="-3.069320"><ele>146.0</ele></trkpt>
      <trkpt lat="54.594960" lon="-3.069078"><ele>148.0</ele></trkpt>
      <trkpt lat="54.595061" lon="-3.068882"><ele>147.0</ele></trkpt>
      <trkpt lat="54.595033" lon="-3.067783"><ele>146.0</ele></trkpt>
      <trkpt lat="54.595153" lon="-3.067230"><ele>145.0</ele></trkpt>
      <trkpt lat="54.595386" lon="-3.066839"><ele>145.0</ele></trkpt>
      <trkpt lat="54.595587" lon="-3.066712"><ele>144.0</ele></trkpt>
      <trkpt lat="54.595871" lon="-3.066640"><ele>144.0</ele></trkpt>
      <trkpt lat="54.596422" lon="-3.066734"><ele>142.0</ele></trkpt>
      <trkpt lat="54.597497" lon="-3.066604"><ele>141.0</ele></trkpt>
      <trkpt lat="54.597690" lon="-3.066516"><ele>142.0</ele></trkpt>
      <trkpt lat="54.597999" lon="-3.066233"><ele>143.0</ele></trkpt>
      <trkpt lat="54.598075" lon="-3.065467"><ele>143.0</ele></trkpt>
      <trkpt lat="54.598154" lon="-3.065125"><ele>143.0</ele></trkpt>
      <trkpt lat="54.598191" lon="-3.064438"><ele>142.0</ele></trkpt>
      <trkpt lat="54.598434" lon="-3.063849"><ele>141.0</ele></trkpt>
      <trkpt lat="54.598705" lon="-3.063525"><ele>140.0</ele></trkpt>
      <trkpt lat="54.598950" lon="-3.062698"><ele>141.0</ele></trkpt>
      <trkpt lat="54.599080" lon="-3.061933"><ele>144.0</ele></trkpt>
      <trkpt lat="54.599206" lon="-3.061473"><ele>146.0</ele></trkpt>
      <trkpt lat="54.599219" lon="-3.060971"><ele>147.0</ele></trkpt>
      <trkpt lat="54.599108" lon="-3.060465"><ele>149.0</ele></trkpt>
      <trkpt lat="54.598327" lon="-3.060299"><ele>151.0</ele></trkpt>
      <trkpt lat="54.598429" lon="-3.059256"><ele>158.0</ele></trkpt>
      <trkpt lat="54.598624" lon="-3.058824"><ele>161.0</ele></trkpt>
      <trkpt lat="54.598787" lon="-3.058617"><ele>161.0</ele></trkpt>
      <trkpt lat="54.598811" lon="-3.058445"><ele>162.0</ele></trkpt>
      <trkpt lat="54.598355" lon="-3.057970"><ele>169.0</ele></trkpt>
      <trkpt lat="54.598355" lon="-3.057149"><ele>176.0</ele></trkpt>
      <trkpt lat="54.598518" lon="-3.056042"><ele>183.0</ele></trkpt>
      <trkpt lat="54.598661" lon="-3.055503"><ele>188.0</ele></trkpt>
      <trkpt lat="54.598973" lon="-3.054902"><ele>197.0</ele></trkpt>
      <trkpt lat="54.600066" lon="-3.054428"><ele>206.0</ele></trkpt>
      <trkpt lat="54.600450" lon="-3.054372"><ele>208.0</ele></trkpt>
      <trkpt lat="54.601683" lon="-3.053623"><ele>213.0</ele></trkpt>
      <trkpt lat="54.602407" lon="-3.051405"><ele>237.0</ele></trkpt>
      <trkpt lat="54.602695" lon="-3.050076"><ele>256.0</ele></trkpt>
      <trkpt lat="54.602937" lon="-3.049606"><ele>261.0</ele></trkpt>
      <trkpt lat="54.603286" lon="-3.049165"><ele>264.0</ele></trkpt>
      <trkpt lat="54.603370" lon="-3.048267"><ele>273.0</ele></trkpt>
      <trkpt lat="54.603565" lon="-3.047928"><ele>278.0</ele></trkpt>
      <trkpt lat="54.604073" lon="-3.045082"><ele>308.0</ele></trkpt>
      <trkpt lat="54.604213" lon="-3.044808"><ele>309.0</ele></trkpt>
      <trkpt lat="54.604554" lon="-3.043533"><ele>310.0</ele></trkpt>
      <trkpt lat="54.604922" lon="-3.042629"><ele>306.0</ele></trkpt>
      <trkpt lat="54.604779" lon="-3.040507"><ele>313.0</ele></trkpt>
      <trkpt lat="54.604571" lon="-3.038874"><ele>316.0</ele></trkpt>
      <trkpt lat="54.604468" lon="-3.038368"><ele>318.0</ele></trkpt>
      <trkpt lat="54.604221" lon="-3.037647"><ele>322.0</ele></trkpt>
      <trkpt lat="54.603171" lon="-3.034973"><ele>343.0</ele></trkpt>
      <trkpt lat="54.602733" lon="-3.034141"><ele>347.0</ele></trkpt>
      <trkpt lat="54.602616" lon="-3.033556"><ele>351.0</ele></trkpt>
      <trkpt lat="54.602565" lon="-3.033557"><ele>352.0</ele></trkpt>
      <trkpt lat="54.602573" lon="-3.033627"><ele>351.3</ele></trkpt>
      <trkpt lat="54.602280" lon="-3.033037"><ele>365.0</ele></trkpt>
      <trkpt lat="54.602162" lon="-3.032930"><ele>368.5</ele></trkpt>
      <trkpt lat="54.601881" lon="-3.032299"><ele>384.3</ele></trkpt>
      <trkpt lat="54.601228" lon="-3.031113"><ele>425.8</ele></trkpt>
      <trkpt lat="54.600594" lon="-3.030413"><ele>471.5</ele></trkpt>
      <trkpt lat="54.600218" lon="-3.030352"><ele>490.8</ele></trkpt>
      <trkpt lat="54.598746" lon="-3.029374"><ele>556.8</ele></trkpt>
      <trkpt lat="54.597882" lon="-3.029334"><ele>600.0</ele></trkpt>
      <trkpt lat="54.597521" lon="-3.029176"><ele>625.3</ele></trkpt>
      <trkpt lat="54.597411" lon="-3.029004"><ele>636.3</ele></trkpt>
      <trkpt lat="54.597298" lon="-3.029087"><ele>644.0</ele></trkpt>
      <trkpt lat="54.597154" lon="-3.029520"><ele>653.0</ele></trkpt>
      <trkpt lat="54.597054" lon="-3.029586"><ele>658.0</ele></trkpt>
      <trkpt lat="54.596715" lon="-3.029591"><ele>672.8</ele></trkpt>
      <trkpt lat="54.596608" lon="-3.029697"><ele>676.8</ele></trkpt>
      <trkpt lat="54.596233" lon="-3.029673"><ele>684.3</ele></trkpt>
      <trkpt lat="54.595893" lon="-3.029920"><ele>695.3</ele></trkpt>
      <trkpt lat="54.595173" lon="-3.030878"><ele>709.8</ele></trkpt>
      <trkpt lat="54.593963" lon="-3.031906"><ele>723.3</ele></trkpt>
      <trkpt lat="54.593415" lon="-3.032605"><ele>723.5</ele></trkpt>
      <trkpt lat="54.593963" lon="-3.031906"><ele>723.3</ele></trkpt>
      <trkpt lat="54.595173" lon="-3.030878"><ele>709.8</ele></trkpt>
      <trkpt lat="54.595893" lon="-3.029920"><ele>695.3</ele></trkpt>
      <trkpt lat="54.596233" lon="-3.029673"><ele>684.3</ele></trkpt>
      <trkpt lat="54.596608" lon="-3.029697"><ele>676.8</ele></trkpt>
      <trkpt lat="54.596715" lon="-3.029591"><ele>672.8</ele></trkpt>
      <trkpt lat="54.597054" lon="-3.029586"><ele>658.0</ele></trkpt>
      <trkpt lat="54.597154" lon="-3.029520"><ele>653.0</ele></trkpt>
      <trkpt lat="54.597298" lon="-3.029087"><ele>644.0</ele></trkpt>
      <trkpt lat="54.597411" lon="-3.029004"><ele>636.3</ele></trkpt>
      <trkpt lat="54.597521" lon="-3.029176"><ele>625.3</ele></trkpt>
      <trkpt lat="54.597882" lon="-3.029334"><ele>600.0</ele></trkpt>
      <trkpt lat="54.598746" lon="-3.029374"><ele>556.8</ele></trkpt>
      <trkpt lat="54.600218" lon="-3.030352"><ele>490.8</ele></trkpt>
      <trkpt lat="54.600594" lon="-3.030413"><ele>471.5</ele></trkpt>
      <trkpt lat="54.601228" lon="-3.031113"><ele>425.8</ele></trkpt>
      <trkpt lat="54.601881" lon="-3.032299"><ele>384.3</ele></trkpt>
      <trkpt lat="54.602162" lon="-3.032930"><ele>368.5</ele></trkpt>
      <trkpt lat="54.602280" lon="-3.033037"><ele>365.0</ele></trkpt>
      <trkpt lat="54.602573" lon="-3.033627"><ele>351.3</ele></trkpt>
      <trkpt lat="54.602821" lon="-3.031986"><ele>365.0</ele></trkpt>
      <trkpt lat="54.602687" lon="-3.029653"><ele>393.0</ele></trkpt>
      <trkpt lat="54.602696" lon="-3.026900"><ele>414.0</ele></trkpt>
      <trkpt lat="54.602860" lon="-3.023767"><ele>430.0</ele></trkpt>
      <trkpt lat="54.602819" lon="-3.023144"><ele>433.0</ele></trkpt>
      <trkpt lat="54.602717" lon="-3.022612"><ele>435.0</ele></trkpt>
      <trkpt lat="54.602147" lon="-3.021129"><ele>439.0</ele></trkpt>
      <trkpt lat="54.601919" lon="-3.020871"><ele>440.0</ele></trkpt>
      <trkpt lat="54.601568" lon="-3.020664"><ele>440.0</ele></trkpt>
      <trkpt lat="54.601386" lon="-3.020447"><ele>439.0</ele></trkpt>
      <trkpt lat="54.600984" lon="-3.018955"><ele>436.0</ele></trkpt>
      <trkpt lat="54.600811" lon="-3.018540"><ele>436.0</ele></trkpt>
      <trkpt lat="54.600349" lon="-3.017854"><ele>439.0</ele></trkpt>
      <trkpt lat="54.600341" lon="-3.017335"><ele>436.0</ele></trkpt>
      <trkpt lat="54.600230" lon="-3.016473"><ele>433.0</ele></trkpt>
      <trkpt lat="54.600072" lon="-3.016126"><ele>433.0</ele></trkpt>
      <trkpt lat="54.599831" lon="-3.014425"><ele>426.0</ele></trkpt>
      <trkpt lat="54.599852" lon="-3.013363"><ele>418.0</ele></trkpt>
      <trkpt lat="54.599738" lon="-3.012963"><ele>419.0</ele></trkpt>
      <trkpt lat="54.599688" lon="-3.012168"><ele>417.0</ele></trkpt>
      <trkpt lat="54.599490" lon="-3.011326"><ele>414.0</ele></trkpt>
      <trkpt lat="54.598910" lon="-3.010904"><ele>419.0</ele></trkpt>
      <trkpt lat="54.598494" lon="-3.010754"><ele>417.0</ele></trkpt>
      <trkpt lat="54.597874" lon="-3.010556"><ele>411.0</ele></trkpt>
      <trkpt lat="54.597296" lon="-3.010616"><ele>408.0</ele></trkpt>
      <trkpt lat="54.595781" lon="-3.008948"><ele>396.0</ele></trkpt>
      <trkpt lat="54.595610" lon="-3.008525"><ele>395.0</ele></trkpt>
      <trkpt lat="54.595413" lon="-3.007608"><ele>394.0</ele></trkpt>
      <trkpt lat="54.594755" lon="-3.005263"><ele>401.0</ele></trkpt>
      <trkpt lat="54.594714" lon="-3.004940"><ele>402.0</ele></trkpt>
      <trkpt lat="54.594730" lon="-3.004533"><ele>404.0</ele></trkpt>
      <trkpt lat="54.594854" lon="-3.003806"><ele>405.0</ele></trkpt>
      <trkpt lat="54.594871" lon="-3.002551"><ele>405.0</ele></trkpt>
      <trkpt lat="54.594917" lon="-3.002231"><ele>404.0</ele></trkpt>
      <trkpt lat="54.595345" lon="-3.000847"><ele>398.0</ele></trkpt>
      <trkpt lat="54.596031" lon="-2.998997"><ele>406.0</ele></trkpt>
      <trkpt lat="54.595963" lon="-2.998276"><ele>407.0</ele></trkpt>
      <trkpt lat="54.596002" lon="-2.997258"><ele>407.0</ele></trkpt>
      <trkpt lat="54.595853" lon="-2.996578"><ele>408.0</ele></trkpt>
      <trkpt lat="54.595837" lon="-2.996245"><ele>410.0</ele></trkpt>
      <trkpt lat="54.595892" lon="-2.994862"><ele>409.0</ele></trkpt>
      <trkpt lat="54.595871" lon="-2.994368"><ele>411.0</ele></trkpt>
      <trkpt lat="54.595587" lon="-2.991829"><ele>410.0</ele></trkpt>
      <trkpt lat="54.595503" lon="-2.991430"><ele>410.0</ele></trkpt>
      <trkpt lat="54.595185" lon="-2.990789"><ele>412.0</ele></trkpt>
      <trkpt lat="54.594569" lon="-2.990184"><ele>414.0</ele></trkpt>
      <trkpt lat="54.594434" lon="-2.989966"><ele>415.0</ele></trkpt>
      <trkpt lat="54.594374" lon="-2.988881"><ele>422.0</ele></trkpt>
      <trkpt lat="54.594433" lon="-2.987777"><ele>422.0</ele></trkpt>
      <trkpt lat="54.594402" lon="-2.987004"><ele>426.0</ele></trkpt>
      <trkpt lat="54.594479" lon="-2.986662"><ele>425.0</ele></trkpt>
      <trkpt lat="54.594472" lon="-2.985267"><ele>427.0</ele></trkpt>
      <trkpt lat="54.594755" lon="-2.982645"><ele>431.0</ele></trkpt>
      <trkpt lat="54.594747" lon="-2.982034"><ele>437.0</ele></trkpt>
      <trkpt lat="54.594787" lon="-2.981713"><ele>437.0</ele></trkpt>
      <trkpt lat="54.594940" lon="-2.981255"><ele>432.0</ele></trkpt>
      <trkpt lat="54.595065" lon="-2.980421"><ele>433.0</ele></trkpt>
      <trkpt lat="54.595494" lon="-2.978810"><ele>428.0</ele></trkpt>
      <trkpt lat="54.595723" lon="-2.976702"><ele>433.0</ele></trkpt>
      <trkpt lat="54.595778" lon="-2.973678"><ele>438.0</ele></trkpt>
      <trkpt lat="54.595455" lon="-2.972200"><ele>432.0</ele></trkpt>
      <trkpt lat="54.594247" lon="-2.970851"><ele>431.0</ele></trkpt>
      <trkpt lat="54.593465" lon="-2.970746"><ele>434.0</ele></trkpt>
      <trkpt lat="54.592076" lon="-2.970284"><ele>429.0</ele></trkpt>
      <trkpt lat="54.591140" lon="-2.970648"><ele>431.0</ele></trkpt>
      <trkpt lat="54.590784" lon="-2.970929"><ele>433.0</ele></trkpt>
      <trkpt lat="54.590604" lon="-2.970892"><ele>432.0</ele></trkpt>
      <trkpt lat="54.590521" lon="-2.970337"><ele>427.0</ele></trkpt>
      <trkpt lat="54.590510" lon="-2.969893"><ele>425.0</ele></trkpt>
      <trkpt lat="54.589600" lon="-2.965922"><ele>425.0</ele></trkpt>
      <trkpt lat="54.589950" lon="-2.965359"><ele>424.0</ele></trkpt>
      <trkpt lat="54.590005" lon="-2.964954"><ele>423.0</ele></trkpt>
      <trkpt lat="54.589696" lon="-2.964045"><ele>421.0</ele></trkpt>
      <trkpt lat="54.589476" lon="-2.963113"><ele>422.0</ele></trkpt>
      <trkpt lat="54.589331" lon="-2.962843"><ele>421.0</ele></trkpt>
      <trkpt lat="54.588908" lon="-2.962325"><ele>420.0</ele></trkpt>
      <trkpt lat="54.588656" lon="-2.961570"><ele>417.0</ele></trkpt>
      <trkpt lat="54.588629" lon="-2.961303"><ele>417.0</ele></trkpt>
      <trkpt lat="54.588810" lon="-2.960723"><ele>416.0</ele></trkpt>
      <trkpt lat="54.589157" lon="-2.958814"><ele>408.0</ele></trkpt>
      <trkpt lat="54.589243" lon="-2.957203"><ele>400.0</ele></trkpt>
      <trkpt lat="54.589255" lon="-2.955654"><ele>394.0</ele></trkpt>
      <trkpt lat="54.589254" lon="-2.954867"><ele>391.0</ele></trkpt>
      <trkpt lat="54.589124" lon="-2.954598"><ele>387.0</ele></trkpt>
      <trkpt lat="54.589039" lon="-2.954113"><ele>383.0</ele></trkpt>
      <trkpt lat="54.588986" lon="-2.953388"><ele>377.0</ele></trkpt>
      <trkpt lat="54.588898" lon="-2.951570"><ele>368.0</ele></trkpt>
      <trkpt lat="54.588896" lon="-2.949869"><ele>357.0</ele></trkpt>
      <trkpt lat="54.588640" lon="-2.948834"><ele>350.0</ele></trkpt>
      <trkpt lat="54.588945" lon="-2.948321"><ele>353.0</ele></trkpt>
      <trkpt lat="54.589272" lon="-2.948011"><ele>356.0</ele></trkpt>
      <trkpt lat="54.589533" lon="-2.947458"><ele>358.0</ele></trkpt>
      <trkpt lat="54.590295" lon="-2.945089"><ele>345.0</ele></trkpt>
      <trkpt lat="54.590503" lon="-2.944828"><ele>344.0</ele></trkpt>
      <trkpt lat="54.590680" lon="-2.944730"><ele>346.0</ele></trkpt>
      <trkpt lat="54.590891" lon="-2.944100"><ele>345.0</ele></trkpt>
      <trkpt lat="54.591168" lon="-2.943548"><ele>342.0</ele></trkpt>
      <trkpt lat="54.591792" lon="-2.942801"><ele>333.0</ele></trkpt>
      <trkpt lat="54.591989" lon="-2.942018"><ele>325.0</ele></trkpt>
      <trkpt lat="54.592874" lon="-2.940870"><ele>324.0</ele></trkpt>
      <trkpt lat="54.593204" lon="-2.940002"><ele>316.0</ele></trkpt>
      <trkpt lat="54.593570" lon="-2.939299"><ele>311.0</ele></trkpt>
      <trkpt lat="54.592708" lon="-2.939483"><ele>305.0</ele></trkpt>
      <trkpt lat="54.591984" lon="-2.939847"><ele>304.0</ele></trkpt>
      <trkpt lat="54.590429" lon="-2.940128"><ele>299.0</ele></trkpt>
      <trkpt lat="54.590178" lon="-2.940287"><ele>300.0</ele></trkpt>
      <trkpt lat="54.589859" lon="-2.940610"><ele>301.0</ele></trkpt>
      <trkpt lat="54.589439" lon="-2.940677"><ele>299.0</ele></trkpt>
      <trkpt lat="54.588939" lon="-2.940627"><ele>298.0</ele></trkpt>
      <trkpt lat="54.588174" lon="-2.940673"><ele>295.0</ele></trkpt>
      <trkpt lat="54.586966" lon="-2.940848"><ele>293.0</ele></trkpt>
      <trkpt lat="54.586620" lon="-2.940814"><ele>293.0</ele></trkpt>
      <trkpt lat="54.586413" lon="-2.940936"><ele>292.0</ele></trkpt>
      <trkpt lat="54.586080" lon="-2.940940"><ele>291.0</ele></trkpt>
      <trkpt lat="54.586190" lon="-2.940600"><ele>290.0</ele></trkpt>
      <trkpt lat="54.586150" lon="-2.940690"><ele>291.0</ele></trkpt>
      <trkpt lat="54.586140" lon="-2.940510"><ele>290.0</ele></trkpt>
      <trkpt lat="54.586080" lon="-2.940400"><ele>290.0</ele></trkpt>
      <trkpt lat="54.586111" lon="-2.940092"><ele>289.0</ele></trkpt>
      <trkpt lat="54.586039" lon="-2.939758"><ele>289.0</ele></trkpt>
      <trkpt lat="54.586593" lon="-2.938076"><ele>289.0</ele></trkpt>
      <trkpt lat="54.586485" lon="-2.937569"><ele>288.0</ele></trkpt>
      <trkpt lat="54.586459" lon="-2.936978"><ele>284.0</ele></trkpt>
      <trkpt lat="54.586524" lon="-2.936583"><ele>280.0</ele></trkpt>
      <trkpt lat="54.586490" lon="-2.936153"><ele>277.0</ele></trkpt>
      <trkpt lat="54.586248" lon="-2.935235"><ele>275.0</ele></trkpt>
      <trkpt lat="54.586408" lon="-2.934659"><ele>275.0</ele></trkpt>
      <trkpt lat="54.586609" lon="-2.934439"><ele>272.0</ele></trkpt>
      <trkpt lat="54.586712" lon="-2.934001"><ele>271.0</ele></trkpt>
      <trkpt lat="54.586581" lon="-2.933268"><ele>273.0</ele></trkpt>
      <trkpt lat="54.585923" lon="-2.932330"><ele>274.0</ele></trkpt>
      <trkpt lat="54.585834" lon="-2.931760"><ele>277.0</ele></trkpt>
      <trkpt lat="54.585749" lon="-2.931543"><ele>279.0</ele></trkpt>
      <trkpt lat="54.584693" lon="-2.931117"><ele>275.0</ele></trkpt>
      <trkpt lat="54.582805" lon="-2.930033"><ele>262.0</ele></trkpt>
      <trkpt lat="54.582502" lon="-2.929833"><ele>260.0</ele></trkpt>
      <trkpt lat="54.582367" lon="-2.929658"><ele>260.0</ele></trkpt>
      <trkpt lat="54.581913" lon="-2.929615"><ele>256.0</ele></trkpt>
      <trkpt lat="54.581557" lon="-2.929811"><ele>248.0</ele></trkpt>
      <trkpt lat="54.580744" lon="-2.929567"><ele>242.0</ele></trkpt>
      <trkpt lat="54.580516" lon="-2.929390"><ele>242.0</ele></trkpt>
      <trkpt lat="54.580155" lon="-2.929328"><ele>238.0</ele></trkpt>
      <trkpt lat="54.579592" lon="-2.928962"><ele>237.0</ele></trkpt>
      <trkpt lat="54.579118" lon="-2.929176"><ele>231.0</ele></trkpt>
      <trkpt lat="54.578912" lon="-2.929647"><ele>225.0</ele></trkpt>
      <trkpt lat="54.578649" lon="-2.929888"><ele>220.0</ele></trkpt>
      <trkpt lat="54.577995" lon="-2.929980"><ele>213.0</ele></trkpt>
      <trkpt lat="54.577490" lon="-2.930216"><ele>211.0</ele></trkpt>
      <trkpt lat="54.577173" lon="-2.930122"><ele>205.0</ele></trkpt>
      <trkpt lat="54.577011" lon="-2.930215"><ele>204.0</ele></trkpt>
      <trkpt lat="54.576858" lon="-2.930662"><ele>203.0</ele></trkpt>
      <trkpt lat="54.576743" lon="-2.930295"><ele>203.0</ele></trkpt>
      <trkpt lat="54.576469" lon="-2.930348"><ele>200.0</ele></trkpt>
      <trkpt lat="54.576430" lon="-2.930561"><ele>198.0</ele></trkpt>
      <trkpt lat="54.576465" lon="-2.930873"><ele>201.0</ele></trkpt>
      <trkpt lat="54.576314" lon="-2.931020"><ele>201.0</ele></trkpt>
      <trkpt lat="54.575974" lon="-2.931635"><ele>204.0</ele></trkpt>
      <trkpt lat="54.576429" lon="-2.932235"><ele>220.0</ele></trkpt>
      <trkpt lat="54.576194" lon="-2.932917"><ele>225.0</ele></trkpt>
      <trkpt lat="54.576007" lon="-2.933739"><ele>227.0</ele></trkpt>
      <trkpt lat="54.576199" lon="-2.933872"><ele>232.0</ele></trkpt>
      <trkpt lat="54.576085" lon="-2.934105"><ele>233.0</ele></trkpt>
      <trkpt lat="54.576040" lon="-2.934415"><ele>234.0</ele></trkpt>
      <trkpt lat="54.575881" lon="-2.934862"><ele>235.0</ele></trkpt>
      <trkpt lat="54.575357" lon="-2.935880"><ele>237.0</ele></trkpt>
      <trkpt lat="54.574891" lon="-2.937447"><ele>238.0</ele></trkpt>
      <trkpt lat="54.574802" lon="-2.938421"><ele>245.0</ele></trkpt>
      <trkpt lat="54.574582" lon="-2.939553"><ele>247.0</ele></trkpt>
      <trkpt lat="54.574576" lon="-2.940283"><ele>251.0</ele></trkpt>
      <trkpt lat="54.574364" lon="-2.940407"><ele>246.0</ele></trkpt>
      <trkpt lat="54.574231" lon="-2.940693"><ele>245.0</ele></trkpt>
      <trkpt lat="54.574127" lon="-2.942086"><ele>259.0</ele></trkpt>
      <trkpt lat="54.573828" lon="-2.942937"><ele>264.0</ele></trkpt>
      <trkpt lat="54.573176" lon="-2.944468"><ele>272.0</ele></trkpt>
      <trkpt lat="54.572850" lon="-2.945501"><ele>281.0</ele></trkpt>
      <trkpt lat="54.572521" lon="-2.946276"><ele>282.0</ele></trkpt>
      <trkpt lat="54.572317" lon="-2.946915"><ele>287.0</ele></trkpt>
      <trkpt lat="54.571739" lon="-2.949230"><ele>314.0</ele></trkpt>
      <trkpt lat="54.571265" lon="-2.949969"><ele>313.0</ele></trkpt>
      <trkpt lat="54.571081" lon="-2.950426"><ele>315.0</ele></trkpt>
      <trkpt lat="54.570900" lon="-2.950583"><ele>313.0</ele></trkpt>
      <trkpt lat="54.570703" lon="-2.951082"><ele>317.0</ele></trkpt>
      <trkpt lat="54.570577" lon="-2.951305"><ele>319.0</ele></trkpt>
      <trkpt lat="54.570408" lon="-2.951462"><ele>317.0</ele></trkpt>
      <trkpt lat="54.570331" lon="-2.951685"><ele>319.0</ele></trkpt>
      <trkpt lat="54.570119" lon="-2.951831"><ele>320.0</ele></trkpt>
      <trkpt lat="54.569930" lon="-2.952158"><ele>326.0</ele></trkpt>
      <trkpt lat="54.569718" lon="-2.952228"><ele>324.0</ele></trkpt>
      <trkpt lat="54.568935" lon="-2.952940"><ele>326.0</ele></trkpt>
      <trkpt lat="54.567957" lon="-2.954666"><ele>351.0</ele></trkpt>
      <trkpt lat="54.567618" lon="-2.955098"><ele>353.0</ele></trkpt>
      <trkpt lat="54.567309" lon="-2.955638"><ele>361.0</ele></trkpt>
      <trkpt lat="54.566252" lon="-2.958006"><ele>407.0</ele></trkpt>
      <trkpt lat="54.566200" lon="-2.958295"><ele>413.0</ele></trkpt>
      <trkpt lat="54.566317" lon="-2.958437"><ele>422.0</ele></trkpt>
      <trkpt lat="54.566540" lon="-2.958474"><ele>431.0</ele></trkpt>
      <trkpt lat="54.566612" lon="-2.958916"><ele>447.0</ele></trkpt>
      <trkpt lat="54.566436" lon="-2.959845"><ele>468.0</ele></trkpt>
      <trkpt lat="54.565810" lon="-2.961097"><ele>489.0</ele></trkpt>
      <trkpt lat="54.565593" lon="-2.961886"><ele>505.0</ele></trkpt>
      <trkpt lat="54.565595" lon="-2.962336"><ele>518.0</ele></trkpt>
      <trkpt lat="54.564651" lon="-2.963730"><ele>521.0</ele></trkpt>
      <trkpt lat="54.564568" lon="-2.964061"><ele>524.0</ele></trkpt>
      <trkpt lat="54.564561" lon="-2.964951"><ele>530.0</ele></trkpt>
      <trkpt lat="54.564296" lon="-2.967735"><ele>537.0</ele></trkpt>
      <trkpt lat="54.564237" lon="-2.968087"><ele>539.0</ele></trkpt>
      <trkpt lat="54.564110" lon="-2.968449"><ele>539.0</ele></trkpt>
      <trkpt lat="54.564131" lon="-2.968965"><ele>542.0</ele></trkpt>
      <trkpt lat="54.563866" lon="-2.970171"><ele>547.0</ele></trkpt>
      <trkpt lat="54.563862" lon="-2.970643"><ele>548.0</ele></trkpt>
      <trkpt lat="54.563784" lon="-2.971092"><ele>549.0</ele></trkpt>
      <trkpt lat="54.563727" lon="-2.972045"><ele>544.0</ele></trkpt>
      <trkpt lat="54.563693" lon="-2.973890"><ele>547.0</ele></trkpt>
      <trkpt lat="54.563628" lon="-2.974221"><ele>545.0</ele></trkpt>
      <trkpt lat="54.563692" lon="-2.977882"><ele>549.0</ele></trkpt>
      <trkpt lat="54.563507" lon="-2.980742"><ele>541.0</ele></trkpt>
      <trkpt lat="54.563470" lon="-2.982308"><ele>543.0</ele></trkpt>
      <trkpt lat="54.563539" lon="-2.982985"><ele>550.0</ele></trkpt>
      <trkpt lat="54.563737" lon="-2.983162"><ele>563.0</ele></trkpt>
      <trkpt lat="54.563509" lon="-2.983586"><ele>550.0</ele></trkpt>
      <trkpt lat="54.563493" lon="-2.984100"><ele>553.0</ele></trkpt>
      <trkpt lat="54.563383" lon="-2.984559"><ele>550.0</ele></trkpt>
      <trkpt lat="54.563338" lon="-2.985459"><ele>555.0</ele></trkpt>
      <trkpt lat="54.563209" lon="-2.986079"><ele>556.0</ele></trkpt>
      <trkpt lat="54.563163" lon="-2.987086"><ele>571.0</ele></trkpt>
      <trkpt lat="54.563005" lon="-2.988155"><ele>569.0</ele></trkpt>
      <trkpt lat="54.562980" lon="-2.988959"><ele>569.0</ele></trkpt>
      <trkpt lat="54.562902" lon="-2.989408"><ele>563.0</ele></trkpt>
      <trkpt lat="54.562885" lon="-2.989987"><ele>571.0</ele></trkpt>
      <trkpt lat="54.562636" lon="-2.990700"><ele>578.0</ele></trkpt>
      <trkpt lat="54.562360" lon="-2.991069"><ele>577.0</ele></trkpt>
      <trkpt lat="54.562176" lon="-2.991494"><ele>584.0</ele></trkpt>
      <trkpt lat="54.561900" lon="-2.991777"><ele>586.0</ele></trkpt>
      <trkpt lat="54.561507" lon="-2.991842"><ele>587.0</ele></trkpt>
      <trkpt lat="54.560876" lon="-2.991473"><ele>590.0</ele></trkpt>
      <trkpt lat="54.560210" lon="-2.990706"><ele>592.0</ele></trkpt>
      <trkpt lat="54.559807" lon="-2.990470"><ele>597.0</ele></trkpt>
      <trkpt lat="54.559432" lon="-2.989936"><ele>599.0</ele></trkpt>
      <trkpt lat="54.559121" lon="-2.989145"><ele>588.0</ele></trkpt>
      <trkpt lat="54.558904" lon="-2.989107"><ele>591.0</ele></trkpt>
      <trkpt lat="54.558772" lon="-2.989254"><ele>598.0</ele></trkpt>
      <trkpt lat="54.558193" lon="-2.989369"><ele>613.0</ele></trkpt>
      <trkpt lat="54.557057" lon="-2.988955"><ele>617.0</ele></trkpt>
      <trkpt lat="54.556876" lon="-2.988990"><ele>622.5</ele></trkpt>
      <trkpt lat="54.556746" lon="-2.989115"><ele>622.0</ele></trkpt>
      <trkpt lat="54.556178" lon="-2.988157"><ele>608.3</ele></trkpt>
      <trkpt lat="54.555817" lon="-2.987655"><ele>596.3</ele></trkpt>
      <trkpt lat="54.555447" lon="-2.987267"><ele>587.5</ele></trkpt>
      <trkpt lat="54.555445" lon="-2.987133"><ele>585.8</ele></trkpt>
      <trkpt lat="54.555166" lon="-2.986943"><ele>583.8</ele></trkpt>
      <trkpt lat="54.555074" lon="-2.986600"><ele>588.5</ele></trkpt>
      <trkpt lat="54.554840" lon="-2.986148"><ele>596.0</ele></trkpt>
      <trkpt lat="54.554776" lon="-2.985631"><ele>601.5</ele></trkpt>
      <trkpt lat="54.554850" lon="-2.984403"><ele>609.3</ele></trkpt>
      <trkpt lat="54.554751" lon="-2.983565"><ele>611.3</ele></trkpt>
      <trkpt lat="54.554794" lon="-2.983205"><ele>614.0</ele></trkpt>
      <trkpt lat="54.554816" lon="-2.981686"><ele>625.3</ele></trkpt>
      <trkpt lat="54.554949" lon="-2.980453"><ele>641.0</ele></trkpt>
      <trkpt lat="54.555004" lon="-2.980348"><ele>641.0</ele></trkpt>
      <trkpt lat="54.554996" lon="-2.979695"><ele>643.3</ele></trkpt>
      <trkpt lat="54.554944" lon="-2.979553"><ele>645.0</ele></trkpt>
      <trkpt lat="54.554994" lon="-2.979382"><ele>646.3</ele></trkpt>
      <trkpt lat="54.554960" lon="-2.978933"><ele>650.0</ele></trkpt>
      <trkpt lat="54.555004" lon="-2.978731"><ele>652.5</ele></trkpt>
      <trkpt lat="54.554914" lon="-2.978331"><ele>657.3</ele></trkpt>
      <trkpt lat="54.554885" lon="-2.977769"><ele>662.5</ele></trkpt>
      <trkpt lat="54.555014" lon="-2.977090"><ele>670.8</ele></trkpt>
      <trkpt lat="54.554885" lon="-2.977769"><ele>662.5</ele></trkpt>
      <trkpt lat="54.554914" lon="-2.978331"><ele>657.3</ele></trkpt>
      <trkpt lat="54.555004" lon="-2.978731"><ele>652.5</ele></trkpt>
      <trkpt lat="54.554960" lon="-2.978933"><ele>650.0</ele></trkpt>
      <trkpt lat="54.554994" lon="-2.979382"><ele>646.3</ele></trkpt>
      <trkpt lat="54.554944" lon="-2.979553"><ele>645.0</ele></trkpt>
      <trkpt lat="54.554996" lon="-2.979695"><ele>643.3</ele></trkpt>
      <trkpt lat="54.555004" lon="-2.980348"><ele>641.0</ele></trkpt>
      <trkpt lat="54.554949" lon="-2.980453"><ele>641.0</ele></trkpt>
      <trkpt lat="54.554816" lon="-2.981686"><ele>625.3</ele></trkpt>
      <trkpt lat="54.554794" lon="-2.983205"><ele>614.0</ele></trkpt>
      <trkpt lat="54.554751" lon="-2.983565"><ele>611.3</ele></trkpt>
      <trkpt lat="54.554850" lon="-2.984403"><ele>609.3</ele></trkpt>
      <trkpt lat="54.554776" lon="-2.985631"><ele>601.5</ele></trkpt>
      <trkpt lat="54.554840" lon="-2.986148"><ele>596.0</ele></trkpt>
      <trkpt lat="54.555074" lon="-2.986600"><ele>588.5</ele></trkpt>
      <trkpt lat="54.555166" lon="-2.986943"><ele>583.8</ele></trkpt>
      <trkpt lat="54.555445" lon="-2.987133"><ele>585.8</ele></trkpt>
      <trkpt lat="54.555447" lon="-2.987267"><ele>587.5</ele></trkpt>
      <trkpt lat="54.555817" lon="-2.987655"><ele>596.3</ele></trkpt>
      <trkpt lat="54.556178" lon="-2.988157"><ele>608.3</ele></trkpt>
      <trkpt lat="54.556746" lon="-2.989115"><ele>622.0</ele></trkpt>
      <trkpt lat="54.556876" lon="-2.988990"><ele>622.5</ele></trkpt>
      <trkpt lat="54.557054" lon="-2.988974"><ele>620.8</ele></trkpt>
      <trkpt lat="54.556807" lon="-2.989121"><ele>621.0</ele></trkpt>
      <trkpt lat="54.556498" lon="-2.989693"><ele>620.0</ele></trkpt>
      <trkpt lat="54.556418" lon="-2.990324"><ele>617.0</ele></trkpt>
      <trkpt lat="54.556399" lon="-2.991139"><ele>613.0</ele></trkpt>
      <trkpt lat="54.556483" lon="-2.993040"><ele>598.0</ele></trkpt>
      <trkpt lat="54.556419" lon="-2.994004"><ele>588.0</ele></trkpt>
      <trkpt lat="54.556180" lon="-2.994996"><ele>574.0</ele></trkpt>
      <trkpt lat="54.555796" lon="-2.994815"><ele>558.0</ele></trkpt>
      <trkpt lat="54.555414" lon="-2.994355"><ele>557.0</ele></trkpt>
      <trkpt lat="54.555046" lon="-2.994507"><ele>554.0</ele></trkpt>
      <trkpt lat="54.554572" lon="-2.994582"><ele>554.0</ele></trkpt>
      <trkpt lat="54.554200" lon="-2.994433"><ele>553.0</ele></trkpt>
      <trkpt lat="54.554096" lon="-2.994248"><ele>552.0</ele></trkpt>
      <trkpt lat="54.554011" lon="-2.993935"><ele>552.0</ele></trkpt>
      <trkpt lat="54.553772" lon="-2.993543"><ele>551.0</ele></trkpt>
      <trkpt lat="54.553450" lon="-2.992516"><ele>545.0</ele></trkpt>
      <trkpt lat="54.553174" lon="-2.992026"><ele>541.0</ele></trkpt>
      <trkpt lat="54.552800" lon="-2.992146"><ele>540.0</ele></trkpt>
      <trkpt lat="54.552584" lon="-2.991926"><ele>540.0</ele></trkpt>
      <trkpt lat="54.552265" lon="-2.991392"><ele>540.0</ele></trkpt>
      <trkpt lat="54.551961" lon="-2.990548"><ele>536.0</ele></trkpt>
      <trkpt lat="54.551696" lon="-2.989458"><ele>527.0</ele></trkpt>
      <trkpt lat="54.551431" lon="-2.989086"><ele>524.0</ele></trkpt>
      <trkpt lat="54.551285" lon="-2.988707"><ele>517.0</ele></trkpt>
      <trkpt lat="54.551246" lon="-2.988148"><ele>506.0</ele></trkpt>
      <trkpt lat="54.551123" lon="-2.988017"><ele>502.0</ele></trkpt>
      <trkpt lat="54.550710" lon="-2.988243"><ele>500.0</ele></trkpt>
      <trkpt lat="54.550524" lon="-2.988184"><ele>496.0</ele></trkpt>
      <trkpt lat="54.550587" lon="-2.987263"><ele>477.0</ele></trkpt>
      <trkpt lat="54.550256" lon="-2.987437"><ele>472.0</ele></trkpt>
      <trkpt lat="54.549620" lon="-2.987615"><ele>461.0</ele></trkpt>
      <trkpt lat="54.548538" lon="-2.988994"><ele>438.0</ele></trkpt>
      <trkpt lat="54.548556" lon="-2.988319"><ele>423.0</ele></trkpt>
      <trkpt lat="54.547931" lon="-2.988701"><ele>401.0</ele></trkpt>
      <trkpt lat="54.547902" lon="-2.988432"><ele>396.0</ele></trkpt>
      <trkpt lat="54.548206" lon="-2.987001"><ele>382.0</ele></trkpt>
      <trkpt lat="54.547844" lon="-2.987057"><ele>368.0</ele></trkpt>
      <trkpt lat="54.547846" lon="-2.986134"><ele>352.0</ele></trkpt>
      <trkpt lat="54.547723" lon="-2.985133"><ele>336.0</ele></trkpt>
      <trkpt lat="54.547769" lon="-2.984855"><ele>333.0</ele></trkpt>
      <trkpt lat="54.548105" lon="-2.984059"><ele>323.0</ele></trkpt>
      <trkpt lat="54.548044" lon="-2.983907"><ele>317.0</ele></trkpt>
      <trkpt lat="54.547856" lon="-2.984063"><ele>317.0</ele></trkpt>
      <trkpt lat="54.547897" lon="-2.983721"><ele>313.0</ele></trkpt>
      <trkpt lat="54.547998" lon="-2.983488"><ele>312.0</ele></trkpt>
      <trkpt lat="54.548004" lon="-2.982704"><ele>307.0</ele></trkpt>
      <trkpt lat="54.548088" lon="-2.982320"><ele>307.0</ele></trkpt>
      <trkpt lat="54.547913" lon="-2.980234"><ele>294.0</ele></trkpt>
      <trkpt lat="54.547727" lon="-2.979275"><ele>289.0</ele></trkpt>
      <trkpt lat="54.547649" lon="-2.977438"><ele>282.0</ele></trkpt>
      <trkpt lat="54.547475" lon="-2.976629"><ele>273.0</ele></trkpt>
      <trkpt lat="54.547239" lon="-2.975057"><ele>263.0</ele></trkpt>
      <trkpt lat="54.546950" lon="-2.971595"><ele>257.0</ele></trkpt>
      <trkpt lat="54.546953" lon="-2.971155"><ele>256.0</ele></trkpt>
      <trkpt lat="54.546860" lon="-2.970391"><ele>251.0</ele></trkpt>
      <trkpt lat="54.546750" lon="-2.970109"><ele>246.0</ele></trkpt>
      <trkpt lat="54.546693" lon="-2.970269"><ele>242.0</ele></trkpt>
      <trkpt lat="54.546588" lon="-2.970084"><ele>238.0</ele></trkpt>
      <trkpt lat="54.546488" lon="-2.969341"><ele>236.0</ele></trkpt>
      <trkpt lat="54.546337" lon="-2.968844"><ele>229.0</ele></trkpt>
      <trkpt lat="54.546040" lon="-2.968612"><ele>220.0</ele></trkpt>
      <trkpt lat="54.545692" lon="-2.968582"><ele>218.0</ele></trkpt>
      <trkpt lat="54.545341" lon="-2.968069"><ele>218.0</ele></trkpt>
      <trkpt lat="54.544729" lon="-2.967497"><ele>221.0</ele></trkpt>
      <trkpt lat="54.544598" lon="-2.967257"><ele>223.0</ele></trkpt>
      <trkpt lat="54.544426" lon="-2.966126"><ele>217.0</ele></trkpt>
      <trkpt lat="54.544287" lon="-2.965630"><ele>217.0</ele></trkpt>
      <trkpt lat="54.543848" lon="-2.964921"><ele>220.0</ele></trkpt>
      <trkpt lat="54.543558" lon="-2.964657"><ele>220.0</ele></trkpt>
      <trkpt lat="54.543244" lon="-2.964220"><ele>220.0</ele></trkpt>
      <trkpt lat="54.543007" lon="-2.963453"><ele>213.0</ele></trkpt>
      <trkpt lat="54.542651" lon="-2.962812"><ele>208.0</ele></trkpt>
      <trkpt lat="54.541858" lon="-2.963147"><ele>224.0</ele></trkpt>
      <trkpt lat="54.541672" lon="-2.963078"><ele>226.0</ele></trkpt>
      <trkpt lat="54.541644" lon="-2.962680"><ele>224.0</ele></trkpt>
      <trkpt lat="54.541442" lon="-2.962338"><ele>224.0</ele></trkpt>
      <trkpt lat="54.540895" lon="-2.962218"><ele>232.0</ele></trkpt>
      <trkpt lat="54.540684" lon="-2.962062"><ele>237.0</ele></trkpt>
      <trkpt lat="54.540414" lon="-2.961595"><ele>244.0</ele></trkpt>
      <trkpt lat="54.540250" lon="-2.961044"><ele>246.0</ele></trkpt>
      <trkpt lat="54.540055" lon="-2.959751"><ele>245.0</ele></trkpt>
      <trkpt lat="54.539906" lon="-2.959007"><ele>245.0</ele></trkpt>
      <trkpt lat="54.539759" lon="-2.958596"><ele>247.0</ele></trkpt>
      <trkpt lat="54.539580" lon="-2.957659"><ele>250.0</ele></trkpt>
      <trkpt lat="54.539579" lon="-2.957015"><ele>252.0</ele></trkpt>
      <trkpt lat="54.539650" lon="-2.956662"><ele>251.0</ele></trkpt>
      <trkpt lat="54.539323" lon="-2.955582"><ele>266.0</ele></trkpt>
      <trkpt lat="54.539260" lon="-2.954904"><ele>274.0</ele></trkpt>
      <trkpt lat="54.539306" lon="-2.954573"><ele>275.0</ele></trkpt>
      <trkpt lat="54.539141" lon="-2.954247"><ele>280.0</ele></trkpt>
      <trkpt lat="54.538931" lon="-2.954006"><ele>280.0</ele></trkpt>
      <trkpt lat="54.538825" lon="-2.953971"><ele>281.0</ele></trkpt>
      <trkpt lat="54.538112" lon="-2.954395"><ele>286.0</ele></trkpt>
      <trkpt lat="54.537514" lon="-2.954477"><ele>279.0</ele></trkpt>
      <trkpt lat="54.537133" lon="-2.954683"><ele>278.0</ele></trkpt>
      <trkpt lat="54.536828" lon="-2.954654"><ele>272.0</ele></trkpt>
      <trkpt lat="54.536210" lon="-2.954887"><ele>262.0</ele></trkpt>
      <trkpt lat="54.535583" lon="-2.955451"><ele>246.0</ele></trkpt>
      <trkpt lat="54.535311" lon="-2.955917"><ele>240.0</ele></trkpt>
      <trkpt lat="54.535100" lon="-2.956674"><ele>242.0</ele></trkpt>
      <trkpt lat="54.534834" lon="-2.957301"><ele>242.0</ele></trkpt>
      <trkpt lat="54.533928" lon="-2.956035"><ele>203.0</ele></trkpt>
      <trkpt lat="54.533188" lon="-2.955181"><ele>197.0</ele></trkpt>
      <trkpt lat="54.532686" lon="-2.954901"><ele>196.0</ele></trkpt>
      <trkpt lat="54.532739" lon="-2.953679"><ele>196.0</ele></trkpt>
      <trkpt lat="54.533116" lon="-2.951670"><ele>207.0</ele></trkpt>
      <trkpt lat="54.533258" lon="-2.951030"><ele>209.0</ele></trkpt>
      <trkpt lat="54.533620" lon="-2.950169"><ele>202.0</ele></trkpt>
      <trkpt lat="54.533856" lon="-2.949424"><ele>198.0</ele></trkpt>
      <trkpt lat="54.533249" lon="-2.949034"><ele>208.0</ele></trkpt>
      <trkpt lat="54.532887" lon="-2.949186"><ele>217.0</ele></trkpt>
      <trkpt lat="54.532604" lon="-2.948751"><ele>220.0</ele></trkpt>
      <trkpt lat="54.532418" lon="-2.948585"><ele>222.0</ele></trkpt>
      <trkpt lat="54.532316" lon="-2.948111"><ele>217.0</ele></trkpt>
      <trkpt lat="54.532132" lon="-2.947817"><ele>217.0</ele></trkpt>
      <trkpt lat="54.531656" lon="-2.946518"><ele>220.0</ele></trkpt>
      <trkpt lat="54.531178" lon="-2.945606"><ele>220.0</ele></trkpt>
      <trkpt lat="54.531206" lon="-2.945145"><ele>215.0</ele></trkpt>
      <trkpt lat="54.531096" lon="-2.944896"><ele>215.0</ele></trkpt>
      <trkpt lat="54.531007" lon="-2.944293"><ele>215.0</ele></trkpt>
      <trkpt lat="54.531172" lon="-2.943900"><ele>215.0</ele></trkpt>
      <trkpt lat="54.531744" lon="-2.943226"><ele>213.0</ele></trkpt>
      <trkpt lat="54.531940" lon="-2.942888"><ele>209.0</ele></trkpt>
      <trkpt lat="54.532100" lon="-2.942344"><ele>208.0</ele></trkpt>
      <trkpt lat="54.532309" lon="-2.941888"><ele>208.0</ele></trkpt>
      <trkpt lat="54.532592" lon="-2.941529"><ele>207.0</ele></trkpt>
      <trkpt lat="54.532839" lon="-2.940988"><ele>205.0</ele></trkpt>
      <trkpt lat="54.533221" lon="-2.939838"><ele>195.0</ele></trkpt>
      <trkpt lat="54.533284" lon="-2.939024"><ele>190.0</ele></trkpt>
      <trkpt lat="54.533421" lon="-2.938211"><ele>181.0</ele></trkpt>
      <trkpt lat="54.533473" lon="-2.937097"><ele>170.0</ele></trkpt>
      <trkpt lat="54.533665" lon="-2.936393"><ele>162.0</ele></trkpt>
      <trkpt lat="54.534316" lon="-2.935936"><ele>158.0</ele></trkpt>
      <trkpt lat="54.534650" lon="-2.936190"><ele>157.0</ele></trkpt>
      <trkpt lat="54.534776" lon="-2.935238"><ele>154.0</ele></trkpt>
      <trkpt lat="54.534799" lon="-2.934735"><ele>154.0</ele></trkpt>
      <trkpt lat="54.534759" lon="-2.934251"><ele>155.0</ele></trkpt>
      <trkpt lat="54.534269" lon="-2.933231"><ele>153.0</ele></trkpt>
      <trkpt lat="54.534191" lon="-2.932886"><ele>153.0</ele></trkpt>
      <trkpt lat="54.534169" lon="-2.932457"><ele>153.0</ele></trkpt>
      <trkpt lat="54.534056" lon="-2.931757"><ele>151.0</ele></trkpt>
      <trkpt lat="54.534360" lon="-2.931088"><ele>153.0</ele></trkpt>
      <trkpt lat="54.534744" lon="-2.930549"><ele>154.0</ele></trkpt>
      <trkpt lat="54.535133" lon="-2.930182"><ele>155.0</ele></trkpt>
      <trkpt lat="54.535617" lon="-2.929518"><ele>158.0</ele></trkpt>
      <trkpt lat="54.535676" lon="-2.929218"><ele>160.0</ele></trkpt>
      <trkpt lat="54.535679" lon="-2.928779"><ele>161.0</ele></trkpt>
      <trkpt lat="54.535838" lon="-2.928299"><ele>162.0</ele></trkpt>
      <trkpt lat="54.535271" lon="-2.927546"><ele>164.0</ele></trkpt>
      <trkpt lat="54.534780" lon="-2.926709"><ele>164.0</ele></trkpt>
      <trkpt lat="54.534608" lon="-2.926319"><ele>166.0</ele></trkpt>
      <trkpt lat="54.533815" lon="-2.925893"><ele>163.0</ele></trkpt>
      <trkpt lat="54.533304" lon="-2.925892"><ele>159.0</ele></trkpt>
      <trkpt lat="54.532603" lon="-2.926466"><ele>163.0</ele></trkpt>
      <trkpt lat="54.532544" lon="-2.926797"><ele>161.0</ele></trkpt>
      <trkpt lat="54.531923" lon="-2.926601"><ele>159.0</ele></trkpt>
      <trkpt lat="54.531750" lon="-2.926404"><ele>160.0</ele></trkpt>
      <trkpt lat="54.531407" lon="-2.925752"><ele>167.0</ele></trkpt>
      <trkpt lat="54.531097" lon="-2.925552"><ele>168.0</ele></trkpt>
      <trkpt lat="54.530541" lon="-2.924981"><ele>175.0</ele></trkpt>
      <trkpt lat="54.529870" lon="-2.924741"><ele>168.0</ele></trkpt>
      <trkpt lat="54.528547" lon="-2.923509"><ele>173.0</ele></trkpt>
      <trkpt lat="54.527945" lon="-2.923217"><ele>170.0</ele></trkpt>
      <trkpt lat="54.527604" lon="-2.923144"><ele>168.0</ele></trkpt>
      <trkpt lat="54.526756" lon="-2.923179"><ele>166.0</ele></trkpt>
      <trkpt lat="54.526446" lon="-2.922916"><ele>169.0</ele></trkpt>
      <trkpt lat="54.525391" lon="-2.922420"><ele>163.0</ele></trkpt>
      <trkpt lat="54.525175" lon="-2.922200"><ele>163.0</ele></trkpt>
      <trkpt lat="54.524815" lon="-2.922020"><ele>159.0</ele></trkpt>
      <trkpt lat="54.524650" lon="-2.921705"><ele>161.0</ele></trkpt>
      <trkpt lat="54.524298" lon="-2.921332"><ele>168.0</ele></trkpt>
      <trkpt lat="54.523648" lon="-2.920814"><ele>172.0</ele></trkpt>
      <trkpt lat="54.523240" lon="-2.920364"><ele>179.0</ele></trkpt>
      <trkpt lat="54.522863" lon="-2.920055"><ele>180.0</ele></trkpt>
      <trkpt lat="54.522303" lon="-2.919978"><ele>177.0</ele></trkpt>
      <trkpt lat="54.521540" lon="-2.919532"><ele>178.0</ele></trkpt>
      <trkpt lat="54.521129" lon="-2.918782"><ele>176.0</ele></trkpt>
      <trkpt lat="54.520690" lon="-2.918279"><ele>174.0</ele></trkpt>
      <trkpt lat="54.520312" lon="-2.918034"><ele>170.0</ele></trkpt>
      <trkpt lat="54.520032" lon="-2.917974"><ele>170.0</ele></trkpt>
      <trkpt lat="54.519228" lon="-2.918053"><ele>166.0</ele></trkpt>
      <trkpt lat="54.518918" lon="-2.917906"><ele>167.0</ele></trkpt>
      <trkpt lat="54.518594" lon="-2.917888"><ele>167.0</ele></trkpt>
      <trkpt lat="54.518235" lon="-2.918513"><ele>163.0</ele></trkpt>
      <trkpt lat="54.517890" lon="-2.918849"><ele>163.0</ele></trkpt>
      <trkpt lat="54.517078" lon="-2.919142"><ele>161.0</ele></trkpt>
      <trkpt lat="54.516872" lon="-2.919105"><ele>162.0</ele></trkpt>
      <trkpt lat="54.516637" lon="-2.918928"><ele>163.0</ele></trkpt>
      <trkpt lat="54.516375" lon="-2.919051"><ele>161.0</ele></trkpt>
      <trkpt lat="54.516199" lon="-2.919261"><ele>159.0</ele></trkpt>
      <trkpt lat="54.515870" lon="-2.919930"><ele>159.0</ele></trkpt>
      <trkpt lat="54.515464" lon="-2.920039"><ele>162.0</ele></trkpt>
      <trkpt lat="54.514660" lon="-2.919778"><ele>162.0</ele></trkpt>
      <trkpt lat="54.513876" lon="-2.919621"><ele>161.0</ele></trkpt>
      <trkpt lat="54.513465" lon="-2.919612"><ele>162.0</ele></trkpt>
      <trkpt lat="54.510641" lon="-2.919141"><ele>163.0</ele></trkpt>
      <trkpt lat="54.510560" lon="-2.918312"><ele>165.0</ele></trkpt>
      <trkpt lat="54.510168" lon="-2.916598"><ele>169.0</ele></trkpt>
      <trkpt lat="54.510148" lon="-2.915953"><ele>173.0</ele></trkpt>
      <trkpt lat="54.510039" lon="-2.915533"><ele>174.0</ele></trkpt>
      <trkpt lat="54.510012" lon="-2.915060"><ele>175.0</ele></trkpt>
      <trkpt lat="54.510082" lon="-2.914761"><ele>178.0</ele></trkpt>
      <trkpt lat="54.509801" lon="-2.914122"><ele>181.0</ele></trkpt>
      <trkpt lat="54.509766" lon="-2.913713"><ele>185.0</ele></trkpt>
      <trkpt lat="54.509569" lon="-2.913473"><ele>185.0</ele></trkpt>
      <trkpt lat="54.509379" lon="-2.913082"><ele>185.0</ele></trkpt>
      <trkpt lat="54.508964" lon="-2.912751"><ele>182.0</ele></trkpt>
      <trkpt lat="54.508793" lon="-2.912232"><ele>182.0</ele></trkpt>
      <trkpt lat="54.508772" lon="-2.911727"><ele>185.0</ele></trkpt>
      <trkpt lat="54.508433" lon="-2.910443"><ele>190.0</ele></trkpt>
      <trkpt lat="54.508154" lon="-2.908612"><ele>200.0</ele></trkpt>
      <trkpt lat="54.507735" lon="-2.906393"><ele>210.0</ele></trkpt>
      <trkpt lat="54.507706" lon="-2.905308"><ele>217.0</ele></trkpt>
      <trkpt lat="54.507784" lon="-2.904881"><ele>221.0</ele></trkpt>
      <trkpt lat="54.507792" lon="-2.903819"><ele>224.0</ele></trkpt>
      <trkpt lat="54.507983" lon="-2.903201"><ele>229.0</ele></trkpt>
      <trkpt lat="54.508131" lon="-2.902517"><ele>233.0</ele></trkpt>
      <trkpt lat="54.507846" lon="-2.902350"><ele>231.0</ele></trkpt>
      <trkpt lat="54.507899" lon="-2.901890"><ele>237.0</ele></trkpt>
      <trkpt lat="54.507841" lon="-2.901341"><ele>246.0</ele></trkpt>
      <trkpt lat="54.507916" lon="-2.899669"><ele>265.0</ele></trkpt>
      <trkpt lat="54.508007" lon="-2.899124"><ele>273.0</ele></trkpt>
      <trkpt lat="54.508000" lon="-2.898469"><ele>287.0</ele></trkpt>
      <trkpt lat="54.508176" lon="-2.897422"><ele>300.0</ele></trkpt>
      <trkpt lat="54.508153" lon="-2.896316"><ele>319.0</ele></trkpt>
      <trkpt lat="54.508263" lon="-2.895803"><ele>322.0</ele></trkpt>
      <trkpt lat="54.508311" lon="-2.895161"><ele>325.0</ele></trkpt>
      <trkpt lat="54.508283" lon="-2.892993"><ele>325.0</ele></trkpt>
      <trkpt lat="54.508163" lon="-2.892507"><ele>335.0</ele></trkpt>
      <trkpt lat="54.508180" lon="-2.891896"><ele>342.0</ele></trkpt>
      <trkpt lat="54.508118" lon="-2.890929"><ele>354.0</ele></trkpt>
      <trkpt lat="54.508184" lon="-2.890479"><ele>358.0</ele></trkpt>
      <trkpt lat="54.507726" lon="-2.889203"><ele>374.0</ele></trkpt>
      <trkpt lat="54.507252" lon="-2.888410"><ele>394.0</ele></trkpt>
      <trkpt lat="54.507156" lon="-2.887893"><ele>399.0</ele></trkpt>
      <trkpt lat="54.506839" lon="-2.886995"><ele>409.0</ele></trkpt>
      <trkpt lat="54.506991" lon="-2.886623"><ele>411.0</ele></trkpt>
      <trkpt lat="54.506950" lon="-2.886311"><ele>415.0</ele></trkpt>
      <trkpt lat="54.506728" lon="-2.885941"><ele>417.0</ele></trkpt>
      <trkpt lat="54.506521" lon="-2.885368"><ele>424.0</ele></trkpt>
      <trkpt lat="54.506450" lon="-2.884830"><ele>429.0</ele></trkpt>
      <trkpt lat="54.506394" lon="-2.885260"><ele>425.3</ele></trkpt>
      <trkpt lat="54.505673" lon="-2.883899"><ele>427.0</ele></trkpt>
      <trkpt lat="54.505589" lon="-2.883978"><ele>425.5</ele></trkpt>
      <trkpt lat="54.505673" lon="-2.883899"><ele>427.0</ele></trkpt>
      <trkpt lat="54.506394" lon="-2.885260"><ele>425.3</ele></trkpt>
      <trkpt lat="54.506427" lon="-2.884817"><ele>430.8</ele></trkpt>
      <trkpt lat="54.506684" lon="-2.884406"><ele>440.0</ele></trkpt>
      <trkpt lat="54.507078" lon="-2.884071"><ele>451.0</ele></trkpt>
      <trkpt lat="54.507397" lon="-2.884014"><ele>460.0</ele></trkpt>
      <trkpt lat="54.507722" lon="-2.883860"><ele>469.0</ele></trkpt>
      <trkpt lat="54.508488" lon="-2.882975"><ele>494.0</ele></trkpt>
      <trkpt lat="54.508769" lon="-2.881994"><ele>514.0</ele></trkpt>
      <trkpt lat="54.509003" lon="-2.881613"><ele>524.0</ele></trkpt>
      <trkpt lat="54.509411" lon="-2.880259"><ele>551.0</ele></trkpt>
      <trkpt lat="54.509363" lon="-2.880086"><ele>555.0</ele></trkpt>
      <trkpt lat="54.509516" lon="-2.879617"><ele>563.0</ele></trkpt>
      <trkpt lat="54.509532" lon="-2.878826"><ele>575.5</ele></trkpt>
      <trkpt lat="54.509734" lon="-2.879202"><ele>569.3</ele></trkpt>
      <trkpt lat="54.510011" lon="-2.880046"><ele>557.3</ele></trkpt>
      <trkpt lat="54.510107" lon="-2.880216"><ele>554.8</ele></trkpt>
      <trkpt lat="54.510195" lon="-2.880187"><ele>555.3</ele></trkpt>
      <trkpt lat="54.510278" lon="-2.880297"><ele>553.8</ele></trkpt>
      <trkpt lat="54.510397" lon="-2.880621"><ele>552.3</ele></trkpt>
      <trkpt lat="54.510887" lon="-2.879931"><ele>567.3</ele></trkpt>
      <trkpt lat="54.511515" lon="-2.879496"><ele>584.0</ele></trkpt>
      <trkpt lat="54.512001" lon="-2.879067"><ele>598.8</ele></trkpt>
      <trkpt lat="54.512617" lon="-2.878788"><ele>620.8</ele></trkpt>
      <trkpt lat="54.512793" lon="-2.878568"><ele>628.0</ele></trkpt>
      <trkpt lat="54.513016" lon="-2.878563"><ele>635.5</ele></trkpt>
      <trkpt lat="54.513086" lon="-2.878686"><ele>638.3</ele></trkpt>
      <trkpt lat="54.513346" lon="-2.878617"><ele>648.3</ele></trkpt>
      <trkpt lat="54.513792" lon="-2.878176"><ele>664.5</ele></trkpt>
      <trkpt lat="54.514734" lon="-2.877996"><ele>690.8</ele></trkpt>
      <trkpt lat="54.514807" lon="-2.878103"><ele>692.3</ele></trkpt>
      <trkpt lat="54.514939" lon="-2.878084"><ele>694.8</ele></trkpt>
      <trkpt lat="54.515461" lon="-2.877873"><ele>691.8</ele></trkpt>
      <trkpt lat="54.514939" lon="-2.878084"><ele>694.8</ele></trkpt>
      <trkpt lat="54.514807" lon="-2.878103"><ele>692.3</ele></trkpt>
      <trkpt lat="54.514734" lon="-2.877996"><ele>690.8</ele></trkpt>
      <trkpt lat="54.513792" lon="-2.878176"><ele>664.5</ele></trkpt>
      <trkpt lat="54.513346" lon="-2.878617"><ele>648.3</ele></trkpt>
      <trkpt lat="54.513086" lon="-2.878686"><ele>638.3</ele></trkpt>
      <trkpt lat="54.513016" lon="-2.878563"><ele>635.5</ele></trkpt>
      <trkpt lat="54.512793" lon="-2.878568"><ele>628.0</ele></trkpt>
      <trkpt lat="54.512617" lon="-2.878788"><ele>620.8</ele></trkpt>
      <trkpt lat="54.512001" lon="-2.879067"><ele>598.8</ele></trkpt>
      <trkpt lat="54.511515" lon="-2.879496"><ele>584.0</ele></trkpt>
      <trkpt lat="54.510887" lon="-2.879931"><ele>567.3</ele></trkpt>
      <trkpt lat="54.510397" lon="-2.880621"><ele>552.3</ele></trkpt>
      <trkpt lat="54.510278" lon="-2.880297"><ele>553.8</ele></trkpt>
      <trkpt lat="54.510195" lon="-2.880187"><ele>555.3</ele></trkpt>
      <trkpt lat="54.510107" lon="-2.880216"><ele>554.8</ele></trkpt>
      <trkpt lat="54.510011" lon="-2.880046"><ele>557.3</ele></trkpt>
      <trkpt lat="54.509734" lon="-2.879202"><ele>569.3</ele></trkpt>
      <trkpt lat="54.509532" lon="-2.878826"><ele>575.5</ele></trkpt>
      <trkpt lat="54.509531" lon="-2.878933"><ele>573.8</ele></trkpt>
      <trkpt lat="54.509381" lon="-2.878402"><ele>578.0</ele></trkpt>
      <trkpt lat="54.508728" lon="-2.877444"><ele>590.0</ele></trkpt>
      <trkpt lat="54.508589" lon="-2.876872"><ele>598.0</ele></trkpt>
      <trkpt lat="54.508010" lon="-2.875883"><ele>622.0</ele></trkpt>
      <trkpt lat="54.507759" lon="-2.875256"><ele>629.0</ele></trkpt>
      <trkpt lat="54.507762" lon="-2.874880"><ele>635.0</ele></trkpt>
      <trkpt lat="54.507614" lon="-2.874652"><ele>644.0</ele></trkpt>
      <trkpt lat="54.507899" lon="-2.873252"><ele>661.0</ele></trkpt>
      <trkpt lat="54.507852" lon="-2.871964"><ele>685.0</ele></trkpt>
      <trkpt lat="54.507770" lon="-2.871211"><ele>693.0</ele></trkpt>
      <trkpt lat="54.507459" lon="-2.870313"><ele>703.0</ele></trkpt>
      <trkpt lat="54.507338" lon="-2.869817"><ele>708.0</ele></trkpt>
      <trkpt lat="54.507141" lon="-2.869523"><ele>713.0</ele></trkpt>
      <trkpt lat="54.506840" lon="-2.869381"><ele>718.3</ele></trkpt>
      <trkpt lat="54.506237" lon="-2.869515"><ele>724.8</ele></trkpt>
      <trkpt lat="54.506225" lon="-2.869356"><ele>725.3</ele></trkpt>
      <trkpt lat="54.506361" lon="-2.868264"><ele>735.0</ele></trkpt>
      <trkpt lat="54.506579" lon="-2.867067"><ele>749.5</ele></trkpt>
      <trkpt lat="54.506554" lon="-2.866473"><ele>758.0</ele></trkpt>
      <trkpt lat="54.506591" lon="-2.866252"><ele>760.8</ele></trkpt>
      <trkpt lat="54.506993" lon="-2.865158"><ele>770.0</ele></trkpt>
      <trkpt lat="54.507091" lon="-2.864064"><ele>780.3</ele></trkpt>
      <trkpt lat="54.507198" lon="-2.863409"><ele>786.5</ele></trkpt>
      <trkpt lat="54.507119" lon="-2.862825"><ele>789.8</ele></trkpt>
      <trkpt lat="54.507411" lon="-2.862387"><ele>791.3</ele></trkpt>
      <trkpt lat="54.507529" lon="-2.862028"><ele>791.3</ele></trkpt>
      <trkpt lat="54.507514" lon="-2.861742"><ele>791.8</ele></trkpt>
      <trkpt lat="54.507529" lon="-2.862028"><ele>791.3</ele></trkpt>
      <trkpt lat="54.507411" lon="-2.862387"><ele>791.3</ele></trkpt>
      <trkpt lat="54.507119" lon="-2.862825"><ele>789.8</ele></trkpt>
      <trkpt lat="54.507198" lon="-2.863409"><ele>786.5</ele></trkpt>
      <trkpt lat="54.507091" lon="-2.864064"><ele>780.3</ele></trkpt>
      <trkpt lat="54.506993" lon="-2.865158"><ele>770.0</ele></trkpt>
      <trkpt lat="54.506591" lon="-2.866252"><ele>760.8</ele></trkpt>
      <trkpt lat="54.506554" lon="-2.866473"><ele>758.0</ele></trkpt>
      <trkpt lat="54.506579" lon="-2.867067"><ele>749.5</ele></trkpt>
      <trkpt lat="54.506361" lon="-2.868264"><ele>735.0</ele></trkpt>
      <trkpt lat="54.506225" lon="-2.869356"><ele>725.3</ele></trkpt>
      <trkpt lat="54.506237" lon="-2.869515"><ele>724.8</ele></trkpt>
      <trkpt lat="54.506849" lon="-2.869385"><ele>718.0</ele></trkpt>
      <trkpt lat="54.506237" lon="-2.869515"><ele>724.8</ele></trkpt>
      <trkpt lat="54.506225" lon="-2.869356"><ele>725.3</ele></trkpt>
      <trkpt lat="54.506361" lon="-2.868264"><ele>735.0</ele></trkpt>
      <trkpt lat="54.506579" lon="-2.867067"><ele>749.5</ele></trkpt>
      <trkpt lat="54.506554" lon="-2.866473"><ele>758.0</ele></trkpt>
      <trkpt lat="54.506591" lon="-2.866252"><ele>760.8</ele></trkpt>
      <trkpt lat="54.506993" lon="-2.865158"><ele>770.0</ele></trkpt>
      <trkpt lat="54.507091" lon="-2.864064"><ele>780.3</ele></trkpt>
      <trkpt lat="54.507198" lon="-2.863409"><ele>786.5</ele></trkpt>
      <trkpt lat="54.507119" lon="-2.862825"><ele>789.8</ele></trkpt>
      <trkpt lat="54.507411" lon="-2.862387"><ele>791.3</ele></trkpt>
      <trkpt lat="54.507612" lon="-2.861763"><ele>790.8</ele></trkpt>
      <trkpt lat="54.508232" lon="-2.860785"><ele>789.5</ele></trkpt>
      <trkpt lat="54.508360" lon="-2.860376"><ele>786.8</ele></trkpt>
      <trkpt lat="54.508672" lon="-2.859775"><ele>775.3</ele></trkpt>
      <trkpt lat="54.508879" lon="-2.859522"><ele>770.8</ele></trkpt>
      <trkpt lat="54.508922" lon="-2.859129"><ele>768.5</ele></trkpt>
      <trkpt lat="54.509957" lon="-2.857357"><ele>751.0</ele></trkpt>
      <trkpt lat="54.510604" lon="-2.856720"><ele>754.5</ele></trkpt>
      <trkpt lat="54.511527" lon="-2.856097"><ele>768.0</ele></trkpt>
      <trkpt lat="54.512263" lon="-2.855696"><ele>779.8</ele></trkpt>
      <trkpt lat="54.512831" lon="-2.855036"><ele>788.5</ele></trkpt>
      <trkpt lat="54.512965" lon="-2.854695"><ele>794.5</ele></trkpt>
      <trkpt lat="54.513504" lon="-2.854745"><ele>796.5</ele></trkpt>
      <trkpt lat="54.513836" lon="-2.854520"><ele>794.3</ele></trkpt>
      <trkpt lat="54.513504" lon="-2.854745"><ele>796.5</ele></trkpt>
      <trkpt lat="54.512965" lon="-2.854695"><ele>794.5</ele></trkpt>
      <trkpt lat="54.512831" lon="-2.855036"><ele>788.5</ele></trkpt>
      <trkpt lat="54.512263" lon="-2.855696"><ele>779.8</ele></trkpt>
      <trkpt lat="54.511527" lon="-2.856097"><ele>768.0</ele></trkpt>
      <trkpt lat="54.510604" lon="-2.856720"><ele>754.5</ele></trkpt>
      <trkpt lat="54.509957" lon="-2.857357"><ele>751.0</ele></trkpt>
      <trkpt lat="54.508922" lon="-2.859129"><ele>768.5</ele></trkpt>
      <trkpt lat="54.508879" lon="-2.859522"><ele>770.8</ele></trkpt>
      <trkpt lat="54.508672" lon="-2.859775"><ele>775.3</ele></trkpt>
      <trkpt lat="54.508360" lon="-2.860376"><ele>786.8</ele></trkpt>
      <trkpt lat="54.508232" lon="-2.860785"><ele>789.5</ele></trkpt>
      <trkpt lat="54.507612" lon="-2.861763"><ele>790.8</ele></trkpt>
      <trkpt lat="54.507411" lon="-2.862387"><ele>791.3</ele></trkpt>
      <trkpt lat="54.507119" lon="-2.862825"><ele>789.8</ele></trkpt>
      <trkpt lat="54.507198" lon="-2.863409"><ele>786.5</ele></trkpt>
      <trkpt lat="54.507091" lon="-2.864064"><ele>780.3</ele></trkpt>
      <trkpt lat="54.506993" lon="-2.865158"><ele>770.0</ele></trkpt>
      <trkpt lat="54.506591" lon="-2.866252"><ele>760.8</ele></trkpt>
      <trkpt lat="54.506554" lon="-2.866473"><ele>758.0</ele></trkpt>
      <trkpt lat="54.506579" lon="-2.867067"><ele>749.5</ele></trkpt>
      <trkpt lat="54.506361" lon="-2.868264"><ele>735.0</ele></trkpt>
      <trkpt lat="54.506225" lon="-2.869356"><ele>725.3</ele></trkpt>
      <trkpt lat="54.506237" lon="-2.869515"><ele>724.8</ele></trkpt>
      <trkpt lat="54.506840" lon="-2.869381"><ele>718.3</ele></trkpt>
      <trkpt lat="54.507131" lon="-2.869552"><ele>713.3</ele></trkpt>
      <trkpt lat="54.506855" lon="-2.869345"><ele>718.0</ele></trkpt>
      <trkpt lat="54.506057" lon="-2.869436"><ele>726.0</ele></trkpt>
      <trkpt lat="54.504659" lon="-2.868934"><ele>736.0</ele></trkpt>
      <trkpt lat="54.504020" lon="-2.868598"><ele>737.0</ele></trkpt>
      <trkpt lat="54.503357" lon="-2.868048"><ele>736.0</ele></trkpt>
      <trkpt lat="54.503042" lon="-2.867644"><ele>733.0</ele></trkpt>
      <trkpt lat="54.501928" lon="-2.866601"><ele>707.0</ele></trkpt>
      <trkpt lat="54.501891" lon="-2.866718"><ele>715.8</ele></trkpt>
      <trkpt lat="54.502046" lon="-2.866862"><ele>719.5</ele></trkpt>
      <trkpt lat="54.502708" lon="-2.866927"><ele>737.3</ele></trkpt>
      <trkpt lat="54.503347" lon="-2.866141"><ele>753.0</ele></trkpt>
      <trkpt lat="54.503772" lon="-2.865982"><ele>755.3</ele></trkpt>
      <trkpt lat="54.504065" lon="-2.866061"><ele>756.5</ele></trkpt>
      <trkpt lat="54.504483" lon="-2.865982"><ele>759.5</ele></trkpt>
      <trkpt lat="54.505446" lon="-2.864664"><ele>774.3</ele></trkpt>
      <trkpt lat="54.505725" lon="-2.863850"><ele>777.5</ele></trkpt>
      <trkpt lat="54.506149" lon="-2.863048"><ele>779.5</ele></trkpt>
      <trkpt lat="54.506405" lon="-2.862259"><ele>780.5</ele></trkpt>
      <trkpt lat="54.506554" lon="-2.861633"><ele>782.3</ele></trkpt>
      <trkpt lat="54.506598" lon="-2.860556"><ele>782.0</ele></trkpt>
      <trkpt lat="54.506727" lon="-2.859827"><ele>780.3</ele></trkpt>
      <trkpt lat="54.506731" lon="-2.859581"><ele>779.3</ele></trkpt>
      <trkpt lat="54.506597" lon="-2.858255"><ele>769.0</ele></trkpt>
      <trkpt lat="54.506447" lon="-2.857415"><ele>764.8</ele></trkpt>
      <trkpt lat="54.506462" lon="-2.857113"><ele>765.3</ele></trkpt>
      <trkpt lat="54.506411" lon="-2.856830"><ele>765.3</ele></trkpt>
      <trkpt lat="54.506272" lon="-2.856436"><ele>767.0</ele></trkpt>
      <trkpt lat="54.505999" lon="-2.856254"><ele>770.3</ele></trkpt>
      <trkpt lat="54.505948" lon="-2.855973"><ele>772.8</ele></trkpt>
      <trkpt lat="54.505827" lon="-2.855670"><ele>774.8</ele></trkpt>
      <trkpt lat="54.505812" lon="-2.855454"><ele>776.0</ele></trkpt>
      <trkpt lat="54.505827" lon="-2.855670"><ele>774.8</ele></trkpt>
      <trkpt lat="54.505948" lon="-2.855973"><ele>772.8</ele></trkpt>
      <trkpt lat="54.505999" lon="-2.856254"><ele>770.3</ele></trkpt>
      <trkpt lat="54.506272" lon="-2.856436"><ele>767.0</ele></trkpt>
      <trkpt lat="54.506462" lon="-2.857113"><ele>765.3</ele></trkpt>
      <trkpt lat="54.506447" lon="-2.857415"><ele>764.8</ele></trkpt>
      <trkpt lat="54.506597" lon="-2.858255"><ele>769.0</ele></trkpt>
      <trkpt lat="54.506731" lon="-2.859581"><ele>779.3</ele></trkpt>
      <trkpt lat="54.506727" lon="-2.859827"><ele>780.3</ele></trkpt>
      <trkpt lat="54.506598" lon="-2.860556"><ele>782.0</ele></trkpt>
      <trkpt lat="54.506554" lon="-2.861633"><ele>782.3</ele></trkpt>
      <trkpt lat="54.506405" lon="-2.862259"><ele>780.5</ele></trkpt>
      <trkpt lat="54.506149" lon="-2.863048"><ele>779.5</ele></trkpt>
      <trkpt lat="54.505725" lon="-2.863850"><ele>777.5</ele></trkpt>
      <trkpt lat="54.505446" lon="-2.864664"><ele>774.3</ele></trkpt>
      <trkpt lat="54.504483" lon="-2.865982"><ele>759.5</ele></trkpt>
      <trkpt lat="54.504065" lon="-2.866061"><ele>756.5</ele></trkpt>
      <trkpt lat="54.503772" lon="-2.865982"><ele>755.3</ele></trkpt>
      <trkpt lat="54.503347" lon="-2.866141"><ele>753.0</ele></trkpt>
      <trkpt lat="54.502708" lon="-2.866927"><ele>737.3</ele></trkpt>
      <trkpt lat="54.502046" lon="-2.866862"><ele>719.5</ele></trkpt>
      <trkpt lat="54.501891" lon="-2.866718"><ele>715.8</ele></trkpt>
      <trkpt lat="54.500716" lon="-2.866253"><ele>714.0</ele></trkpt>
      <trkpt lat="54.499981" lon="-2.865358"><ele>732.0</ele></trkpt>
      <trkpt lat="54.498885" lon="-2.865227"><ele>740.0</ele></trkpt>
      <trkpt lat="54.498336" lon="-2.865334"><ele>745.0</ele></trkpt>
      <trkpt lat="54.496592" lon="-2.864406"><ele>787.0</ele></trkpt>
      <trkpt lat="54.494890" lon="-2.863619"><ele>813.0</ele></trkpt>
      <trkpt lat="54.493587" lon="-2.863666"><ele>822.0</ele></trkpt>
      <trkpt lat="54.492768" lon="-2.864024"><ele>827.0</ele></trkpt>
      <trkpt lat="54.491784" lon="-2.864862"><ele>827.0</ele></trkpt>
      <trkpt lat="54.491647" lon="-2.864784"><ele>827.0</ele></trkpt>
      <trkpt lat="54.490411" lon="-2.865112"><ele>823.0</ele></trkpt>
      <trkpt lat="54.490419" lon="-2.865184"><ele>824.0</ele></trkpt>
      <trkpt lat="54.491658" lon="-2.864861"><ele>828.0</ele></trkpt>
      <trkpt lat="54.491750" lon="-2.864753"><ele>828.0</ele></trkpt>
      <trkpt lat="54.491654" lon="-2.864688"><ele>827.8</ele></trkpt>
      <trkpt lat="54.491798" lon="-2.864378"><ele>827.8</ele></trkpt>
      <trkpt lat="54.492233" lon="-2.862906"><ele>824.8</ele></trkpt>
      <trkpt lat="54.493324" lon="-2.862022"><ele>820.3</ele></trkpt>
      <trkpt lat="54.493638" lon="-2.861662"><ele>816.5</ele></trkpt>
      <trkpt lat="54.493693" lon="-2.861284"><ele>804.3</ele></trkpt>
      <trkpt lat="54.493828" lon="-2.861169"><ele>798.0</ele></trkpt>
      <trkpt lat="54.493872" lon="-2.860892"><ele>790.8</ele></trkpt>
      <trkpt lat="54.493827" lon="-2.860621"><ele>783.0</ele></trkpt>
      <trkpt lat="54.493830" lon="-2.860085"><ele>772.3</ele></trkpt>
      <trkpt lat="54.493685" lon="-2.859919"><ele>769.0</ele></trkpt>
      <trkpt lat="54.493710" lon="-2.859846"><ele>767.5</ele></trkpt>
      <trkpt lat="54.493646" lon="-2.859677"><ele>765.0</ele></trkpt>
      <trkpt lat="54.493679" lon="-2.859667"><ele>764.0</ele></trkpt>
      <trkpt lat="54.493582" lon="-2.859484"><ele>757.8</ele></trkpt>
      <trkpt lat="54.493543" lon="-2.859267"><ele>747.5</ele></trkpt>
      <trkpt lat="54.493635" lon="-2.858771"><ele>738.3</ele></trkpt>
      <trkpt lat="54.493609" lon="-2.858717"><ele>738.5</ele></trkpt>
      <trkpt lat="54.493730" lon="-2.858374"><ele>721.8</ele></trkpt>
      <trkpt lat="54.493669" lon="-2.858226"><ele>719.8</ele></trkpt>
      <trkpt lat="54.493753" lon="-2.857985"><ele>712.3</ele></trkpt>
      <trkpt lat="54.493794" lon="-2.856936"><ele>700.8</ele></trkpt>
      <trkpt lat="54.493845" lon="-2.856649"><ele>696.8</ele></trkpt>
      <trkpt lat="54.493933" lon="-2.856482"><ele>694.0</ele></trkpt>
      <trkpt lat="54.493887" lon="-2.856121"><ele>689.0</ele></trkpt>
      <trkpt lat="54.493944" lon="-2.855855"><ele>682.0</ele></trkpt>
      <trkpt lat="54.493877" lon="-2.855627"><ele>680.5</ele></trkpt>
      <trkpt lat="54.493885" lon="-2.855317"><ele>672.0</ele></trkpt>
      <trkpt lat="54.493764" lon="-2.855201"><ele>661.0</ele></trkpt>
      <trkpt lat="54.493809" lon="-2.854819"><ele>652.5</ele></trkpt>
      <trkpt lat="54.493717" lon="-2.854792"><ele>649.8</ele></trkpt>
      <trkpt lat="54.493725" lon="-2.854441"><ele>644.8</ele></trkpt>
      <trkpt lat="54.493765" lon="-2.854273"><ele>640.5</ele></trkpt>
      <trkpt lat="54.493905" lon="-2.854187"><ele>638.8</ele></trkpt>
      <trkpt lat="54.493955" lon="-2.854067"><ele>634.0</ele></trkpt>
      <trkpt lat="54.493823" lon="-2.853636"><ele>627.5</ele></trkpt>
      <trkpt lat="54.493645" lon="-2.853287"><ele>616.8</ele></trkpt>
      <trkpt lat="54.493597" lon="-2.853026"><ele>611.0</ele></trkpt>
      <trkpt lat="54.493394" lon="-2.852640"><ele>600.3</ele></trkpt>
      <trkpt lat="54.493173" lon="-2.852422"><ele>593.3</ele></trkpt>
      <trkpt lat="54.492434" lon="-2.851435"><ele>565.0</ele></trkpt>
      <trkpt lat="54.492357" lon="-2.851259"><ele>562.0</ele></trkpt>
      <trkpt lat="54.491730" lon="-2.850575"><ele>539.3</ele></trkpt>
      <trkpt lat="54.491518" lon="-2.850074"><ele>530.8</ele></trkpt>
      <trkpt lat="54.491421" lon="-2.849697"><ele>526.3</ele></trkpt>
      <trkpt lat="54.491326" lon="-2.849568"><ele>523.3</ele></trkpt>
      <trkpt lat="54.491073" lon="-2.849409"><ele>520.8</ele></trkpt>
      <trkpt lat="54.490948" lon="-2.849468"><ele>518.3</ele></trkpt>
      <trkpt lat="54.490877" lon="-2.849427"><ele>516.5</ele></trkpt>
      <trkpt lat="54.490685" lon="-2.848976"><ele>502.5</ele></trkpt>
      <trkpt lat="54.490350" lon="-2.848690"><ele>495.0</ele></trkpt>
      <trkpt lat="54.490190" lon="-2.848205"><ele>490.8</ele></trkpt>
      <trkpt lat="54.490067" lon="-2.848053"><ele>486.5</ele></trkpt>
      <trkpt lat="54.489984" lon="-2.848048"><ele>485.0</ele></trkpt>
      <trkpt lat="54.490093" lon="-2.848583"><ele>488.3</ele></trkpt>
      <trkpt lat="54.490208" lon="-2.848926"><ele>490.3</ele></trkpt>
      <trkpt lat="54.490386" lon="-2.849230"><ele>493.3</ele></trkpt>
      <trkpt lat="54.490507" lon="-2.849759"><ele>493.8</ele></trkpt>
      <trkpt lat="54.490614" lon="-2.850017"><ele>493.5</ele></trkpt>
      <trkpt lat="54.490643" lon="-2.850264"><ele>491.8</ele></trkpt>
      <trkpt lat="54.490948" lon="-2.851099"><ele>494.8</ele></trkpt>
      <trkpt lat="54.490978" lon="-2.851956"><ele>490.0</ele></trkpt>
      <trkpt lat="54.490948" lon="-2.851099"><ele>494.8</ele></trkpt>
      <trkpt lat="54.490643" lon="-2.850264"><ele>491.8</ele></trkpt>
      <trkpt lat="54.490614" lon="-2.850017"><ele>493.5</ele></trkpt>
      <trkpt lat="54.490507" lon="-2.849759"><ele>493.8</ele></trkpt>
      <trkpt lat="54.490386" lon="-2.849230"><ele>493.3</ele></trkpt>
      <trkpt lat="54.490208" lon="-2.848926"><ele>490.3</ele></trkpt>
      <trkpt lat="54.490093" lon="-2.848583"><ele>488.3</ele></trkpt>
      <trkpt lat="54.489984" lon="-2.848048"><ele>485.0</ele></trkpt>
      <trkpt lat="54.490067" lon="-2.848053"><ele>486.5</ele></trkpt>
      <trkpt lat="54.490190" lon="-2.848205"><ele>490.8</ele></trkpt>
      <trkpt lat="54.490350" lon="-2.848690"><ele>495.0</ele></trkpt>
      <trkpt lat="54.490685" lon="-2.848976"><ele>502.5</ele></trkpt>
      <trkpt lat="54.490877" lon="-2.849427"><ele>516.5</ele></trkpt>
      <trkpt lat="54.490948" lon="-2.849468"><ele>518.3</ele></trkpt>
      <trkpt lat="54.491073" lon="-2.849409"><ele>520.8</ele></trkpt>
      <trkpt lat="54.491326" lon="-2.849568"><ele>523.3</ele></trkpt>
      <trkpt lat="54.491421" lon="-2.849697"><ele>526.3</ele></trkpt>
      <trkpt lat="54.491518" lon="-2.850074"><ele>530.8</ele></trkpt>
      <trkpt lat="54.491730" lon="-2.850575"><ele>539.3</ele></trkpt>
      <trkpt lat="54.492357" lon="-2.851259"><ele>562.0</ele></trkpt>
      <trkpt lat="54.492434" lon="-2.851435"><ele>565.0</ele></trkpt>
      <trkpt lat="54.493173" lon="-2.852422"><ele>593.3</ele></trkpt>
      <trkpt lat="54.493394" lon="-2.852640"><ele>600.3</ele></trkpt>
      <trkpt lat="54.493597" lon="-2.853026"><ele>611.0</ele></trkpt>
      <trkpt lat="54.493645" lon="-2.853287"><ele>616.8</ele></trkpt>
      <trkpt lat="54.493823" lon="-2.853636"><ele>627.5</ele></trkpt>
      <trkpt lat="54.493955" lon="-2.854067"><ele>634.0</ele></trkpt>
      <trkpt lat="54.493905" lon="-2.854187"><ele>638.8</ele></trkpt>
      <trkpt lat="54.493765" lon="-2.854273"><ele>640.5</ele></trkpt>
      <trkpt lat="54.493725" lon="-2.854441"><ele>644.8</ele></trkpt>
      <trkpt lat="54.493717" lon="-2.854792"><ele>649.8</ele></trkpt>
      <trkpt lat="54.493809" lon="-2.854819"><ele>652.5</ele></trkpt>
      <trkpt lat="54.493764" lon="-2.855201"><ele>661.0</ele></trkpt>
      <trkpt lat="54.493885" lon="-2.855317"><ele>672.0</ele></trkpt>
      <trkpt lat="54.493877" lon="-2.855627"><ele>680.5</ele></trkpt>
      <trkpt lat="54.493944" lon="-2.855855"><ele>682.0</ele></trkpt>
      <trkpt lat="54.493887" lon="-2.856121"><ele>689.0</ele></trkpt>
      <trkpt lat="54.493933" lon="-2.856482"><ele>694.0</ele></trkpt>
      <trkpt lat="54.493845" lon="-2.856649"><ele>696.8</ele></trkpt>
      <trkpt lat="54.493794" lon="-2.856936"><ele>700.8</ele></trkpt>
      <trkpt lat="54.493753" lon="-2.857985"><ele>712.3</ele></trkpt>
      <trkpt lat="54.493669" lon="-2.858226"><ele>719.8</ele></trkpt>
      <trkpt lat="54.493730" lon="-2.858374"><ele>721.8</ele></trkpt>
      <trkpt lat="54.493609" lon="-2.858717"><ele>738.5</ele></trkpt>
      <trkpt lat="54.493635" lon="-2.858771"><ele>738.3</ele></trkpt>
      <trkpt lat="54.493543" lon="-2.859267"><ele>747.5</ele></trkpt>
      <trkpt lat="54.493582" lon="-2.859484"><ele>757.8</ele></trkpt>
      <trkpt lat="54.493679" lon="-2.859667"><ele>764.0</ele></trkpt>
      <trkpt lat="54.493646" lon="-2.859677"><ele>765.0</ele></trkpt>
      <trkpt lat="54.493710" lon="-2.859846"><ele>767.5</ele></trkpt>
      <trkpt lat="54.493685" lon="-2.859919"><ele>769.0</ele></trkpt>
      <trkpt lat="54.493830" lon="-2.860085"><ele>772.3</ele></trkpt>
      <trkpt lat="54.493827" lon="-2.860621"><ele>783.0</ele></trkpt>
      <trkpt lat="54.493872" lon="-2.860892"><ele>790.8</ele></trkpt>
      <trkpt lat="54.493828" lon="-2.861169"><ele>798.0</ele></trkpt>
      <trkpt lat="54.493693" lon="-2.861284"><ele>804.3</ele></trkpt>
      <trkpt lat="54.493638" lon="-2.861662"><ele>816.5</ele></trkpt>
      <trkpt lat="54.493324" lon="-2.862022"><ele>820.3</ele></trkpt>
      <trkpt lat="54.492233" lon="-2.862906"><ele>824.8</ele></trkpt>
      <trkpt lat="54.491798" lon="-2.864378"><ele>827.8</ele></trkpt>
      <trkpt lat="54.491654" lon="-2.864688"><ele>827.8</ele></trkpt>
      <trkpt lat="54.491750" lon="-2.864753"><ele>828.0</ele></trkpt>
      <trkpt lat="54.491658" lon="-2.864861"><ele>828.0</ele></trkpt>
      <trkpt lat="54.490419" lon="-2.865184"><ele>824.0</ele></trkpt>
      <trkpt lat="54.488121" lon="-2.867188"><ele>805.0</ele></trkpt>
      <trkpt lat="54.484212" lon="-2.870785"><ele>760.0</ele></trkpt>
      <trkpt lat="54.483513" lon="-2.871746"><ele>755.0</ele></trkpt>
      <trkpt lat="54.482441" lon="-2.872710"><ele>751.0</ele></trkpt>
      <trkpt lat="54.481241" lon="-2.873929"><ele>760.0</ele></trkpt>
      <trkpt lat="54.480043" lon="-2.875452"><ele>755.3</ele></trkpt>
      <trkpt lat="54.480249" lon="-2.875451"><ele>757.8</ele></trkpt>
      <trkpt lat="54.480866" lon="-2.875665"><ele>761.3</ele></trkpt>
      <trkpt lat="54.481361" lon="-2.875714"><ele>759.5</ele></trkpt>
      <trkpt lat="54.481766" lon="-2.875660"><ele>756.3</ele></trkpt>
      <trkpt lat="54.481961" lon="-2.875725"><ele>755.0</ele></trkpt>
      <trkpt lat="54.481886" lon="-2.876096"><ele>759.3</ele></trkpt>
      <trkpt lat="54.481921" lon="-2.876762"><ele>764.8</ele></trkpt>
      <trkpt lat="54.482216" lon="-2.878145"><ele>773.5</ele></trkpt>
      <trkpt lat="54.481921" lon="-2.876762"><ele>764.8</ele></trkpt>
      <trkpt lat="54.481886" lon="-2.876096"><ele>759.3</ele></trkpt>
      <trkpt lat="54.481961" lon="-2.875725"><ele>755.0</ele></trkpt>
      <trkpt lat="54.481766" lon="-2.875660"><ele>756.3</ele></trkpt>
      <trkpt lat="54.481361" lon="-2.875714"><ele>759.5</ele></trkpt>
      <trkpt lat="54.480866" lon="-2.875665"><ele>761.3</ele></trkpt>
      <trkpt lat="54.480249" lon="-2.875451"><ele>757.8</ele></trkpt>
      <trkpt lat="54.480043" lon="-2.875452"><ele>755.3</ele></trkpt>
      <trkpt lat="54.480114" lon="-2.875345"><ele>755.0</ele></trkpt>
      <trkpt lat="54.478579" lon="-2.876309"><ele>732.0</ele></trkpt>
      <trkpt lat="54.478119" lon="-2.876138"><ele>719.0</ele></trkpt>
      <trkpt lat="54.477451" lon="-2.876285"><ele>708.0</ele></trkpt>
      <trkpt lat="54.477009" lon="-2.876200"><ele>698.0</ele></trkpt>
      <trkpt lat="54.476341" lon="-2.877141"><ele>695.0</ele></trkpt>
      <trkpt lat="54.475177" lon="-2.877835"><ele>677.0</ele></trkpt>
      <trkpt lat="54.474703" lon="-2.877899"><ele>670.0</ele></trkpt>
      <trkpt lat="54.474123" lon="-2.877844"><ele>663.0</ele></trkpt>
      <trkpt lat="54.473675" lon="-2.877706"><ele>656.0</ele></trkpt>
      <trkpt lat="54.472857" lon="-2.877945"><ele>634.0</ele></trkpt>
      <trkpt lat="54.472008" lon="-2.878067"><ele>610.0</ele></trkpt>
      <trkpt lat="54.471689" lon="-2.878210"><ele>603.0</ele></trkpt>
      <trkpt lat="54.471636" lon="-2.878091"><ele>606.5</ele></trkpt>
      <trkpt lat="54.471728" lon="-2.877973"><ele>609.5</ele></trkpt>
      <trkpt lat="54.471779" lon="-2.877722"><ele>615.5</ele></trkpt>
      <trkpt lat="54.471667" lon="-2.877292"><ele>621.5</ele></trkpt>
      <trkpt lat="54.471748" lon="-2.876498"><ele>632.3</ele></trkpt>
      <trkpt lat="54.470796" lon="-2.876172"><ele>645.8</ele></trkpt>
      <trkpt lat="54.470134" lon="-2.875698"><ele>655.3</ele></trkpt>
      <trkpt lat="54.470030" lon="-2.875468"><ele>658.0</ele></trkpt>
      <trkpt lat="54.470065" lon="-2.875330"><ele>660.3</ele></trkpt>
      <trkpt lat="54.469975" lon="-2.875256"><ele>663.5</ele></trkpt>
      <trkpt lat="54.470041" lon="-2.875042"><ele>667.0</ele></trkpt>
      <trkpt lat="54.469771" lon="-2.874677"><ele>680.8</ele></trkpt>
      <trkpt lat="54.469569" lon="-2.874546"><ele>685.0</ele></trkpt>
      <trkpt lat="54.469555" lon="-2.874308"><ele>691.5</ele></trkpt>
      <trkpt lat="54.469429" lon="-2.874167"><ele>696.8</ele></trkpt>
      <trkpt lat="54.469437" lon="-2.874012"><ele>700.3</ele></trkpt>
      <trkpt lat="54.469367" lon="-2.873768"><ele>702.8</ele></trkpt>
      <trkpt lat="54.469200" lon="-2.873647"><ele>706.5</ele></trkpt>
      <trkpt lat="54.469037" lon="-2.873418"><ele>709.5</ele></trkpt>
      <trkpt lat="54.468926" lon="-2.872950"><ele>714.8</ele></trkpt>
      <trkpt lat="54.468836" lon="-2.872906"><ele>714.8</ele></trkpt>
      <trkpt lat="54.468670" lon="-2.872969"><ele>710.5</ele></trkpt>
      <trkpt lat="54.468836" lon="-2.872906"><ele>714.8</ele></trkpt>
      <trkpt lat="54.468926" lon="-2.872950"><ele>714.8</ele></trkpt>
      <trkpt lat="54.469037" lon="-2.873418"><ele>709.5</ele></trkpt>
      <trkpt lat="54.469200" lon="-2.873647"><ele>706.5</ele></trkpt>
      <trkpt lat="54.469367" lon="-2.873768"><ele>702.8</ele></trkpt>
      <trkpt lat="54.469437" lon="-2.874012"><ele>700.3</ele></trkpt>
      <trkpt lat="54.469429" lon="-2.874167"><ele>696.8</ele></trkpt>
      <trkpt lat="54.469555" lon="-2.874308"><ele>691.5</ele></trkpt>
      <trkpt lat="54.469569" lon="-2.874546"><ele>685.0</ele></trkpt>
      <trkpt lat="54.469771" lon="-2.874677"><ele>680.8</ele></trkpt>
      <trkpt lat="54.470041" lon="-2.875042"><ele>667.0</ele></trkpt>
      <trkpt lat="54.469975" lon="-2.875256"><ele>663.5</ele></trkpt>
      <trkpt lat="54.470065" lon="-2.875330"><ele>660.3</ele></trkpt>
      <trkpt lat="54.470030" lon="-2.875468"><ele>658.0</ele></trkpt>
      <trkpt lat="54.470134" lon="-2.875698"><ele>655.3</ele></trkpt>
      <trkpt lat="54.470796" lon="-2.876172"><ele>645.8</ele></trkpt>
      <trkpt lat="54.471748" lon="-2.876498"><ele>632.3</ele></trkpt>
      <trkpt lat="54.471667" lon="-2.877292"><ele>621.5</ele></trkpt>
      <trkpt lat="54.471779" lon="-2.877722"><ele>615.5</ele></trkpt>
      <trkpt lat="54.471728" lon="-2.877973"><ele>609.5</ele></trkpt>
      <trkpt lat="54.471636" lon="-2.878091"><ele>606.5</ele></trkpt>
      <trkpt lat="54.471149" lon="-2.879593"><ele>566.0</ele></trkpt>
      <trkpt lat="54.470847" lon="-2.879898"><ele>553.0</ele></trkpt>
      <trkpt lat="54.470366" lon="-2.880059"><ele>552.0</ele></trkpt>
      <trkpt lat="54.469846" lon="-2.880445"><ele>529.0</ele></trkpt>
      <trkpt lat="54.469539" lon="-2.880588"><ele>517.0</ele></trkpt>
      <trkpt lat="54.469009" lon="-2.880641"><ele>506.0</ele></trkpt>
      <trkpt lat="54.468689" lon="-2.880913"><ele>491.0</ele></trkpt>
      <trkpt lat="54.468165" lon="-2.880924"><ele>483.0</ele></trkpt>
      <trkpt lat="54.467640" lon="-2.881073"><ele>467.0</ele></trkpt>
      <trkpt lat="54.466964" lon="-2.881466"><ele>428.0</ele></trkpt>
      <trkpt lat="54.466583" lon="-2.881458"><ele>417.0</ele></trkpt>
      <trkpt lat="54.466236" lon="-2.881247"><ele>410.0</ele></trkpt>
      <trkpt lat="54.465936" lon="-2.881348"><ele>397.0</ele></trkpt>
      <trkpt lat="54.464258" lon="-2.883060"><ele>331.0</ele></trkpt>
      <trkpt lat="54.463844" lon="-2.883384"><ele>320.0</ele></trkpt>
      <trkpt lat="54.463811" lon="-2.883662"><ele>318.0</ele></trkpt>
      <trkpt lat="54.463709" lon="-2.883918"><ele>315.0</ele></trkpt>
      <trkpt lat="54.463313" lon="-2.884424"><ele>303.0</ele></trkpt>
      <trkpt lat="54.463057" lon="-2.884451"><ele>297.0</ele></trkpt>
      <trkpt lat="54.462784" lon="-2.884252"><ele>292.0</ele></trkpt>
      <trkpt lat="54.462422" lon="-2.884212"><ele>285.0</ele></trkpt>
      <trkpt lat="54.461522" lon="-2.884428"><ele>270.0</ele></trkpt>
      <trkpt lat="54.461227" lon="-2.884690"><ele>267.0</ele></trkpt>
      <trkpt lat="54.460964" lon="-2.884824"><ele>264.0</ele></trkpt>
      <trkpt lat="54.459266" lon="-2.885098"><ele>253.0</ele></trkpt>
      <trkpt lat="54.459115" lon="-2.885256"><ele>252.0</ele></trkpt>
      <trkpt lat="54.458950" lon="-2.885617"><ele>251.0</ele></trkpt>
      <trkpt lat="54.458409" lon="-2.886217"><ele>252.0</ele></trkpt>
      <trkpt lat="54.458059" lon="-2.886370"><ele>251.0</ele></trkpt>
      <trkpt lat="54.457229" lon="-2.886438"><ele>246.0</ele></trkpt>
      <trkpt lat="54.455754" lon="-2.886825"><ele>245.0</ele></trkpt>
      <trkpt lat="54.455230" lon="-2.886878"><ele>243.0</ele></trkpt>
      <trkpt lat="54.454026" lon="-2.886787"><ele>234.0</ele></trkpt>
      <trkpt lat="54.453277" lon="-2.886867"><ele>233.0</ele></trkpt>
      <trkpt lat="54.453041" lon="-2.886798"><ele>229.0</ele></trkpt>
      <trkpt lat="54.452316" lon="-2.886997"><ele>229.0</ele></trkpt>
      <trkpt lat="54.450506" lon="-2.887054"><ele>225.0</ele></trkpt>
      <trkpt lat="54.449881" lon="-2.887255"><ele>225.0</ele></trkpt>
      <trkpt lat="54.449283" lon="-2.887178"><ele>219.0</ele></trkpt>
      <trkpt lat="54.448682" lon="-2.887401"><ele>221.0</ele></trkpt>
      <trkpt lat="54.448165" lon="-2.887304"><ele>215.0</ele></trkpt>
      <trkpt lat="54.447868" lon="-2.887351"><ele>213.0</ele></trkpt>
      <trkpt lat="54.445686" lon="-2.887969"><ele>197.0</ele></trkpt>
      <trkpt lat="54.445200" lon="-2.888530"><ele>197.0</ele></trkpt>
      <trkpt lat="54.445200" lon="-2.887860"><ele>189.0</ele></trkpt>
      <trkpt lat="54.445350" lon="-2.887060"><ele>196.0</ele></trkpt>
      <trkpt lat="54.444860" lon="-2.887310"><ele>195.0</ele></trkpt>
      <trkpt lat="54.444350" lon="-2.887760"><ele>192.0</ele></trkpt>
      <trkpt lat="54.443760" lon="-2.888130"><ele>192.0</ele></trkpt>
      <trkpt lat="54.443270" lon="-2.888330"><ele>191.0</ele></trkpt>
      <trkpt lat="54.442840" lon="-2.888650"><ele>191.0</ele></trkpt>
      <trkpt lat="54.442600" lon="-2.888970"><ele>189.0</ele></trkpt>
      <trkpt lat="54.442080" lon="-2.889200"><ele>190.0</ele></trkpt>
      <trkpt lat="54.441710" lon="-2.889620"><ele>186.0</ele></trkpt>
      <trkpt lat="54.441120" lon="-2.889790"><ele>189.0</ele></trkpt>
      <trkpt lat="54.440330" lon="-2.889830"><ele>189.0</ele></trkpt>
      <trkpt lat="54.439740" lon="-2.889990"><ele>185.0</ele></trkpt>
      <trkpt lat="54.439010" lon="-2.890070"><ele>180.0</ele></trkpt>
      <trkpt lat="54.438490" lon="-2.890280"><ele>173.0</ele></trkpt>
      <trkpt lat="54.438130" lon="-2.890300"><ele>172.0</ele></trkpt>
      <trkpt lat="54.437120" lon="-2.890910"><ele>163.0</ele></trkpt>
      <trkpt lat="54.436850" lon="-2.891690"><ele>154.0</ele></trkpt>
      <trkpt lat="54.436560" lon="-2.891790"><ele>153.0</ele></trkpt>
      <trkpt lat="54.435610" lon="-2.892380"><ele>151.0</ele></trkpt>
      <trkpt lat="54.435160" lon="-2.892540"><ele>151.0</ele></trkpt>
      <trkpt lat="54.434320" lon="-2.892990"><ele>147.0</ele></trkpt>
      <trkpt lat="54.434100" lon="-2.893260"><ele>145.0</ele></trkpt>
      <trkpt lat="54.433820" lon="-2.893370"><ele>144.0</ele></trkpt>
      <trkpt lat="54.433560" lon="-2.893270"><ele>146.0</ele></trkpt>
      <trkpt lat="54.433360" lon="-2.893620"><ele>144.0</ele></trkpt>
      <trkpt lat="54.432640" lon="-2.893690"><ele>142.0</ele></trkpt>
      <trkpt lat="54.431990" lon="-2.893410"><ele>143.0</ele></trkpt>
      <trkpt lat="54.430860" lon="-2.893420"><ele>141.0</ele></trkpt>
      <trkpt lat="54.430080" lon="-2.893310"><ele>145.0</ele></trkpt>
      <trkpt lat="54.428590" lon="-2.894290"><ele>147.0</ele></trkpt>
      <trkpt lat="54.427810" lon="-2.894650"><ele>149.0</ele></trkpt>
      <trkpt lat="54.427020" lon="-2.894860"><ele>155.0</ele></trkpt>
      <trkpt lat="54.426270" lon="-2.895760"><ele>149.0</ele></trkpt>
      <trkpt lat="54.425970" lon="-2.895690"><ele>153.0</ele></trkpt>
      <trkpt lat="54.425000" lon="-2.895900"><ele>160.0</ele></trkpt>
      <trkpt lat="54.424400" lon="-2.896260"><ele>159.0</ele></trkpt>
      <trkpt lat="54.423980" lon="-2.896330"><ele>166.0</ele></trkpt>
      <trkpt lat="54.423440" lon="-2.896660"><ele>169.0</ele></trkpt>
      <trkpt lat="54.423040" lon="-2.896820"><ele>169.0</ele></trkpt>
      <trkpt lat="54.421680" lon="-2.898020"><ele>164.0</ele></trkpt>
      <trkpt lat="54.421330" lon="-2.897980"><ele>168.0</ele></trkpt>
      <trkpt lat="54.420970" lon="-2.898080"><ele>170.0</ele></trkpt>
      <trkpt lat="54.419940" lon="-2.899680"><ele>150.0</ele></trkpt>
      <trkpt lat="54.419620" lon="-2.899920"><ele>147.0</ele></trkpt>
      <trkpt lat="54.419650" lon="-2.900270"><ele>141.0</ele></trkpt>
      <trkpt lat="54.419890" lon="-2.900700"><ele>137.0</ele></trkpt>
      <trkpt lat="54.420130" lon="-2.901810"><ele>134.0</ele></trkpt>
      <trkpt lat="54.420120" lon="-2.902130"><ele>134.0</ele></trkpt>
      <trkpt lat="54.420270" lon="-2.902910"><ele>131.0</ele></trkpt>
      <trkpt lat="54.420200" lon="-2.903370"><ele>133.0</ele></trkpt>
      <trkpt lat="54.419940" lon="-2.903540"><ele>135.0</ele></trkpt>
      <trkpt lat="54.419780" lon="-2.903850"><ele>135.0</ele></trkpt>
      <trkpt lat="54.419460" lon="-2.904140"><ele>134.0</ele></trkpt>
      <trkpt lat="54.419120" lon="-2.904230"><ele>133.0</ele></trkpt>
      <trkpt lat="54.418030" lon="-2.905060"><ele>128.0</ele></trkpt>
      <trkpt lat="54.417930" lon="-2.906960"><ele>128.0</ele></trkpt>
      <trkpt lat="54.417610" lon="-2.906480"><ele>127.0</ele></trkpt>
      <trkpt lat="54.417900" lon="-2.906940"><ele>128.0</ele></trkpt>
      <trkpt lat="54.418270" lon="-2.907100"><ele>131.0</ele></trkpt>
      <trkpt lat="54.418940" lon="-2.907190"><ele>139.0</ele></trkpt>
      <trkpt lat="54.419730" lon="-2.907650"><ele>143.0</ele></trkpt>
      <trkpt lat="54.420670" lon="-2.907730"><ele>151.0</ele></trkpt>
      <trkpt lat="54.420910" lon="-2.907880"><ele>153.0</ele></trkpt>
      <trkpt lat="54.421230" lon="-2.907910"><ele>156.0</ele></trkpt>
      <trkpt lat="54.422090" lon="-2.907810"><ele>163.0</ele></trkpt>
      <trkpt lat="54.422810" lon="-2.908090"><ele>166.0</ele></trkpt>
      <trkpt lat="54.423410" lon="-2.908080"><ele>173.0</ele></trkpt>
      <trkpt lat="54.423610" lon="-2.908230"><ele>174.0</ele></trkpt>
      <trkpt lat="54.423720" lon="-2.908520"><ele>176.0</ele></trkpt>
      <trkpt lat="54.423460" lon="-2.908860"><ele>175.0</ele></trkpt>
      <trkpt lat="54.423690" lon="-2.908550"><ele>176.0</ele></trkpt>
      <trkpt lat="54.423640" lon="-2.908280"><ele>174.0</ele></trkpt>
      <trkpt lat="54.423420" lon="-2.908110"><ele>173.0</ele></trkpt>
      <trkpt lat="54.422830" lon="-2.908090"><ele>166.0</ele></trkpt>
      <trkpt lat="54.422317" lon="-2.907926"><ele>164.0</ele></trkpt>
      <trkpt lat="54.422200" lon="-2.908520"><ele>163.0</ele></trkpt>
      <trkpt lat="54.422000" lon="-2.908990"><ele>161.0</ele></trkpt>
      <trkpt lat="54.421830" lon="-2.909230"><ele>161.0</ele></trkpt>
      <trkpt lat="54.421470" lon="-2.910100"><ele>166.0</ele></trkpt>
      <trkpt lat="54.421180" lon="-2.910280"><ele>167.0</ele></trkpt>
      <trkpt lat="54.420360" lon="-2.911100"><ele>170.0</ele></trkpt>
      <trkpt lat="54.420040" lon="-2.911330"><ele>168.0</ele></trkpt>
      <trkpt lat="54.419900" lon="-2.911510"><ele>168.0</ele></trkpt>
      <trkpt lat="54.419810" lon="-2.911860"><ele>171.0</ele></trkpt>
      <trkpt lat="54.418990" lon="-2.912340"><ele>174.0</ele></trkpt>
      <trkpt lat="54.418190" lon="-2.913060"><ele>172.0</ele></trkpt>
      <trkpt lat="54.417830" lon="-2.913180"><ele>168.0</ele></trkpt>
      <trkpt lat="54.417420" lon="-2.913520"><ele>167.0</ele></trkpt>
      <trkpt lat="54.416879" lon="-2.913749"><ele>165.0</ele></trkpt>
      <trkpt lat="54.416659" lon="-2.913959"><ele>165.0</ele></trkpt>
      <trkpt lat="54.416353" lon="-2.913995"><ele>164.0</ele></trkpt>
      <trkpt lat="54.416100" lon="-2.914343"><ele>165.0</ele></trkpt>
      <trkpt lat="54.415623" lon="-2.914687"><ele>167.0</ele></trkpt>
      <trkpt lat="54.415521" lon="-2.915017"><ele>172.0</ele></trkpt>
      <trkpt lat="54.415225" lon="-2.915365"><ele>181.0</ele></trkpt>
      <trkpt lat="54.414471" lon="-2.915981"><ele>189.0</ele></trkpt>
      <trkpt lat="54.414073" lon="-2.916530"><ele>195.0</ele></trkpt>
      <trkpt lat="54.413432" lon="-2.917041"><ele>201.0</ele></trkpt>
      <trkpt lat="54.413230" lon="-2.917337"><ele>202.0</ele></trkpt>
      <trkpt lat="54.413090" lon="-2.917709"><ele>204.0</ele></trkpt>
      <trkpt lat="54.412831" lon="-2.918154"><ele>207.0</ele></trkpt>
      <trkpt lat="54.412449" lon="-2.919154"><ele>212.0</ele></trkpt>
      <trkpt lat="54.412192" lon="-2.920082"><ele>218.0</ele></trkpt>
      <trkpt lat="54.412097" lon="-2.921131"><ele>226.0</ele></trkpt>
      <trkpt lat="54.411986" lon="-2.921740"><ele>229.0</ele></trkpt>
      <trkpt lat="54.411794" lon="-2.922326"><ele>230.0</ele></trkpt>
      <trkpt lat="54.411669" lon="-2.923096"><ele>232.0</ele></trkpt>
      <trkpt lat="54.411633" lon="-2.923771"><ele>233.0</ele></trkpt>
      <trkpt lat="54.411812" lon="-2.926752"><ele>237.0</ele></trkpt>
      <trkpt lat="54.412118" lon="-2.927521"><ele>240.0</ele></trkpt>
      <trkpt lat="54.413265" lon="-2.929318"><ele>250.0</ele></trkpt>
      <trkpt lat="54.413589" lon="-2.929422"><ele>250.0</ele></trkpt>
      <trkpt lat="54.414571" lon="-2.930807"><ele>244.0</ele></trkpt>
      <trkpt lat="54.415223" lon="-2.932130"><ele>235.0</ele></trkpt>
      <trkpt lat="54.415633" lon="-2.932472"><ele>230.0</ele></trkpt>
      <trkpt lat="54.416019" lon="-2.932567"><ele>230.0</ele></trkpt>
      <trkpt lat="54.416802" lon="-2.932982"><ele>226.0</ele></trkpt>
      <trkpt lat="54.416996" lon="-2.932976"><ele>227.0</ele></trkpt>
      <trkpt lat="54.417036" lon="-2.933492"><ele>223.0</ele></trkpt>
      <trkpt lat="54.417397" lon="-2.934412"><ele>218.0</ele></trkpt>
      <trkpt lat="54.417451" lon="-2.935540"><ele>210.0</ele></trkpt>
      <trkpt lat="54.417771" lon="-2.936126"><ele>208.0</ele></trkpt>
      <trkpt lat="54.417837" lon="-2.936461"><ele>202.0</ele></trkpt>
      <trkpt lat="54.417310" lon="-2.937567"><ele>188.0</ele></trkpt>
      <trkpt lat="54.417289" lon="-2.937845"><ele>187.0</ele></trkpt>
      <trkpt lat="54.417373" lon="-2.938352"><ele>188.0</ele></trkpt>
      <trkpt lat="54.417471" lon="-2.938568"><ele>190.0</ele></trkpt>
      <trkpt lat="54.417631" lon="-2.940525"><ele>208.0</ele></trkpt>
      <trkpt lat="54.417585" lon="-2.940739"><ele>209.0</ele></trkpt>
      <trkpt lat="54.417595" lon="-2.941039"><ele>210.0</ele></trkpt>
      <trkpt lat="54.417694" lon="-2.941214"><ele>213.0</ele></trkpt>
      <trkpt lat="54.417534" lon="-2.942552"><ele>212.0</ele></trkpt>
      <trkpt lat="54.417560" lon="-2.944055"><ele>210.0</ele></trkpt>
      <trkpt lat="54.417618" lon="-2.944528"><ele>213.0</ele></trkpt>
      <trkpt lat="54.417475" lon="-2.945265"><ele>206.0</ele></trkpt>
      <trkpt lat="54.417514" lon="-2.945878"><ele>209.0</ele></trkpt>
      <trkpt lat="54.417440" lon="-2.946595"><ele>203.0</ele></trkpt>
      <trkpt lat="54.417681" lon="-2.947673"><ele>208.0</ele></trkpt>
      <trkpt lat="54.417684" lon="-2.948060"><ele>205.0</ele></trkpt>
      <trkpt lat="54.417575" lon="-2.948433"><ele>199.0</ele></trkpt>
      <trkpt lat="54.417571" lon="-2.949001"><ele>193.0</ele></trkpt>
      <trkpt lat="54.417637" lon="-2.949357"><ele>191.0</ele></trkpt>
      <trkpt lat="54.417925" lon="-2.950061"><ele>190.0</ele></trkpt>
      <trkpt lat="54.418052" lon="-2.950536"><ele>187.0</ele></trkpt>
      <trkpt lat="54.418043" lon="-2.950944"><ele>183.0</ele></trkpt>
      <trkpt lat="54.418219" lon="-2.951473"><ele>180.0</ele></trkpt>
      <trkpt lat="54.418706" lon="-2.952322"><ele>180.0</ele></trkpt>
      <trkpt lat="54.418760" lon="-2.952581"><ele>178.0</ele></trkpt>
      <trkpt lat="54.418677" lon="-2.952815"><ele>175.0</ele></trkpt>
      <trkpt lat="54.418707" lon="-2.953019"><ele>171.0</ele></trkpt>
      <trkpt lat="54.418918" lon="-2.953142"><ele>169.0</ele></trkpt>
      <trkpt lat="54.419056" lon="-2.953124"><ele>169.0</ele></trkpt>
      <trkpt lat="54.419104" lon="-2.953307"><ele>166.0</ele></trkpt>
      <trkpt lat="54.419283" lon="-2.953537"><ele>163.0</ele></trkpt>
      <trkpt lat="54.419307" lon="-2.953677"><ele>160.0</ele></trkpt>
      <trkpt lat="54.419150" lon="-2.953802"><ele>158.0</ele></trkpt>
      <trkpt lat="54.419392" lon="-2.954022"><ele>155.0</ele></trkpt>
      <trkpt lat="54.419193" lon="-2.954747"><ele>141.0</ele></trkpt>
      <trkpt lat="54.419714" lon="-2.955929"><ele>129.0</ele></trkpt>
      <trkpt lat="54.420504" lon="-2.957085"><ele>118.0</ele></trkpt>
      <trkpt lat="54.420777" lon="-2.957231"><ele>117.0</ele></trkpt>
      <trkpt lat="54.420944" lon="-2.957438"><ele>114.0</ele></trkpt>
      <trkpt lat="54.421740" lon="-2.957918"><ele>108.0</ele></trkpt>
      <trkpt lat="54.421931" lon="-2.958138"><ele>103.0</ele></trkpt>
      <trkpt lat="54.422306" lon="-2.958168"><ele>99.0</ele></trkpt>
      <trkpt lat="54.422871" lon="-2.957924"><ele>104.0</ele></trkpt>
      <trkpt lat="54.423158" lon="-2.958016"><ele>103.0</ele></trkpt>
      <trkpt lat="54.423412" lon="-2.958215"><ele>101.0</ele></trkpt>
      <trkpt lat="54.423787" lon="-2.958245"><ele>100.0</ele></trkpt>
      <trkpt lat="54.423967" lon="-2.959097"><ele>89.0</ele></trkpt>
      <trkpt lat="54.424121" lon="-2.959369"><ele>87.0</ele></trkpt>
      <trkpt lat="54.424192" lon="-2.959864"><ele>82.0</ele></trkpt>
      <trkpt lat="54.424369" lon="-2.960405"><ele>73.0</ele></trkpt>
      <trkpt lat="54.424598" lon="-2.960582"><ele>69.0</ele></trkpt>
      <trkpt lat="54.424884" lon="-2.960718"><ele>66.0</ele></trkpt>
      <trkpt lat="54.425141" lon="-2.960681"><ele>66.0</ele></trkpt>
      <trkpt lat="54.425395" lon="-2.960923"><ele>63.0</ele></trkpt>
      <trkpt lat="54.426139" lon="-2.960779"><ele>65.0</ele></trkpt>
      <trkpt lat="54.426494" lon="-2.960863"><ele>63.0</ele></trkpt>
      <trkpt lat="54.427614" lon="-2.961329"><ele>66.0</ele></trkpt>
      <trkpt lat="54.428375" lon="-2.961315"><ele>74.0</ele></trkpt>
      <trkpt lat="54.429363" lon="-2.961928"><ele>66.0</ele></trkpt>
      <trkpt lat="54.429735" lon="-2.962240"><ele>62.0</ele></trkpt>
      <trkpt lat="54.430290" lon="-2.962317"><ele>59.0</ele></trkpt>
      <trkpt lat="54.431090" lon="-2.962261"><ele>62.0</ele></trkpt>
      <trkpt lat="54.431550" lon="-2.962379"><ele>62.0</ele></trkpt>
      <trkpt lat="54.431785" lon="-2.962181"><ele>65.0</ele></trkpt>
      <trkpt lat="54.431900" lon="-2.961851"><ele>67.0</ele></trkpt>
      <trkpt lat="54.432061" lon="-2.961962"><ele>66.0</ele></trkpt>
      <trkpt lat="54.432307" lon="-2.962440"><ele>64.0</ele></trkpt>
      <trkpt lat="54.432582" lon="-2.963165"><ele>61.0</ele></trkpt>
      <trkpt lat="54.432937" lon="-2.963303"><ele>60.0</ele></trkpt>
      <trkpt lat="54.433542" lon="-2.963285"><ele>60.0</ele></trkpt>
      <trkpt lat="54.433873" lon="-2.963367"><ele>59.0</ele></trkpt>
      <trkpt lat="54.434175" lon="-2.963761"><ele>56.0</ele></trkpt>
      <trkpt lat="54.434436" lon="-2.964722"><ele>55.0</ele></trkpt>
      <trkpt lat="54.434821" lon="-2.966502"><ele>56.0</ele></trkpt>
      <trkpt lat="54.435465" lon="-2.967954"><ele>57.0</ele></trkpt>
      <trkpt lat="54.435603" lon="-2.968655"><ele>55.0</ele></trkpt>
      <trkpt lat="54.435824" lon="-2.969025"><ele>56.0</ele></trkpt>
      <trkpt lat="54.436793" lon="-2.969692"><ele>62.0</ele></trkpt>
      <trkpt lat="54.437340" lon="-2.969887"><ele>60.0</ele></trkpt>
      <trkpt lat="54.437758" lon="-2.969930"><ele>60.0</ele></trkpt>
      <trkpt lat="54.438168" lon="-2.970207"><ele>60.0</ele></trkpt>
      <trkpt lat="54.438408" lon="-2.969859"><ele>62.0</ele></trkpt>
      <trkpt lat="54.438689" lon="-2.969801"><ele>63.0</ele></trkpt>
      <trkpt lat="54.439112" lon="-2.969929"><ele>66.0</ele></trkpt>
      <trkpt lat="54.439757" lon="-2.970385"><ele>66.0</ele></trkpt>
      <trkpt lat="54.441586" lon="-2.969538"><ele>72.0</ele></trkpt>
      <trkpt lat="54.442447" lon="-2.969547"><ele>73.0</ele></trkpt>
      <trkpt lat="54.442845" lon="-2.969707"><ele>73.0</ele></trkpt>
      <trkpt lat="54.443739" lon="-2.970377"><ele>79.0</ele></trkpt>
      <trkpt lat="54.445232" lon="-2.971646"><ele>88.0</ele></trkpt>
      <trkpt lat="54.445572" lon="-2.972019"><ele>90.0</ele></trkpt>
      <trkpt lat="54.446019" lon="-2.973103"><ele>80.0</ele></trkpt>
      <trkpt lat="54.446626" lon="-2.973643"><ele>79.0</ele></trkpt>
      <trkpt lat="54.447253" lon="-2.974795"><ele>73.0</ele></trkpt>
      <trkpt lat="54.447405" lon="-2.975325"><ele>73.0</ele></trkpt>
      <trkpt lat="54.447683" lon="-2.975696"><ele>76.0</ele></trkpt>
      <trkpt lat="54.448322" lon="-2.976066"><ele>82.0</ele></trkpt>
      <trkpt lat="54.448506" lon="-2.976467"><ele>82.0</ele></trkpt>
      <trkpt lat="54.448553" lon="-2.976897"><ele>81.0</ele></trkpt>
      <trkpt lat="54.448439" lon="-2.977817"><ele>80.0</ele></trkpt>
      <trkpt lat="54.448336" lon="-2.978287"><ele>81.0</ele></trkpt>
      <trkpt lat="54.448508" lon="-2.977787"><ele>80.0</ele></trkpt>
      <trkpt lat="54.448938" lon="-2.978613"><ele>86.0</ele></trkpt>
      <trkpt lat="54.448924" lon="-2.978859"><ele>85.0</ele></trkpt>
      <trkpt lat="54.448709" lon="-2.979101"><ele>84.0</ele></trkpt>
      <trkpt lat="54.448788" lon="-2.979446"><ele>84.0</ele></trkpt>
      <trkpt lat="54.448881" lon="-2.979523"><ele>86.0</ele></trkpt>
      <trkpt lat="54.448749" lon="-2.980336"><ele>89.0</ele></trkpt>
      <trkpt lat="54.449028" lon="-2.980589"><ele>97.0</ele></trkpt>
      <trkpt lat="54.449763" lon="-2.980800"><ele>107.0</ele></trkpt>
      <trkpt lat="54.449685" lon="-2.980734"><ele>98.0</ele></trkpt>
      <trkpt lat="54.449842" lon="-2.980470"><ele>97.3</ele></trkpt>
      <trkpt lat="54.449893" lon="-2.979836"><ele>88.8</ele></trkpt>
      <trkpt lat="54.450129" lon="-2.979687"><ele>93.0</ele></trkpt>
      <trkpt lat="54.450469" lon="-2.979806"><ele>98.3</ele></trkpt>
      <trkpt lat="54.450855" lon="-2.980073"><ele>103.5</ele></trkpt>
      <trkpt lat="54.451211" lon="-2.980067"><ele>107.8</ele></trkpt>
      <trkpt lat="54.451395" lon="-2.979969"><ele>112.8</ele></trkpt>
      <trkpt lat="54.451576" lon="-2.980069"><ele>116.3</ele></trkpt>
      <trkpt lat="54.451902" lon="-2.979860"><ele>122.8</ele></trkpt>
      <trkpt lat="54.452010" lon="-2.979704"><ele>125.0</ele></trkpt>
      <trkpt lat="54.452176" lon="-2.979657"><ele>125.5</ele></trkpt>
      <trkpt lat="54.452010" lon="-2.979704"><ele>125.0</ele></trkpt>
      <trkpt lat="54.451902" lon="-2.979860"><ele>122.8</ele></trkpt>
      <trkpt lat="54.451576" lon="-2.980069"><ele>116.3</ele></trkpt>
      <trkpt lat="54.451395" lon="-2.979969"><ele>112.8</ele></trkpt>
      <trkpt lat="54.451211" lon="-2.980067"><ele>107.8</ele></trkpt>
      <trkpt lat="54.450855" lon="-2.980073"><ele>103.5</ele></trkpt>
      <trkpt lat="54.450469" lon="-2.979806"><ele>98.3</ele></trkpt>
      <trkpt lat="54.450129" lon="-2.979687"><ele>93.0</ele></trkpt>
      <trkpt lat="54.449955" lon="-2.979760"><ele>89.3</ele></trkpt>
      <trkpt lat="54.449893" lon="-2.979836"><ele>88.8</ele></trkpt>
      <trkpt lat="54.449842" lon="-2.980470"><ele>97.3</ele></trkpt>
      <trkpt lat="54.449685" lon="-2.980734"><ele>98.0</ele></trkpt>
      <trkpt lat="54.449595" lon="-2.981397"><ele>108.0</ele></trkpt>
      <trkpt lat="54.449386" lon="-2.981842"><ele>106.0</ele></trkpt>
      <trkpt lat="54.449238" lon="-2.981667"><ele>102.0</ele></trkpt>
      <trkpt lat="54.449044" lon="-2.981716"><ele>99.0</ele></trkpt>
      <trkpt lat="54.448799" lon="-2.982644"><ele>98.0</ele></trkpt>
      <trkpt lat="54.448578" lon="-2.983722"><ele>104.0</ele></trkpt>
      <trkpt lat="54.448874" lon="-2.984385"><ele>110.0</ele></trkpt>
      <trkpt lat="54.448894" lon="-2.985991"><ele>98.0</ele></trkpt>
      <trkpt lat="54.448991" lon="-2.987208"><ele>93.0</ele></trkpt>
      <trkpt lat="54.449471" lon="-2.988022"><ele>102.0</ele></trkpt>
      <trkpt lat="54.450263" lon="-2.989783"><ele>119.0</ele></trkpt>
      <trkpt lat="54.450345" lon="-2.990358"><ele>121.0</ele></trkpt>
      <trkpt lat="54.450167" lon="-2.991752"><ele>115.0</ele></trkpt>
      <trkpt lat="54.450170" lon="-2.992211"><ele>116.0</ele></trkpt>
      <trkpt lat="54.450541" lon="-2.993274"><ele>128.0</ele></trkpt>
      <trkpt lat="54.450734" lon="-2.994150"><ele>129.0</ele></trkpt>
      <trkpt lat="54.450863" lon="-2.995449"><ele>130.0</ele></trkpt>
      <trkpt lat="54.451011" lon="-2.996095"><ele>139.0</ele></trkpt>
      <trkpt lat="54.451056" lon="-2.997150"><ele>137.0</ele></trkpt>
      <trkpt lat="54.451267" lon="-2.998233"><ele>137.0</ele></trkpt>
      <trkpt lat="54.451224" lon="-2.999366"><ele>129.0</ele></trkpt>
      <trkpt lat="54.451321" lon="-2.999724"><ele>134.0</ele></trkpt>
      <trkpt lat="54.451309" lon="-3.000423"><ele>132.0</ele></trkpt>
      <trkpt lat="54.451636" lon="-3.001187"><ele>134.0</ele></trkpt>
      <trkpt lat="54.451952" lon="-3.001562"><ele>139.0</ele></trkpt>
      <trkpt lat="54.452082" lon="-3.001989"><ele>136.0</ele></trkpt>
      <trkpt lat="54.452171" lon="-3.002565"><ele>127.0</ele></trkpt>
      <trkpt lat="54.452308" lon="-3.002889"><ele>127.0</ele></trkpt>
      <trkpt lat="54.452508" lon="-3.003650"><ele>126.0</ele></trkpt>
      <trkpt lat="54.452837" lon="-3.004142"><ele>124.0</ele></trkpt>
      <trkpt lat="54.453112" lon="-3.004756"><ele>123.0</ele></trkpt>
      <trkpt lat="54.453271" lon="-3.004921"><ele>125.0</ele></trkpt>
      <trkpt lat="54.453310" lon="-3.005758"><ele>123.0</ele></trkpt>
      <trkpt lat="54.453213" lon="-3.006249"><ele>123.0</ele></trkpt>
      <trkpt lat="54.452915" lon="-3.006780"><ele>124.0</ele></trkpt>
      <trkpt lat="54.452840" lon="-3.007019"><ele>127.0</ele></trkpt>
      <trkpt lat="54.452639" lon="-3.007186"><ele>125.0</ele></trkpt>
      <trkpt lat="54.452470" lon="-3.007434"><ele>122.0</ele></trkpt>
      <trkpt lat="54.452276" lon="-3.008323"><ele>120.0</ele></trkpt>
      <trkpt lat="54.452311" lon="-3.010582"><ele>129.0</ele></trkpt>
      <trkpt lat="54.452473" lon="-3.011870"><ele>119.0</ele></trkpt>
      <trkpt lat="54.452365" lon="-3.012062"><ele>117.0</ele></trkpt>
      <trkpt lat="54.452272" lon="-3.012851"><ele>106.0</ele></trkpt>
      <trkpt lat="54.452273" lon="-3.013481"><ele>99.0</ele></trkpt>
      <trkpt lat="54.452390" lon="-3.013874"><ele>95.0</ele></trkpt>
      <trkpt lat="54.452984" lon="-3.014519"><ele>95.0</ele></trkpt>
      <trkpt lat="54.453175" lon="-3.014810"><ele>93.0</ele></trkpt>
      <trkpt lat="54.453402" lon="-3.015572"><ele>83.0</ele></trkpt>
      <trkpt lat="54.453586" lon="-3.015829"><ele>79.0</ele></trkpt>
      <trkpt lat="54.454222" lon="-3.016280"><ele>76.0</ele></trkpt>
      <trkpt lat="54.454453" lon="-3.016618"><ele>73.0</ele></trkpt>
      <trkpt lat="54.454909" lon="-3.017088"><ele>72.0</ele></trkpt>
      <trkpt lat="54.455125" lon="-3.017506"><ele>71.0</ele></trkpt>
      <trkpt lat="54.455806" lon="-3.019666"><ele>66.0</ele></trkpt>
      <trkpt lat="54.456140" lon="-3.020385"><ele>67.0</ele></trkpt>
      <trkpt lat="54.457014" lon="-3.021874"><ele>69.0</ele></trkpt>
      <trkpt lat="54.457163" lon="-3.022313"><ele>70.0</ele></trkpt>
      <trkpt lat="54.457109" lon="-3.023183"><ele>70.0</ele></trkpt>
      <trkpt lat="54.457258" lon="-3.023714"><ele>70.0</ele></trkpt>
      <trkpt lat="54.457596" lon="-3.023218"><ele>72.0</ele></trkpt>
      <trkpt lat="54.457789" lon="-3.023212"><ele>73.0</ele></trkpt>
      <trkpt lat="54.457984" lon="-3.023755"><ele>72.0</ele></trkpt>
      <trkpt lat="54.458350" lon="-3.023833"><ele>72.0</ele></trkpt>
      <trkpt lat="54.459204" lon="-3.023694"><ele>72.0</ele></trkpt>
      <trkpt lat="54.459740" lon="-3.024300"><ele>73.0</ele></trkpt>
      <trkpt lat="54.459000" lon="-3.025500"><ele>73.0</ele></trkpt>
      <trkpt lat="54.458740" lon="-3.025820"><ele>72.0</ele></trkpt>
      <trkpt lat="54.458504" lon="-3.025949"><ele>72.0</ele></trkpt>
      <trkpt lat="54.457658" lon="-3.025770"><ele>70.0</ele></trkpt>
      <trkpt lat="54.457008" lon="-3.027619"><ele>68.0</ele></trkpt>
      <trkpt lat="54.456733" lon="-3.028610"><ele>67.0</ele></trkpt>
      <trkpt lat="54.456442" lon="-3.028655"><ele>67.0</ele></trkpt>
      <trkpt lat="54.455696" lon="-3.029228"><ele>68.0</ele></trkpt>
      <trkpt lat="54.455387" lon="-3.029575"><ele>72.0</ele></trkpt>
      <trkpt lat="54.455085" lon="-3.030106"><ele>74.0</ele></trkpt>
      <trkpt lat="54.454967" lon="-3.030444"><ele>75.0</ele></trkpt>
      <trkpt lat="54.454426" lon="-3.031245"><ele>76.0</ele></trkpt>
      <trkpt lat="54.453723" lon="-3.031280"><ele>75.0</ele></trkpt>
      <trkpt lat="54.453201" lon="-3.031595"><ele>77.0</ele></trkpt>
      <trkpt lat="54.452950" lon="-3.031444"><ele>74.0</ele></trkpt>
      <trkpt lat="54.452263" lon="-3.031466"><ele>72.0</ele></trkpt>
      <trkpt lat="54.451730" lon="-3.031230"><ele>70.0</ele></trkpt>
      <trkpt lat="54.451544" lon="-3.031540"><ele>73.0</ele></trkpt>
      <trkpt lat="54.451360" lon="-3.031706"><ele>76.0</ele></trkpt>
      <trkpt lat="54.450916" lon="-3.031827"><ele>83.0</ele></trkpt>
      <trkpt lat="54.450542" lon="-3.031791"><ele>88.0</ele></trkpt>
      <trkpt lat="54.450306" lon="-3.031640"><ele>91.0</ele></trkpt>
      <trkpt lat="54.450155" lon="-3.031440"><ele>94.0</ele></trkpt>
      <trkpt lat="54.450047" lon="-3.031594"><ele>99.0</ele></trkpt>
      <trkpt lat="54.450296" lon="-3.031969"><ele>96.0</ele></trkpt>
      <trkpt lat="54.450284" lon="-3.032415"><ele>103.0</ele></trkpt>
      <trkpt lat="54.450116" lon="-3.033101"><ele>122.0</ele></trkpt>
      <trkpt lat="54.449916" lon="-3.033085"><ele>129.0</ele></trkpt>
      <trkpt lat="54.449707" lon="-3.033434"><ele>142.0</ele></trkpt>
      <trkpt lat="54.449655" lon="-3.033755"><ele>147.0</ele></trkpt>
      <trkpt lat="54.449179" lon="-3.034633"><ele>171.0</ele></trkpt>
      <trkpt lat="54.449002" lon="-3.034897"><ele>177.0</ele></trkpt>
      <trkpt lat="54.448700" lon="-3.035162"><ele>182.0</ele></trkpt>
      <trkpt lat="54.448191" lon="-3.034972"><ele>181.3</ele></trkpt>
      <trkpt lat="54.447763" lon="-3.035426"><ele>191.8</ele></trkpt>
      <trkpt lat="54.447693" lon="-3.035640"><ele>193.8</ele></trkpt>
      <trkpt lat="54.447580" lon="-3.035788"><ele>197.5</ele></trkpt>
      <trkpt lat="54.447393" lon="-3.035816"><ele>200.5</ele></trkpt>
      <trkpt lat="54.447172" lon="-3.036013"><ele>204.3</ele></trkpt>
      <trkpt lat="54.447121" lon="-3.036152"><ele>206.0</ele></trkpt>
      <trkpt lat="54.447122" lon="-3.036449"><ele>209.0</ele></trkpt>
      <trkpt lat="54.447043" lon="-3.036688"><ele>211.3</ele></trkpt>
      <trkpt lat="54.446866" lon="-3.036983"><ele>214.3</ele></trkpt>
      <trkpt lat="54.446714" lon="-3.037492"><ele>218.5</ele></trkpt>
      <trkpt lat="54.446940" lon="-3.037606"><ele>218.0</ele></trkpt>
      <trkpt lat="54.447096" lon="-3.037531"><ele>215.0</ele></trkpt>
      <trkpt lat="54.447159" lon="-3.037669"><ele>215.5</ele></trkpt>
      <trkpt lat="54.447385" lon="-3.037830"><ele>214.5</ele></trkpt>
      <trkpt lat="54.447573" lon="-3.038092"><ele>215.3</ele></trkpt>
      <trkpt lat="54.448070" lon="-3.038571"><ele>220.0</ele></trkpt>
      <trkpt lat="54.448481" lon="-3.038727"><ele>228.5</ele></trkpt>
      <trkpt lat="54.448882" lon="-3.039416"><ele>248.0</ele></trkpt>
      <trkpt lat="54.449014" lon="-3.039448"><ele>252.5</ele></trkpt>
      <trkpt lat="54.449164" lon="-3.039680"><ele>261.0</ele></trkpt>
      <trkpt lat="54.449391" lon="-3.039889"><ele>273.5</ele></trkpt>
      <trkpt lat="54.449439" lon="-3.040081"><ele>278.3</ele></trkpt>
      <trkpt lat="54.449683" lon="-3.040466"><ele>298.3</ele></trkpt>
      <trkpt lat="54.449809" lon="-3.040540"><ele>306.3</ele></trkpt>
      <trkpt lat="54.450490" lon="-3.041436"><ele>348.3</ele></trkpt>
      <trkpt lat="54.450914" lon="-3.041885"><ele>357.8</ele></trkpt>
      <trkpt lat="54.451163" lon="-3.042388"><ele>363.5</ele></trkpt>
      <trkpt lat="54.451217" lon="-3.042635"><ele>364.8</ele></trkpt>
      <trkpt lat="54.451167" lon="-3.043010"><ele>370.0</ele></trkpt>
      <trkpt lat="54.451049" lon="-3.042918"><ele>375.5</ele></trkpt>
      <trkpt lat="54.450816" lon="-3.043226"><ele>384.0</ele></trkpt>
      <trkpt lat="54.450657" lon="-3.043092"><ele>389.5</ele></trkpt>
      <trkpt lat="54.450589" lon="-3.042927"><ele>391.8</ele></trkpt>
      <trkpt lat="54.450420" lon="-3.043021"><ele>391.5</ele></trkpt>
      <trkpt lat="54.450336" lon="-3.042777"><ele>391.0</ele></trkpt>
      <trkpt lat="54.450420" lon="-3.043021"><ele>391.5</ele></trkpt>
      <trkpt lat="54.450589" lon="-3.042927"><ele>391.8</ele></trkpt>
      <trkpt lat="54.450657" lon="-3.043092"><ele>389.5</ele></trkpt>
      <trkpt lat="54.450816" lon="-3.043226"><ele>384.0</ele></trkpt>
      <trkpt lat="54.451025" lon="-3.042933"><ele>376.8</ele></trkpt>
      <trkpt lat="54.451185" lon="-3.042991"><ele>369.0</ele></trkpt>
      <trkpt lat="54.451217" lon="-3.042635"><ele>364.8</ele></trkpt>
      <trkpt lat="54.451127" lon="-3.042273"><ele>361.8</ele></trkpt>
      <trkpt lat="54.450914" lon="-3.041885"><ele>357.8</ele></trkpt>
      <trkpt lat="54.450490" lon="-3.041436"><ele>348.3</ele></trkpt>
      <trkpt lat="54.449809" lon="-3.040540"><ele>306.3</ele></trkpt>
      <trkpt lat="54.449683" lon="-3.040466"><ele>298.3</ele></trkpt>
      <trkpt lat="54.449439" lon="-3.040081"><ele>278.3</ele></trkpt>
      <trkpt lat="54.449391" lon="-3.039889"><ele>273.5</ele></trkpt>
      <trkpt lat="54.449164" lon="-3.039680"><ele>261.0</ele></trkpt>
      <trkpt lat="54.449014" lon="-3.039448"><ele>252.5</ele></trkpt>
      <trkpt lat="54.448882" lon="-3.039416"><ele>248.0</ele></trkpt>
      <trkpt lat="54.448481" lon="-3.038727"><ele>228.5</ele></trkpt>
      <trkpt lat="54.448070" lon="-3.038571"><ele>220.0</ele></trkpt>
      <trkpt lat="54.447573" lon="-3.038092"><ele>215.3</ele></trkpt>
      <trkpt lat="54.447385" lon="-3.037830"><ele>214.5</ele></trkpt>
      <trkpt lat="54.447159" lon="-3.037669"><ele>215.5</ele></trkpt>
      <trkpt lat="54.447096" lon="-3.037531"><ele>215.0</ele></trkpt>
      <trkpt lat="54.446940" lon="-3.037606"><ele>218.0</ele></trkpt>
      <trkpt lat="54.446714" lon="-3.037492"><ele>218.5</ele></trkpt>
      <trkpt lat="54.446866" lon="-3.036983"><ele>214.3</ele></trkpt>
      <trkpt lat="54.447043" lon="-3.036688"><ele>211.3</ele></trkpt>
      <trkpt lat="54.447122" lon="-3.036449"><ele>209.0</ele></trkpt>
      <trkpt lat="54.447121" lon="-3.036152"><ele>206.0</ele></trkpt>
      <trkpt lat="54.447172" lon="-3.036013"><ele>204.3</ele></trkpt>
      <trkpt lat="54.447393" lon="-3.035816"><ele>200.5</ele></trkpt>
      <trkpt lat="54.447580" lon="-3.035788"><ele>197.5</ele></trkpt>
      <trkpt lat="54.447693" lon="-3.035640"><ele>193.8</ele></trkpt>
      <trkpt lat="54.447763" lon="-3.035426"><ele>191.8</ele></trkpt>
      <trkpt lat="54.448191" lon="-3.034972"><ele>181.3</ele></trkpt>
      <trkpt lat="54.448700" lon="-3.035162"><ele>182.0</ele></trkpt>
      <trkpt lat="54.448451" lon="-3.035173"><ele>185.0</ele></trkpt>
      <trkpt lat="54.447806" lon="-3.035446"><ele>197.0</ele></trkpt>
      <trkpt lat="54.447397" lon="-3.035865"><ele>208.0</ele></trkpt>
      <trkpt lat="54.447225" lon="-3.036247"><ele>217.0</ele></trkpt>
      <trkpt lat="54.447058" lon="-3.036811"><ele>223.0</ele></trkpt>
      <trkpt lat="54.446660" lon="-3.037391"><ele>222.0</ele></trkpt>
      <trkpt lat="54.446538" lon="-3.037077"><ele>220.0</ele></trkpt>
      <trkpt lat="54.446439" lon="-3.036978"><ele>220.0</ele></trkpt>
      <trkpt lat="54.445776" lon="-3.037240"><ele>234.0</ele></trkpt>
      <trkpt lat="54.445527" lon="-3.037116"><ele>236.0</ele></trkpt>
      <trkpt lat="54.445258" lon="-3.037206"><ele>241.0</ele></trkpt>
      <trkpt lat="54.445035" lon="-3.037007"><ele>245.0</ele></trkpt>
      <trkpt lat="54.444742" lon="-3.036989"><ele>248.0</ele></trkpt>
      <trkpt lat="54.444029" lon="-3.037163"><ele>255.0</ele></trkpt>
      <trkpt lat="54.443580" lon="-3.037184"><ele>260.0</ele></trkpt>
      <trkpt lat="54.442578" lon="-3.037631"><ele>252.0</ele></trkpt>
      <trkpt lat="54.442449" lon="-3.037349"><ele>250.0</ele></trkpt>
      <trkpt lat="54.442174" lon="-3.037374"><ele>238.0</ele></trkpt>
      <trkpt lat="54.441925" lon="-3.038011"><ele>220.0</ele></trkpt>
      <trkpt lat="54.441710" lon="-3.038371"><ele>207.0</ele></trkpt>
      <trkpt lat="54.441112" lon="-3.038978"><ele>168.0</ele></trkpt>
      <trkpt lat="54.441274" lon="-3.039722"><ele>160.0</ele></trkpt>
      <trkpt lat="54.441409" lon="-3.040048"><ele>156.0</ele></trkpt>
      <trkpt lat="54.441613" lon="-3.040300"><ele>158.0</ele></trkpt>
      <trkpt lat="54.441734" lon="-3.040732"><ele>156.0</ele></trkpt>
      <trkpt lat="54.441858" lon="-3.041486"><ele>154.0</ele></trkpt>
      <trkpt lat="54.441841" lon="-3.042076"><ele>148.0</ele></trkpt>
      <trkpt lat="54.441539" lon="-3.043023"><ele>125.0</ele></trkpt>
      <trkpt lat="54.441554" lon="-3.043485"><ele>125.0</ele></trkpt>
      <trkpt lat="54.441283" lon="-3.043811"><ele>117.0</ele></trkpt>
      <trkpt lat="54.440996" lon="-3.044501"><ele>111.0</ele></trkpt>
      <trkpt lat="54.440881" lon="-3.045571"><ele>109.0</ele></trkpt>
      <trkpt lat="54.440261" lon="-3.048023"><ele>101.0</ele></trkpt>
      <trkpt lat="54.439940" lon="-3.048240"><ele>93.0</ele></trkpt>
      <trkpt lat="54.439475" lon="-3.047960"><ele>88.0</ele></trkpt>
      <trkpt lat="54.438964" lon="-3.047829"><ele>88.0</ele></trkpt>
      <trkpt lat="54.438582" lon="-3.047272"><ele>89.0</ele></trkpt>
      <trkpt lat="54.438020" lon="-3.046678"><ele>83.0</ele></trkpt>
      <trkpt lat="54.438014" lon="-3.045895"><ele>78.0</ele></trkpt>
      <trkpt lat="54.437777" lon="-3.045878"><ele>80.0</ele></trkpt>
      <trkpt lat="54.437532" lon="-3.045335"><ele>80.0</ele></trkpt>
      <trkpt lat="54.437421" lon="-3.044506"><ele>79.0</ele></trkpt>
      <trkpt lat="54.437069" lon="-3.043349"><ele>81.0</ele></trkpt>
      <trkpt lat="54.436755" lon="-3.042869"><ele>80.0</ele></trkpt>
      <trkpt lat="54.435745" lon="-3.042006"><ele>83.0</ele></trkpt>
      <trkpt lat="54.435524" lon="-3.041507"><ele>81.0</ele></trkpt>
      <trkpt lat="54.434945" lon="-3.040655"><ele>79.0</ele></trkpt>
      <trkpt lat="54.434617" lon="-3.040314"><ele>78.0</ele></trkpt>
      <trkpt lat="54.434282" lon="-3.040166"><ele>77.0</ele></trkpt>
      <trkpt lat="54.434078" lon="-3.039935"><ele>75.0</ele></trkpt>
      <trkpt lat="54.434019" lon="-3.039483"><ele>74.0</ele></trkpt>
      <trkpt lat="54.434022" lon="-3.039097"><ele>72.0</ele></trkpt>
      <trkpt lat="54.433864" lon="-3.038685"><ele>69.0</ele></trkpt>
      <trkpt lat="54.433618" lon="-3.038271"><ele>67.0</ele></trkpt>
      <trkpt lat="54.433840" lon="-3.037869"><ele>63.0</ele></trkpt>
      <trkpt lat="54.434229" lon="-3.037525"><ele>68.0</ele></trkpt>
      <trkpt lat="54.433827" lon="-3.037858"><ele>63.0</ele></trkpt>
      <trkpt lat="54.433611" lon="-3.038271"><ele>67.0</ele></trkpt>
      <trkpt lat="54.432921" lon="-3.038007"><ele>69.0</ele></trkpt>
      <trkpt lat="54.432721" lon="-3.038023"><ele>70.0</ele></trkpt>
      <trkpt lat="54.432376" lon="-3.038186"><ele>73.0</ele></trkpt>
      <trkpt lat="54.432009" lon="-3.038102"><ele>74.0</ele></trkpt>
      <trkpt lat="54.431609" lon="-3.038177"><ele>76.0</ele></trkpt>
      <trkpt lat="54.431609" lon="-3.038249"><ele>69.8</ele></trkpt>
      <trkpt lat="54.431992" lon="-3.038210"><ele>68.0</ele></trkpt>
      <trkpt lat="54.432422" lon="-3.038278"><ele>65.8</ele></trkpt>
      <trkpt lat="54.432869" lon="-3.038109"><ele>62.8</ele></trkpt>
      <trkpt lat="54.433543" lon="-3.038330"><ele>62.8</ele></trkpt>
      <trkpt lat="54.433705" lon="-3.038263"><ele>61.0</ele></trkpt>
      <trkpt lat="54.433876" lon="-3.038007"><ele>61.8</ele></trkpt>
      <trkpt lat="54.433439" lon="-3.037357"><ele>59.3</ele></trkpt>
      <trkpt lat="54.433065" lon="-3.036326"><ele>58.3</ele></trkpt>
      <trkpt lat="54.432255" lon="-3.034699"><ele>58.0</ele></trkpt>
      <trkpt lat="54.431809" lon="-3.033945"><ele>57.5</ele></trkpt>
      <trkpt lat="54.431516" lon="-3.032901"><ele>57.0</ele></trkpt>
      <trkpt lat="54.431304" lon="-3.032554"><ele>57.0</ele></trkpt>
      <trkpt lat="54.430851" lon="-3.032060"><ele>57.5</ele></trkpt>
      <trkpt lat="54.430524" lon="-3.031391"><ele>57.0</ele></trkpt>
      <trkpt lat="54.430365" lon="-3.030899"><ele>57.0</ele></trkpt>
      <trkpt lat="54.430312" lon="-3.030534"><ele>57.0</ele></trkpt>
      <trkpt lat="54.430424" lon="-3.029192"><ele>56.0</ele></trkpt>
      <trkpt lat="54.430216" lon="-3.028111"><ele>56.5</ele></trkpt>
      <trkpt lat="54.430424" lon="-3.029192"><ele>56.0</ele></trkpt>
      <trkpt lat="54.430312" lon="-3.030534"><ele>57.0</ele></trkpt>
      <trkpt lat="54.430365" lon="-3.030899"><ele>57.0</ele></trkpt>
      <trkpt lat="54.430524" lon="-3.031391"><ele>57.0</ele></trkpt>
      <trkpt lat="54.430851" lon="-3.032060"><ele>57.5</ele></trkpt>
      <trkpt lat="54.431304" lon="-3.032554"><ele>57.0</ele></trkpt>
      <trkpt lat="54.431516" lon="-3.032901"><ele>57.0</ele></trkpt>
      <trkpt lat="54.431809" lon="-3.033945"><ele>57.5</ele></trkpt>
      <trkpt lat="54.432255" lon="-3.034699"><ele>58.0</ele></trkpt>
      <trkpt lat="54.433065" lon="-3.036326"><ele>58.3</ele></trkpt>
      <trkpt lat="54.433439" lon="-3.037357"><ele>59.3</ele></trkpt>
      <trkpt lat="54.433876" lon="-3.038007"><ele>61.8</ele></trkpt>
      <trkpt lat="54.433705" lon="-3.038263"><ele>61.0</ele></trkpt>
      <trkpt lat="54.433543" lon="-3.038330"><ele>62.8</ele></trkpt>
      <trkpt lat="54.432869" lon="-3.038109"><ele>62.8</ele></trkpt>
      <trkpt lat="54.432422" lon="-3.038278"><ele>65.8</ele></trkpt>
      <trkpt lat="54.431992" lon="-3.038210"><ele>68.0</ele></trkpt>
      <trkpt lat="54.431609" lon="-3.038249"><ele>69.8</ele></trkpt>
      <trkpt lat="54.430953" lon="-3.038976"><ele>81.0</ele></trkpt>
      <trkpt lat="54.430925" lon="-3.039276"><ele>84.0</ele></trkpt>
      <trkpt lat="54.430797" lon="-3.039680"><ele>87.0</ele></trkpt>
      <trkpt lat="54.430485" lon="-3.041164"><ele>103.0</ele></trkpt>
      <trkpt lat="54.430242" lon="-3.041608"><ele>111.0</ele></trkpt>
      <trkpt lat="54.430153" lon="-3.041874"><ele>115.0</ele></trkpt>
      <trkpt lat="54.429413" lon="-3.042918"><ele>130.0</ele></trkpt>
      <trkpt lat="54.429254" lon="-3.043300"><ele>131.0</ele></trkpt>
      <trkpt lat="54.429157" lon="-3.043652"><ele>131.0</ele></trkpt>
      <trkpt lat="54.429160" lon="-3.044038"><ele>133.0</ele></trkpt>
      <trkpt lat="54.429287" lon="-3.044492"><ele>139.0</ele></trkpt>
      <trkpt lat="54.429297" lon="-3.044846"><ele>143.0</ele></trkpt>
      <trkpt lat="54.429157" lon="-3.045186"><ele>144.0</ele></trkpt>
      <trkpt lat="54.428658" lon="-3.045828"><ele>141.0</ele></trkpt>
      <trkpt lat="54.427828" lon="-3.047985"><ele>167.0</ele></trkpt>
      <trkpt lat="54.427424" lon="-3.048554"><ele>173.0</ele></trkpt>
      <trkpt lat="54.427071" lon="-3.048845"><ele>173.0</ele></trkpt>
      <trkpt lat="54.426638" lon="-3.049821"><ele>173.0</ele></trkpt>
      <trkpt lat="54.425520" lon="-3.049975"><ele>168.0</ele></trkpt>
      <trkpt lat="54.424860" lon="-3.049722"><ele>163.0</ele></trkpt>
      <trkpt lat="54.424465" lon="-3.049283"><ele>161.0</ele></trkpt>
      <trkpt lat="54.424302" lon="-3.049278"><ele>160.0</ele></trkpt>
      <trkpt lat="54.424063" lon="-3.049487"><ele>159.0</ele></trkpt>
      <trkpt lat="54.423865" lon="-3.049986"><ele>155.0</ele></trkpt>
      <trkpt lat="54.423549" lon="-3.050439"><ele>151.0</ele></trkpt>
      <trkpt lat="54.422932" lon="-3.051078"><ele>144.0</ele></trkpt>
      <trkpt lat="54.422502" lon="-3.051711"><ele>137.0</ele></trkpt>
      <trkpt lat="54.422336" lon="-3.052136"><ele>132.0</ele></trkpt>
      <trkpt lat="54.422102" lon="-3.052430"><ele>127.0</ele></trkpt>
      <trkpt lat="54.421268" lon="-3.052248"><ele>120.0</ele></trkpt>
      <trkpt lat="54.421373" lon="-3.054482"><ele>121.0</ele></trkpt>
      <trkpt lat="54.421320" lon="-3.054846"><ele>122.0</ele></trkpt>
      <trkpt lat="54.421304" lon="-3.055897"><ele>126.0</ele></trkpt>
      <trkpt lat="54.420661" lon="-3.055966"><ele>119.0</ele></trkpt>
      <trkpt lat="54.420288" lon="-3.056482"><ele>121.0</ele></trkpt>
      <trkpt lat="54.420019" lon="-3.056507"><ele>118.0</ele></trkpt>
      <trkpt lat="54.419680" lon="-3.056788"><ele>116.0</ele></trkpt>
      <trkpt lat="54.419757" lon="-3.057177"><ele>123.0</ele></trkpt>
      <trkpt lat="54.419511" lon="-3.057503"><ele>124.0</ele></trkpt>
      <trkpt lat="54.419317" lon="-3.058238"><ele>129.0</ele></trkpt>
      <trkpt lat="54.418953" lon="-3.059248"><ele>129.0</ele></trkpt>
      <trkpt lat="54.418629" lon="-3.059884"><ele>120.0</ele></trkpt>
      <trkpt lat="54.418296" lon="-3.060798"><ele>113.0</ele></trkpt>
      <trkpt lat="54.418267" lon="-3.061301"><ele>110.0</ele></trkpt>
      <trkpt lat="54.418183" lon="-3.061610"><ele>108.0</ele></trkpt>
      <trkpt lat="54.418126" lon="-3.061584"><ele>105.5</ele></trkpt>
      <trkpt lat="54.418109" lon="-3.061689"><ele>104.8</ele></trkpt>
      <trkpt lat="54.418268" lon="-3.061762"><ele>106.8</ele></trkpt>
      <trkpt lat="54.418365" lon="-3.061597"><ele>110.3</ele></trkpt>
      <trkpt lat="54.418484" lon="-3.061147"><ele>115.8</ele></trkpt>
      <trkpt lat="54.418663" lon="-3.060906"><ele>123.8</ele></trkpt>
      <trkpt lat="54.419239" lon="-3.060385"><ele>132.5</ele></trkpt>
      <trkpt lat="54.419593" lon="-3.059921"><ele>133.0</ele></trkpt>
      <trkpt lat="54.420316" lon="-3.059277"><ele>136.8</ele></trkpt>
      <trkpt lat="54.420417" lon="-3.059374"><ele>137.3</ele></trkpt>
      <trkpt lat="54.420640" lon="-3.059421"><ele>138.5</ele></trkpt>
      <trkpt lat="54.421498" lon="-3.059320"><ele>138.5</ele></trkpt>
      <trkpt lat="54.422008" lon="-3.058896"><ele>138.0</ele></trkpt>
      <trkpt lat="54.422109" lon="-3.059908"><ele>136.8</ele></trkpt>
      <trkpt lat="54.422103" lon="-3.060716"><ele>131.0</ele></trkpt>
      <trkpt lat="54.422156" lon="-3.060955"><ele>129.5</ele></trkpt>
      <trkpt lat="54.422288" lon="-3.061219"><ele>128.3</ele></trkpt>
      <trkpt lat="54.422301" lon="-3.061386"><ele>126.0</ele></trkpt>
      <trkpt lat="54.422213" lon="-3.061779"><ele>122.8</ele></trkpt>
      <trkpt lat="54.421995" lon="-3.062117"><ele>121.8</ele></trkpt>
      <trkpt lat="54.421854" lon="-3.062502"><ele>121.0</ele></trkpt>
      <trkpt lat="54.421925" lon="-3.063668"><ele>114.3</ele></trkpt>
      <trkpt lat="54.422009" lon="-3.064090"><ele>113.3</ele></trkpt>
      <trkpt lat="54.421754" lon="-3.065725"><ele>110.5</ele></trkpt>
      <trkpt lat="54.421714" lon="-3.066372"><ele>108.8</ele></trkpt>
      <trkpt lat="54.421767" lon="-3.066985"><ele>108.8</ele></trkpt>
      <trkpt lat="54.421615" lon="-3.067338"><ele>109.3</ele></trkpt>
      <trkpt lat="54.421228" lon="-3.067960"><ele>112.3</ele></trkpt>
      <trkpt lat="54.421615" lon="-3.067338"><ele>109.3</ele></trkpt>
      <trkpt lat="54.421767" lon="-3.066985"><ele>108.8</ele></trkpt>
      <trkpt lat="54.421714" lon="-3.066372"><ele>108.8</ele></trkpt>
      <trkpt lat="54.421754" lon="-3.065725"><ele>110.5</ele></trkpt>
      <trkpt lat="54.422009" lon="-3.064090"><ele>113.3</ele></trkpt>
      <trkpt lat="54.421925" lon="-3.063668"><ele>114.3</ele></trkpt>
      <trkpt lat="54.421854" lon="-3.062502"><ele>121.0</ele></trkpt>
      <trkpt lat="54.421995" lon="-3.062117"><ele>121.8</ele></trkpt>
      <trkpt lat="54.422213" lon="-3.061779"><ele>122.8</ele></trkpt>
      <trkpt lat="54.422301" lon="-3.061386"><ele>126.0</ele></trkpt>
      <trkpt lat="54.422288" lon="-3.061219"><ele>128.3</ele></trkpt>
      <trkpt lat="54.422156" lon="-3.060955"><ele>129.5</ele></trkpt>
      <trkpt lat="54.422103" lon="-3.060716"><ele>131.0</ele></trkpt>
      <trkpt lat="54.422109" lon="-3.059908"><ele>136.8</ele></trkpt>
      <trkpt lat="54.422008" lon="-3.058896"><ele>138.0</ele></trkpt>
      <trkpt lat="54.421498" lon="-3.059320"><ele>138.5</ele></trkpt>
      <trkpt lat="54.420640" lon="-3.059421"><ele>138.5</ele></trkpt>
      <trkpt lat="54.420417" lon="-3.059374"><ele>137.3</ele></trkpt>
      <trkpt lat="54.420316" lon="-3.059277"><ele>136.8</ele></trkpt>
      <trkpt lat="54.419593" lon="-3.059921"><ele>133.0</ele></trkpt>
      <trkpt lat="54.419239" lon="-3.060385"><ele>132.5</ele></trkpt>
      <trkpt lat="54.418663" lon="-3.060906"><ele>123.8</ele></trkpt>
      <trkpt lat="54.418484" lon="-3.061147"><ele>115.8</ele></trkpt>
      <trkpt lat="54.418365" lon="-3.061597"><ele>110.3</ele></trkpt>
      <trkpt lat="54.418268" lon="-3.061762"><ele>106.8</ele></trkpt>
      <trkpt lat="54.418109" lon="-3.061689"><ele>104.8</ele></trkpt>
      <trkpt lat="54.418126" lon="-3.061584"><ele>105.5</ele></trkpt>
      <trkpt lat="54.417727" lon="-3.061599"><ele>105.0</ele></trkpt>
      <trkpt lat="54.417241" lon="-3.062198"><ele>110.0</ele></trkpt>
      <trkpt lat="54.417184" lon="-3.061595"><ele>113.0</ele></trkpt>
      <trkpt lat="54.417390" lon="-3.060882"><ele>110.0</ele></trkpt>
      <trkpt lat="54.417406" lon="-3.060485"><ele>110.0</ele></trkpt>
      <trkpt lat="54.417180" lon="-3.059192"><ele>115.0</ele></trkpt>
      <trkpt lat="54.416933" lon="-3.058166"><ele>125.0</ele></trkpt>
      <trkpt lat="54.416424" lon="-3.058539"><ele>146.0</ele></trkpt>
      <trkpt lat="54.416939" lon="-3.058166"><ele>124.0</ele></trkpt>
      <trkpt lat="54.416985" lon="-3.057244"><ele>119.0</ele></trkpt>
      <trkpt lat="54.417087" lon="-3.056957"><ele>114.0</ele></trkpt>
      <trkpt lat="54.417011" lon="-3.056397"><ele>113.0</ele></trkpt>
      <trkpt lat="54.416859" lon="-3.055964"><ele>113.0</ele></trkpt>
      <trkpt lat="54.416699" lon="-3.055713"><ele>113.0</ele></trkpt>
      <trkpt lat="54.416124" lon="-3.055688"><ele>119.0</ele></trkpt>
      <trkpt lat="54.415776" lon="-3.055571"><ele>116.0</ele></trkpt>
      <trkpt lat="54.415553" lon="-3.055330"><ele>113.0</ele></trkpt>
      <trkpt lat="54.415525" lon="-3.054943"><ele>112.0</ele></trkpt>
      <trkpt lat="54.415616" lon="-3.054548"><ele>112.0</ele></trkpt>
      <trkpt lat="54.415625" lon="-3.054269"><ele>111.0</ele></trkpt>
      <trkpt lat="54.415527" lon="-3.053966"><ele>110.0</ele></trkpt>
      <trkpt lat="54.415562" lon="-3.053559"><ele>113.0</ele></trkpt>
      <trkpt lat="54.415754" lon="-3.053092"><ele>115.0</ele></trkpt>
      <trkpt lat="54.416401" lon="-3.051939"><ele>121.0</ele></trkpt>
      <trkpt lat="54.416460" lon="-3.051544"><ele>125.0</ele></trkpt>
      <trkpt lat="54.416226" lon="-3.051184"><ele>130.0</ele></trkpt>
      <trkpt lat="54.415323" lon="-3.051686"><ele>143.0</ele></trkpt>
      <trkpt lat="54.415127" lon="-3.051917"><ele>144.0</ele></trkpt>
      <trkpt lat="54.415037" lon="-3.052280"><ele>140.0</ele></trkpt>
      <trkpt lat="54.414855" lon="-3.052350"><ele>144.0</ele></trkpt>
      <trkpt lat="54.414722" lon="-3.052497"><ele>144.0</ele></trkpt>
      <trkpt lat="54.414503" lon="-3.052609"><ele>146.0</ele></trkpt>
      <trkpt lat="54.413997" lon="-3.052607"><ele>154.0</ele></trkpt>
      <trkpt lat="54.413434" lon="-3.052786"><ele>156.0</ele></trkpt>
      <trkpt lat="54.413115" lon="-3.052767"><ele>153.0</ele></trkpt>
      <trkpt lat="54.412792" lon="-3.052565"><ele>151.0</ele></trkpt>
      <trkpt lat="54.411638" lon="-3.052525"><ele>144.0</ele></trkpt>
      <trkpt lat="54.411194" lon="-3.051794"><ele>150.0</ele></trkpt>
      <trkpt lat="54.410805" lon="-3.051387"><ele>157.0</ele></trkpt>
      <trkpt lat="54.409509" lon="-3.051751"><ele>158.0</ele></trkpt>
      <trkpt lat="54.408274" lon="-3.052299"><ele>167.0</ele></trkpt>
      <trkpt lat="54.407691" lon="-3.051812"><ele>165.0</ele></trkpt>
      <trkpt lat="54.406966" lon="-3.052566"><ele>161.0</ele></trkpt>
      <trkpt lat="54.406401" lon="-3.053635"><ele>164.0</ele></trkpt>
      <trkpt lat="54.406966" lon="-3.052576"><ele>161.0</ele></trkpt>
      <trkpt lat="54.407313" lon="-3.052188"><ele>156.0</ele></trkpt>
      <trkpt lat="54.407685" lon="-3.051822"><ele>165.0</ele></trkpt>
      <trkpt lat="54.407908" lon="-3.052000"><ele>167.0</ele></trkpt>
      <trkpt lat="54.407858" lon="-3.052739"><ele>161.0</ele></trkpt>
      <trkpt lat="54.407606" lon="-3.053000"><ele>157.0</ele></trkpt>
      <trkpt lat="54.407628" lon="-3.053301"><ele>157.0</ele></trkpt>
      <trkpt lat="54.407552" lon="-3.054104"><ele>153.0</ele></trkpt>
      <trkpt lat="54.407667" lon="-3.054526"><ele>153.0</ele></trkpt>
      <trkpt lat="54.407700" lon="-3.055009"><ele>154.0</ele></trkpt>
      <trkpt lat="54.407617" lon="-3.055318"><ele>154.0</ele></trkpt>
      <trkpt lat="54.407391" lon="-3.055431"><ele>155.0</ele></trkpt>
      <trkpt lat="54.407202" lon="-3.055630"><ele>155.0</ele></trkpt>
      <trkpt lat="54.407186" lon="-3.056005"><ele>152.0</ele></trkpt>
      <trkpt lat="54.407357" lon="-3.056428"><ele>148.0</ele></trkpt>
      <trkpt lat="54.407561" lon="-3.057452"><ele>142.0</ele></trkpt>
      <trkpt lat="54.407765" lon="-3.057651"><ele>140.0</ele></trkpt>
      <trkpt lat="54.407999" lon="-3.058011"><ele>135.0</ele></trkpt>
      <trkpt lat="54.408377" lon="-3.058375"><ele>132.0</ele></trkpt>
      <trkpt lat="54.408645" lon="-3.059154"><ele>128.0</ele></trkpt>
      <trkpt lat="54.408997" lon="-3.059582"><ele>131.0</ele></trkpt>
      <trkpt lat="54.409046" lon="-3.059712"><ele>132.0</ele></trkpt>
      <trkpt lat="54.409182" lon="-3.059801"><ele>132.0</ele></trkpt>
      <trkpt lat="54.409015" lon="-3.060376"><ele>138.0</ele></trkpt>
      <trkpt lat="54.409110" lon="-3.060905"><ele>145.0</ele></trkpt>
      <trkpt lat="54.408763" lon="-3.061368"><ele>148.0</ele></trkpt>
      <trkpt lat="54.408492" lon="-3.061597"><ele>151.0</ele></trkpt>
      <trkpt lat="54.407893" lon="-3.061560"><ele>150.0</ele></trkpt>
      <trkpt lat="54.407622" lon="-3.061864"><ele>152.0</ele></trkpt>
      <trkpt lat="54.406307" lon="-3.062227"><ele>152.0</ele></trkpt>
      <trkpt lat="54.406026" lon="-3.062220"><ele>151.0</ele></trkpt>
      <trkpt lat="54.405751" lon="-3.062309"><ele>151.0</ele></trkpt>
      <trkpt lat="54.405132" lon="-3.063033"><ele>154.0</ele></trkpt>
      <trkpt lat="54.404781" lon="-3.063947"><ele>161.0</ele></trkpt>
      <trkpt lat="54.404490" lon="-3.064358"><ele>166.0</ele></trkpt>
      <trkpt lat="54.404149" lon="-3.064778"><ele>168.0</ele></trkpt>
      <trkpt lat="54.403849" lon="-3.064813"><ele>165.0</ele></trkpt>
      <trkpt lat="54.403540" lon="-3.065095"><ele>164.0</ele></trkpt>
      <trkpt lat="54.403405" lon="-3.065510"><ele>163.0</ele></trkpt>
      <trkpt lat="54.403372" lon="-3.065799"><ele>161.0</ele></trkpt>
      <trkpt lat="54.403412" lon="-3.066926"><ele>156.0</ele></trkpt>
      <trkpt lat="54.402938" lon="-3.068170"><ele>154.0</ele></trkpt>
      <trkpt lat="54.402736" lon="-3.068475"><ele>153.0</ele></trkpt>
      <trkpt lat="54.402493" lon="-3.069156"><ele>156.0</ele></trkpt>
      <trkpt lat="54.401353" lon="-3.070886"><ele>163.0</ele></trkpt>
      <trkpt lat="54.401082" lon="-3.071147"><ele>163.0</ele></trkpt>
      <trkpt lat="54.400731" lon="-3.071363"><ele>163.0</ele></trkpt>
      <trkpt lat="54.400538" lon="-3.071262"><ele>160.0</ele></trkpt>
      <trkpt lat="54.400312" lon="-3.070612"><ele>156.0</ele></trkpt>
      <trkpt lat="54.399702" lon="-3.069748"><ele>154.0</ele></trkpt>
      <trkpt lat="54.399405" lon="-3.070127"><ele>162.0</ele></trkpt>
      <trkpt lat="54.398871" lon="-3.071186"><ele>183.0</ele></trkpt>
      <trkpt lat="54.398606" lon="-3.071501"><ele>194.0</ele></trkpt>
      <trkpt lat="54.398350" lon="-3.072148"><ele>199.0</ele></trkpt>
      <trkpt lat="54.397231" lon="-3.072945"><ele>225.0</ele></trkpt>
      <trkpt lat="54.396943" lon="-3.073056"><ele>236.0</ele></trkpt>
      <trkpt lat="54.396015" lon="-3.074856"><ele>279.0</ele></trkpt>
      <trkpt lat="54.395829" lon="-3.075387"><ele>285.0</ele></trkpt>
      <trkpt lat="54.395778" lon="-3.076234"><ele>289.0</ele></trkpt>
      <trkpt lat="54.395843" lon="-3.076589"><ele>290.0</ele></trkpt>
      <trkpt lat="54.396016" lon="-3.076862"><ele>288.0</ele></trkpt>
      <trkpt lat="54.396181" lon="-3.077274"><ele>289.0</ele></trkpt>
      <trkpt lat="54.396258" lon="-3.077705"><ele>293.0</ele></trkpt>
      <trkpt lat="54.396714" lon="-3.079069"><ele>295.0</ele></trkpt>
      <trkpt lat="54.396804" lon="-3.079512"><ele>297.0</ele></trkpt>
      <trkpt lat="54.396563" lon="-3.079977"><ele>299.0</ele></trkpt>
      <trkpt lat="54.396185" lon="-3.080322"><ele>304.0</ele></trkpt>
      <trkpt lat="54.395810" lon="-3.080301"><ele>306.0</ele></trkpt>
      <trkpt lat="54.394025" lon="-3.078784"><ele>316.0</ele></trkpt>
      <trkpt lat="54.393701" lon="-3.078657"><ele>316.0</ele></trkpt>
      <trkpt lat="54.393112" lon="-3.078169"><ele>317.0</ele></trkpt>
      <trkpt lat="54.392787" lon="-3.078161"><ele>318.0</ele></trkpt>
      <trkpt lat="54.392191" lon="-3.078456"><ele>324.0</ele></trkpt>
      <trkpt lat="54.391895" lon="-3.078706"><ele>321.0</ele></trkpt>
      <trkpt lat="54.391395" lon="-3.078768"><ele>319.0</ele></trkpt>
      <trkpt lat="54.390885" lon="-3.079119"><ele>320.0</ele></trkpt>
      <trkpt lat="54.390657" lon="-3.078813"><ele>323.0</ele></trkpt>
      <trkpt lat="54.390199" lon="-3.079691"><ele>323.0</ele></trkpt>
      <trkpt lat="54.389902" lon="-3.080048"><ele>326.0</ele></trkpt>
      <trkpt lat="54.389356" lon="-3.080367"><ele>331.0</ele></trkpt>
      <trkpt lat="54.388818" lon="-3.081168"><ele>340.0</ele></trkpt>
      <trkpt lat="54.387846" lon="-3.082945"><ele>358.0</ele></trkpt>
      <trkpt lat="54.387203" lon="-3.083566"><ele>378.0</ele></trkpt>
      <trkpt lat="54.386961" lon="-3.084118"><ele>382.0</ele></trkpt>
      <trkpt lat="54.386532" lon="-3.084546"><ele>390.0</ele></trkpt>
      <trkpt lat="54.386240" lon="-3.085107"><ele>399.0</ele></trkpt>
      <trkpt lat="54.385822" lon="-3.085665"><ele>408.0</ele></trkpt>
      <trkpt lat="54.383973" lon="-3.087687"><ele>412.0</ele></trkpt>
      <trkpt lat="54.383682" lon="-3.088129"><ele>413.0</ele></trkpt>
      <trkpt lat="54.383322" lon="-3.088495"><ele>412.0</ele></trkpt>
      <trkpt lat="54.382910" lon="-3.089171"><ele>410.0</ele></trkpt>
      <trkpt lat="54.382431" lon="-3.089620"><ele>402.0</ele></trkpt>
      <trkpt lat="54.381997" lon="-3.089909"><ele>391.0</ele></trkpt>
      <trkpt lat="54.381783" lon="-3.090182"><ele>381.0</ele></trkpt>
      <trkpt lat="54.380718" lon="-3.090401"><ele>345.0</ele></trkpt>
      <trkpt lat="54.380582" lon="-3.090311"><ele>341.0</ele></trkpt>
      <trkpt lat="54.380399" lon="-3.090467"><ele>330.0</ele></trkpt>
      <trkpt lat="54.380120" lon="-3.090245"><ele>320.0</ele></trkpt>
      <trkpt lat="54.379959" lon="-3.090026"><ele>317.0</ele></trkpt>
      <trkpt lat="54.379661" lon="-3.089868"><ele>306.0</ele></trkpt>
      <trkpt lat="54.379308" lon="-3.089526"><ele>297.0</ele></trkpt>
      <trkpt lat="54.378587" lon="-3.089013"><ele>276.0</ele></trkpt>
      <trkpt lat="54.377790" lon="-3.088724"><ele>256.0</ele></trkpt>
      <trkpt lat="54.377327" lon="-3.088755"><ele>243.0</ele></trkpt>
      <trkpt lat="54.376847" lon="-3.089278"><ele>225.0</ele></trkpt>
      <trkpt lat="54.376640" lon="-3.089423"><ele>219.0</ele></trkpt>
      <trkpt lat="54.376895" lon="-3.089526"><ele>219.0</ele></trkpt>
      <trkpt lat="54.377050" lon="-3.089702"><ele>217.0</ele></trkpt>
      <trkpt lat="54.377066" lon="-3.089949"><ele>213.0</ele></trkpt>
      <trkpt lat="54.376840" lon="-3.090147"><ele>205.0</ele></trkpt>
      <trkpt lat="54.376413" lon="-3.090308"><ele>198.0</ele></trkpt>
      <trkpt lat="54.375223" lon="-3.089933"><ele>184.0</ele></trkpt>
      <trkpt lat="54.374881" lon="-3.089677"><ele>179.0</ele></trkpt>
      <trkpt lat="54.374622" lon="-3.089316"><ele>179.0</ele></trkpt>
      <trkpt lat="54.374043" lon="-3.089086"><ele>169.0</ele></trkpt>
      <trkpt lat="54.373503" lon="-3.088653"><ele>162.0</ele></trkpt>
      <trkpt lat="54.373176" lon="-3.088236"><ele>156.0</ele></trkpt>
      <trkpt lat="54.372784" lon="-3.087346"><ele>147.0</ele></trkpt>
      <trkpt lat="54.372615" lon="-3.086708"><ele>145.0</ele></trkpt>
      <trkpt lat="54.372271" lon="-3.084596"><ele>138.0</ele></trkpt>
      <trkpt lat="54.372328" lon="-3.083771"><ele>129.0</ele></trkpt>
      <trkpt lat="54.372608" lon="-3.081826"><ele>123.0</ele></trkpt>
      <trkpt lat="54.372240" lon="-3.080368"><ele>105.0</ele></trkpt>
      <trkpt lat="54.372188" lon="-3.079915"><ele>102.0</ele></trkpt>
      <trkpt lat="54.372401" lon="-3.079181"><ele>100.0</ele></trkpt>
      <trkpt lat="54.372392" lon="-3.078773"><ele>96.0</ele></trkpt>
      <trkpt lat="54.372190" lon="-3.078360"><ele>92.0</ele></trkpt>
      <trkpt lat="54.371910" lon="-3.078191"><ele>85.0</ele></trkpt>
      <trkpt lat="54.371379" lon="-3.078177"><ele>76.0</ele></trkpt>
      <trkpt lat="54.371067" lon="-3.078094"><ele>71.0</ele></trkpt>
      <trkpt lat="54.370801" lon="-3.077733"><ele>67.0</ele></trkpt>
      <trkpt lat="54.370649" lon="-3.077267"><ele>65.0</ele></trkpt>
      <trkpt lat="54.370465" lon="-3.076887"><ele>64.0</ele></trkpt>
      <trkpt lat="54.370101" lon="-3.076309"><ele>62.0</ele></trkpt>
      <trkpt lat="54.369807" lon="-3.076419"><ele>61.0</ele></trkpt>
      <trkpt lat="54.369306" lon="-3.075794"><ele>60.0</ele></trkpt>
      <trkpt lat="54.368975" lon="-3.075721"><ele>59.0</ele></trkpt>
      <trkpt lat="54.368898" lon="-3.076033"><ele>59.0</ele></trkpt>
      <trkpt lat="54.369101" lon="-3.076468"><ele>61.0</ele></trkpt>
      <trkpt lat="54.369127" lon="-3.077713"><ele>70.0</ele></trkpt>
      <trkpt lat="54.368976" lon="-3.078471"><ele>77.0</ele></trkpt>
      <trkpt lat="54.369117" lon="-3.078861"><ele>78.0</ele></trkpt>
      <trkpt lat="54.369517" lon="-3.079548"><ele>80.0</ele></trkpt>
      <trkpt lat="54.369558" lon="-3.079806"><ele>82.0</ele></trkpt>
      <trkpt lat="54.369944" lon="-3.080696"><ele>86.0</ele></trkpt>
      <trkpt lat="54.370021" lon="-3.081224"><ele>85.0</ele></trkpt>
      <trkpt lat="54.370035" lon="-3.081697"><ele>88.0</ele></trkpt>
      <trkpt lat="54.370132" lon="-3.082042"><ele>92.0</ele></trkpt>
      <trkpt lat="54.370154" lon="-3.082365"><ele>95.0</ele></trkpt>
      <trkpt lat="54.370319" lon="-3.082841"><ele>99.0</ele></trkpt>
      <trkpt lat="54.370975" lon="-3.083545"><ele>109.0</ele></trkpt>
      <trkpt lat="54.371335" lon="-3.084563"><ele>122.0</ele></trkpt>
      <trkpt lat="54.371556" lon="-3.084988"><ele>124.0</ele></trkpt>
      <trkpt lat="54.371871" lon="-3.085425"><ele>129.0</ele></trkpt>
      <trkpt lat="54.372301" lon="-3.086263"><ele>140.0</ele></trkpt>
      <trkpt lat="54.372656" lon="-3.087764"><ele>153.0</ele></trkpt>
      <trkpt lat="54.372792" lon="-3.087993"><ele>155.0</ele></trkpt>
      <trkpt lat="54.372968" lon="-3.087858"><ele>153.0</ele></trkpt>
      <trkpt lat="54.373511" lon="-3.088666"><ele>162.0</ele></trkpt>
      <trkpt lat="54.374038" lon="-3.089066"><ele>169.0</ele></trkpt>
      <trkpt lat="54.374713" lon="-3.089835"><ele>175.0</ele></trkpt>
      <trkpt lat="54.375017" lon="-3.090058"><ele>176.0</ele></trkpt>
      <trkpt lat="54.375398" lon="-3.090722"><ele>176.0</ele></trkpt>
      <trkpt lat="54.375985" lon="-3.091532"><ele>176.0</ele></trkpt>
      <trkpt lat="54.376311" lon="-3.092088"><ele>177.0</ele></trkpt>
      <trkpt lat="54.376768" lon="-3.092680"><ele>181.0</ele></trkpt>
      <trkpt lat="54.376909" lon="-3.093005"><ele>183.0</ele></trkpt>
      <trkpt lat="54.377311" lon="-3.093531"><ele>186.0</ele></trkpt>
      <trkpt lat="54.377686" lon="-3.094904"><ele>193.0</ele></trkpt>
      <trkpt lat="54.377902" lon="-3.095124"><ele>193.0</ele></trkpt>
      <trkpt lat="54.378221" lon="-3.095143"><ele>193.0</ele></trkpt>
      <trkpt lat="54.378429" lon="-3.094934"><ele>195.0</ele></trkpt>
      <trkpt lat="54.379033" lon="-3.095229"><ele>205.0</ele></trkpt>
      <trkpt lat="54.379676" lon="-3.095300"><ele>216.0</ele></trkpt>
      <trkpt lat="54.379924" lon="-3.095425"><ele>222.0</ele></trkpt>
      <trkpt lat="54.380412" lon="-3.096092"><ele>233.0</ele></trkpt>
      <trkpt lat="54.380701" lon="-3.096604"><ele>239.0</ele></trkpt>
      <trkpt lat="54.380772" lon="-3.096403"><ele>242.0</ele></trkpt>
      <trkpt lat="54.380769" lon="-3.096048"><ele>244.0</ele></trkpt>
      <trkpt lat="54.381033" lon="-3.096506"><ele>252.0</ele></trkpt>
      <trkpt lat="54.381777" lon="-3.097223"><ele>286.0</ele></trkpt>
      <trkpt lat="54.382029" lon="-3.096973"><ele>301.0</ele></trkpt>
      <trkpt lat="54.382061" lon="-3.096222"><ele>315.0</ele></trkpt>
      <trkpt lat="54.382039" lon="-3.097960"><ele>294.0</ele></trkpt>
      <trkpt lat="54.382183" lon="-3.098565"><ele>296.0</ele></trkpt>
      <trkpt lat="54.382167" lon="-3.098961"><ele>295.0</ele></trkpt>
      <trkpt lat="54.382231" lon="-3.099467"><ele>295.0</ele></trkpt>
      <trkpt lat="54.382365" lon="-3.099879"><ele>302.0</ele></trkpt>
      <trkpt lat="54.382443" lon="-3.100986"><ele>321.0</ele></trkpt>
      <trkpt lat="54.382680" lon="-3.103021"><ele>374.0</ele></trkpt>
      <trkpt lat="54.382816" lon="-3.103153"><ele>374.0</ele></trkpt>
      <trkpt lat="54.382834" lon="-3.103438"><ele>383.0</ele></trkpt>
      <trkpt lat="54.382855" lon="-3.103953"><ele>401.0</ele></trkpt>
      <trkpt lat="54.382685" lon="-3.104013"><ele>405.0</ele></trkpt>
      <trkpt lat="54.382544" lon="-3.104240"><ele>410.0</ele></trkpt>
      <trkpt lat="54.382585" lon="-3.104585"><ele>413.0</ele></trkpt>
      <trkpt lat="54.382864" lon="-3.105418"><ele>418.0</ele></trkpt>
      <trkpt lat="54.382842" lon="-3.105804"><ele>415.0</ele></trkpt>
      <trkpt lat="54.383218" lon="-3.107091"><ele>413.0</ele></trkpt>
      <trkpt lat="54.383295" lon="-3.107490"><ele>411.0</ele></trkpt>
      <trkpt lat="54.383052" lon="-3.108390"><ele>411.3</ele></trkpt>
      <trkpt lat="54.382777" lon="-3.108600"><ele>411.8</ele></trkpt>
      <trkpt lat="54.382676" lon="-3.108791"><ele>412.5</ele></trkpt>
      <trkpt lat="54.382596" lon="-3.109114"><ele>413.8</ele></trkpt>
      <trkpt lat="54.382254" lon="-3.109698"><ele>413.0</ele></trkpt>
      <trkpt lat="54.382114" lon="-3.110074"><ele>413.8</ele></trkpt>
      <trkpt lat="54.382053" lon="-3.110545"><ele>415.3</ele></trkpt>
      <trkpt lat="54.381966" lon="-3.110742"><ele>417.0</ele></trkpt>
      <trkpt lat="54.381898" lon="-3.111398"><ele>414.0</ele></trkpt>
      <trkpt lat="54.381995" lon="-3.111809"><ele>414.8</ele></trkpt>
      <trkpt lat="54.382381" lon="-3.112870"><ele>414.0</ele></trkpt>
      <trkpt lat="54.382775" lon="-3.113371"><ele>412.5</ele></trkpt>
      <trkpt lat="54.382381" lon="-3.112870"><ele>414.0</ele></trkpt>
      <trkpt lat="54.382264" lon="-3.112577"><ele>413.8</ele></trkpt>
      <trkpt lat="54.381995" lon="-3.111809"><ele>414.8</ele></trkpt>
      <trkpt lat="54.381898" lon="-3.111398"><ele>414.0</ele></trkpt>
      <trkpt lat="54.381904" lon="-3.111178"><ele>414.5</ele></trkpt>
      <trkpt lat="54.381966" lon="-3.110742"><ele>417.0</ele></trkpt>
      <trkpt lat="54.382053" lon="-3.110545"><ele>415.3</ele></trkpt>
      <trkpt lat="54.382114" lon="-3.110074"><ele>413.8</ele></trkpt>
      <trkpt lat="54.382254" lon="-3.109698"><ele>413.0</ele></trkpt>
      <trkpt lat="54.382596" lon="-3.109114"><ele>413.8</ele></trkpt>
      <trkpt lat="54.382676" lon="-3.108791"><ele>412.5</ele></trkpt>
      <trkpt lat="54.382777" lon="-3.108600"><ele>411.8</ele></trkpt>
      <trkpt lat="54.383052" lon="-3.108390"><ele>411.3</ele></trkpt>
      <trkpt lat="54.382804" lon="-3.108625"><ele>410.0</ele></trkpt>
      <trkpt lat="54.382525" lon="-3.109036"><ele>407.0</ele></trkpt>
      <trkpt lat="54.382334" lon="-3.109482"><ele>412.0</ele></trkpt>
      <trkpt lat="54.382091" lon="-3.109566"><ele>417.0</ele></trkpt>
      <trkpt lat="54.381945" lon="-3.109809"><ele>420.0</ele></trkpt>
      <trkpt lat="54.381815" lon="-3.110299"><ele>422.0</ele></trkpt>
      <trkpt lat="54.381543" lon="-3.110045"><ele>431.0</ele></trkpt>
      <trkpt lat="54.381255" lon="-3.110080"><ele>437.0</ele></trkpt>
      <trkpt lat="54.380917" lon="-3.109969"><ele>440.0</ele></trkpt>
      <trkpt lat="54.380460" lon="-3.109989"><ele>433.0</ele></trkpt>
      <trkpt lat="54.379933" lon="-3.109631"><ele>419.0</ele></trkpt>
      <trkpt lat="54.378633" lon="-3.109586"><ele>388.0</ele></trkpt>
      <trkpt lat="54.378476" lon="-3.109689"><ele>386.0</ele></trkpt>
      <trkpt lat="54.377945" lon="-3.109696"><ele>372.0</ele></trkpt>
      <trkpt lat="54.377606" lon="-3.109794"><ele>362.0</ele></trkpt>
      <trkpt lat="54.377308" lon="-3.109571"><ele>354.0</ele></trkpt>
      <trkpt lat="54.376372" lon="-3.109449"><ele>339.0</ele></trkpt>
      <trkpt lat="54.376169" lon="-3.109277"><ele>336.0</ele></trkpt>
      <trkpt lat="54.376016" lon="-3.108469"><ele>338.0</ele></trkpt>
      <trkpt lat="54.375942" lon="-3.108292"><ele>338.0</ele></trkpt>
      <trkpt lat="54.375591" lon="-3.107974"><ele>335.5</ele></trkpt>
      <trkpt lat="54.375499" lon="-3.107719"><ele>332.0</ele></trkpt>
      <trkpt lat="54.375262" lon="-3.107413"><ele>327.5</ele></trkpt>
      <trkpt lat="54.375034" lon="-3.106881"><ele>329.0</ele></trkpt>
      <trkpt lat="54.374891" lon="-3.106041"><ele>330.5</ele></trkpt>
      <trkpt lat="54.374672" lon="-3.105247"><ele>325.8</ele></trkpt>
      <trkpt lat="54.374486" lon="-3.104852"><ele>324.3</ele></trkpt>
      <trkpt lat="54.374272" lon="-3.104018"><ele>318.0</ele></trkpt>
      <trkpt lat="54.373797" lon="-3.103616"><ele>313.5</ele></trkpt>
      <trkpt lat="54.373458" lon="-3.103627"><ele>313.8</ele></trkpt>
      <trkpt lat="54.373178" lon="-3.103308"><ele>311.3</ele></trkpt>
      <trkpt lat="54.373042" lon="-3.103500"><ele>312.3</ele></trkpt>
      <trkpt lat="54.372955" lon="-3.103795"><ele>313.3</ele></trkpt>
      <trkpt lat="54.372969" lon="-3.103924"><ele>314.3</ele></trkpt>
      <trkpt lat="54.372995" lon="-3.104006"><ele>315.8</ele></trkpt>
      <trkpt lat="54.373211" lon="-3.104123"><ele>321.5</ele></trkpt>
      <trkpt lat="54.373249" lon="-3.104377"><ele>325.8</ele></trkpt>
      <trkpt lat="54.373345" lon="-3.104491"><ele>329.0</ele></trkpt>
      <trkpt lat="54.373378" lon="-3.104631"><ele>332.0</ele></trkpt>
      <trkpt lat="54.372883" lon="-3.105480"><ele>353.3</ele></trkpt>
      <trkpt lat="54.372804" lon="-3.105844"><ele>358.0</ele></trkpt>
      <trkpt lat="54.372825" lon="-3.106091"><ele>363.3</ele></trkpt>
      <trkpt lat="54.373253" lon="-3.106727"><ele>376.5</ele></trkpt>
      <trkpt lat="54.373265" lon="-3.106838"><ele>377.5</ele></trkpt>
      <trkpt lat="54.373150" lon="-3.107282"><ele>385.5</ele></trkpt>
      <trkpt lat="54.373283" lon="-3.107578"><ele>390.5</ele></trkpt>
      <trkpt lat="54.373353" lon="-3.108820"><ele>408.0</ele></trkpt>
      <trkpt lat="54.373247" lon="-3.109608"><ele>430.5</ele></trkpt>
      <trkpt lat="54.372870" lon="-3.109971"><ele>442.3</ele></trkpt>
      <trkpt lat="54.372939" lon="-3.110503"><ele>448.5</ele></trkpt>
      <trkpt lat="54.372932" lon="-3.110869"><ele>457.0</ele></trkpt>
      <trkpt lat="54.373158" lon="-3.111621"><ele>473.3</ele></trkpt>
      <trkpt lat="54.373154" lon="-3.111772"><ele>477.0</ele></trkpt>
      <trkpt lat="54.373044" lon="-3.111931"><ele>482.0</ele></trkpt>
      <trkpt lat="54.373369" lon="-3.112258"><ele>491.8</ele></trkpt>
      <trkpt lat="54.373395" lon="-3.112365"><ele>492.8</ele></trkpt>
      <trkpt lat="54.373255" lon="-3.113063"><ele>505.8</ele></trkpt>
      <trkpt lat="54.373118" lon="-3.113389"><ele>512.8</ele></trkpt>
      <trkpt lat="54.373326" lon="-3.113898"><ele>518.3</ele></trkpt>
      <trkpt lat="54.373876" lon="-3.114906"><ele>533.5</ele></trkpt>
      <trkpt lat="54.374165" lon="-3.115977"><ele>545.5</ele></trkpt>
      <trkpt lat="54.374384" lon="-3.116605"><ele>546.0</ele></trkpt>
      <trkpt lat="54.374533" lon="-3.116720"><ele>544.8</ele></trkpt>
      <trkpt lat="54.374384" lon="-3.116605"><ele>546.0</ele></trkpt>
      <trkpt lat="54.374165" lon="-3.115977"><ele>545.5</ele></trkpt>
      <trkpt lat="54.373876" lon="-3.114906"><ele>533.5</ele></trkpt>
      <trkpt lat="54.373326" lon="-3.113898"><ele>518.3</ele></trkpt>
      <trkpt lat="54.373118" lon="-3.113389"><ele>512.8</ele></trkpt>
      <trkpt lat="54.373255" lon="-3.113063"><ele>505.8</ele></trkpt>
      <trkpt lat="54.373395" lon="-3.112365"><ele>492.8</ele></trkpt>
      <trkpt lat="54.373369" lon="-3.112258"><ele>491.8</ele></trkpt>
      <trkpt lat="54.373044" lon="-3.111931"><ele>482.0</ele></trkpt>
      <trkpt lat="54.373154" lon="-3.111772"><ele>477.0</ele></trkpt>
      <trkpt lat="54.373158" lon="-3.111621"><ele>473.3</ele></trkpt>
      <trkpt lat="54.372932" lon="-3.110869"><ele>457.0</ele></trkpt>
      <trkpt lat="54.372939" lon="-3.110503"><ele>448.5</ele></trkpt>
      <trkpt lat="54.372870" lon="-3.109971"><ele>442.3</ele></trkpt>
      <trkpt lat="54.373247" lon="-3.109608"><ele>430.5</ele></trkpt>
      <trkpt lat="54.373353" lon="-3.108820"><ele>408.0</ele></trkpt>
      <trkpt lat="54.373283" lon="-3.107578"><ele>390.5</ele></trkpt>
      <trkpt lat="54.373150" lon="-3.107282"><ele>385.5</ele></trkpt>
      <trkpt lat="54.373265" lon="-3.106838"><ele>377.5</ele></trkpt>
      <trkpt lat="54.373253" lon="-3.106727"><ele>376.5</ele></trkpt>
      <trkpt lat="54.372825" lon="-3.106091"><ele>363.3</ele></trkpt>
      <trkpt lat="54.372804" lon="-3.105844"><ele>358.0</ele></trkpt>
      <trkpt lat="54.372883" lon="-3.105480"><ele>353.3</ele></trkpt>
      <trkpt lat="54.373378" lon="-3.104631"><ele>332.0</ele></trkpt>
      <trkpt lat="54.373345" lon="-3.104491"><ele>329.0</ele></trkpt>
      <trkpt lat="54.373249" lon="-3.104377"><ele>325.8</ele></trkpt>
      <trkpt lat="54.373211" lon="-3.104123"><ele>321.5</ele></trkpt>
      <trkpt lat="54.372995" lon="-3.104006"><ele>315.8</ele></trkpt>
      <trkpt lat="54.372969" lon="-3.103924"><ele>314.3</ele></trkpt>
      <trkpt lat="54.372955" lon="-3.103795"><ele>313.3</ele></trkpt>
      <trkpt lat="54.373042" lon="-3.103500"><ele>312.3</ele></trkpt>
      <trkpt lat="54.373178" lon="-3.103308"><ele>311.3</ele></trkpt>
      <trkpt lat="54.373458" lon="-3.103627"><ele>313.8</ele></trkpt>
      <trkpt lat="54.373797" lon="-3.103616"><ele>313.5</ele></trkpt>
      <trkpt lat="54.374272" lon="-3.104018"><ele>318.0</ele></trkpt>
      <trkpt lat="54.374486" lon="-3.104852"><ele>324.3</ele></trkpt>
      <trkpt lat="54.374672" lon="-3.105247"><ele>325.8</ele></trkpt>
      <trkpt lat="54.374891" lon="-3.106041"><ele>330.5</ele></trkpt>
      <trkpt lat="54.375034" lon="-3.106881"><ele>329.0</ele></trkpt>
      <trkpt lat="54.375262" lon="-3.107413"><ele>327.5</ele></trkpt>
      <trkpt lat="54.375499" lon="-3.107719"><ele>332.0</ele></trkpt>
      <trkpt lat="54.375591" lon="-3.107974"><ele>335.5</ele></trkpt>
      <trkpt lat="54.375942" lon="-3.108292"><ele>338.0</ele></trkpt>
      <trkpt lat="54.376016" lon="-3.108469"><ele>338.0</ele></trkpt>
      <trkpt lat="54.376169" lon="-3.109277"><ele>336.0</ele></trkpt>
      <trkpt lat="54.376506" lon="-3.109465"><ele>341.3</ele></trkpt>
      <trkpt lat="54.376711" lon="-3.109385"><ele>345.5</ele></trkpt>
      <trkpt lat="54.377129" lon="-3.109504"><ele>352.3</ele></trkpt>
      <trkpt lat="54.377243" lon="-3.109451"><ele>354.5</ele></trkpt>
      <trkpt lat="54.377420" lon="-3.109649"><ele>360.3</ele></trkpt>
      <trkpt lat="54.377568" lon="-3.109699"><ele>365.0</ele></trkpt>
      <trkpt lat="54.378048" lon="-3.109427"><ele>380.3</ele></trkpt>
      <trkpt lat="54.378903" lon="-3.109396"><ele>394.3</ele></trkpt>
      <trkpt lat="54.379177" lon="-3.109572"><ele>398.8</ele></trkpt>
      <trkpt lat="54.379617" lon="-3.109562"><ele>406.5</ele></trkpt>
      <trkpt lat="54.380219" lon="-3.109826"><ele>422.8</ele></trkpt>
      <trkpt lat="54.380718" lon="-3.109953"><ele>431.3</ele></trkpt>
      <trkpt lat="54.380813" lon="-3.110281"><ele>437.5</ele></trkpt>
      <trkpt lat="54.381000" lon="-3.110566"><ele>443.5</ele></trkpt>
      <trkpt lat="54.381469" lon="-3.111029"><ele>432.8</ele></trkpt>
      <trkpt lat="54.381759" lon="-3.112028"><ele>429.5</ele></trkpt>
      <trkpt lat="54.381923" lon="-3.113099"><ele>437.0</ele></trkpt>
      <trkpt lat="54.382078" lon="-3.113353"><ele>434.0</ele></trkpt>
      <trkpt lat="54.382153" lon="-3.113667"><ele>435.8</ele></trkpt>
      <trkpt lat="54.382454" lon="-3.114246"><ele>434.3</ele></trkpt>
      <trkpt lat="54.382917" lon="-3.114783"><ele>431.8</ele></trkpt>
      <trkpt lat="54.383160" lon="-3.115126"><ele>431.0</ele></trkpt>
      <trkpt lat="54.383254" lon="-3.115383"><ele>432.8</ele></trkpt>
      <trkpt lat="54.383722" lon="-3.115962"><ele>431.5</ele></trkpt>
      <trkpt lat="54.384072" lon="-3.116091"><ele>428.5</ele></trkpt>
      <trkpt lat="54.384462" lon="-3.116649"><ele>435.0</ele></trkpt>
      <trkpt lat="54.384728" lon="-3.116928"><ele>436.5</ele></trkpt>
      <trkpt lat="54.384957" lon="-3.117061"><ele>440.0</ele></trkpt>
      <trkpt lat="54.385124" lon="-3.117020"><ele>442.3</ele></trkpt>
      <trkpt lat="54.385214" lon="-3.117116"><ele>446.3</ele></trkpt>
      <trkpt lat="54.385238" lon="-3.117194"><ele>448.3</ele></trkpt>
      <trkpt lat="54.385193" lon="-3.117472"><ele>454.8</ele></trkpt>
      <trkpt lat="54.385293" lon="-3.117672"><ele>464.0</ele></trkpt>
      <trkpt lat="54.385333" lon="-3.117949"><ele>473.3</ele></trkpt>
      <trkpt lat="54.385199" lon="-3.119131"><ele>498.3</ele></trkpt>
      <trkpt lat="54.384928" lon="-3.120295"><ele>534.8</ele></trkpt>
      <trkpt lat="54.384727" lon="-3.120586"><ele>545.3</ele></trkpt>
      <trkpt lat="54.384690" lon="-3.120727"><ele>548.3</ele></trkpt>
      <trkpt lat="54.384717" lon="-3.121136"><ele>556.5</ele></trkpt>
      <trkpt lat="54.384639" lon="-3.121344"><ele>560.8</ele></trkpt>
      <trkpt lat="54.384576" lon="-3.121786"><ele>572.0</ele></trkpt>
      <trkpt lat="54.384616" lon="-3.121857"><ele>574.5</ele></trkpt>
      <trkpt lat="54.384585" lon="-3.122043"><ele>580.5</ele></trkpt>
      <trkpt lat="54.384665" lon="-3.122422"><ele>596.5</ele></trkpt>
      <trkpt lat="54.384638" lon="-3.122517"><ele>599.5</ele></trkpt>
      <trkpt lat="54.384686" lon="-3.122530"><ele>601.0</ele></trkpt>
      <trkpt lat="54.384729" lon="-3.122774"><ele>611.0</ele></trkpt>
      <trkpt lat="54.384865" lon="-3.122864"><ele>618.3</ele></trkpt>
      <trkpt lat="54.385045" lon="-3.123253"><ele>638.0</ele></trkpt>
      <trkpt lat="54.385089" lon="-3.123512"><ele>650.8</ele></trkpt>
      <trkpt lat="54.385063" lon="-3.123858"><ele>662.8</ele></trkpt>
      <trkpt lat="54.385122" lon="-3.123867"><ele>665.5</ele></trkpt>
      <trkpt lat="54.385104" lon="-3.124123"><ele>675.0</ele></trkpt>
      <trkpt lat="54.385293" lon="-3.124570"><ele>680.5</ele></trkpt>
      <trkpt lat="54.384454" lon="-3.124654"><ele>690.5</ele></trkpt>
      <trkpt lat="54.383567" lon="-3.124561"><ele>707.8</ele></trkpt>
      <trkpt lat="54.383320" lon="-3.124575"><ele>709.5</ele></trkpt>
      <trkpt lat="54.382900" lon="-3.124744"><ele>714.5</ele></trkpt>
      <trkpt lat="54.382533" lon="-3.124709"><ele>721.0</ele></trkpt>
      <trkpt lat="54.381881" lon="-3.124437"><ele>737.5</ele></trkpt>
      <trkpt lat="54.381779" lon="-3.124508"><ele>740.5</ele></trkpt>
      <trkpt lat="54.381101" lon="-3.124433"><ele>754.0</ele></trkpt>
      <trkpt lat="54.380754" lon="-3.124482"><ele>762.5</ele></trkpt>
      <trkpt lat="54.380322" lon="-3.124187"><ele>771.0</ele></trkpt>
      <trkpt lat="54.379165" lon="-3.124014"><ele>782.0</ele></trkpt>
      <trkpt lat="54.378761" lon="-3.123796"><ele>787.5</ele></trkpt>
      <trkpt lat="54.377341" lon="-3.124253"><ele>795.3</ele></trkpt>
      <trkpt lat="54.376678" lon="-3.124250"><ele>792.0</ele></trkpt>
      <trkpt lat="54.375828" lon="-3.124135"><ele>782.8</ele></trkpt>
      <trkpt lat="54.375057" lon="-3.123867"><ele>778.0</ele></trkpt>
      <trkpt lat="54.374400" lon="-3.123741"><ele>776.0</ele></trkpt>
      <trkpt lat="54.373786" lon="-3.123725"><ele>776.5</ele></trkpt>
      <trkpt lat="54.373060" lon="-3.123297"><ele>784.0</ele></trkpt>
      <trkpt lat="54.372058" lon="-3.123307"><ele>785.8</ele></trkpt>
      <trkpt lat="54.371704" lon="-3.123188"><ele>783.0</ele></trkpt>
      <trkpt lat="54.371037" lon="-3.122406"><ele>794.0</ele></trkpt>
      <trkpt lat="54.370705" lon="-3.121813"><ele>799.5</ele></trkpt>
      <trkpt lat="54.371037" lon="-3.122406"><ele>794.0</ele></trkpt>
      <trkpt lat="54.371704" lon="-3.123188"><ele>783.0</ele></trkpt>
      <trkpt lat="54.372405" lon="-3.124654"><ele>767.5</ele></trkpt>
      <trkpt lat="54.373659" lon="-3.125938"><ele>751.5</ele></trkpt>
      <trkpt lat="54.373923" lon="-3.126428"><ele>740.0</ele></trkpt>
      <trkpt lat="54.374204" lon="-3.126773"><ele>735.8</ele></trkpt>
      <trkpt lat="54.374464" lon="-3.127601"><ele>720.3</ele></trkpt>
      <trkpt lat="54.374578" lon="-3.128609"><ele>696.8</ele></trkpt>
      <trkpt lat="54.374466" lon="-3.128777"><ele>689.8</ele></trkpt>
      <trkpt lat="54.374546" lon="-3.129532"><ele>671.5</ele></trkpt>
      <trkpt lat="54.374486" lon="-3.129871"><ele>664.3</ele></trkpt>
      <trkpt lat="54.374456" lon="-3.130476"><ele>653.3</ele></trkpt>
      <trkpt lat="54.374409" lon="-3.130578"><ele>650.3</ele></trkpt>
      <trkpt lat="54.374305" lon="-3.130627"><ele>645.8</ele></trkpt>
      <trkpt lat="54.374630" lon="-3.130800"><ele>651.5</ele></trkpt>
      <trkpt lat="54.374317" lon="-3.132830"><ele>656.5</ele></trkpt>
      <trkpt lat="54.374301" lon="-3.133424"><ele>661.0</ele></trkpt>
      <trkpt lat="54.374423" lon="-3.134531"><ele>675.0</ele></trkpt>
      <trkpt lat="54.374284" lon="-3.134877"><ele>683.0</ele></trkpt>
      <trkpt lat="54.374175" lon="-3.134886"><ele>685.8</ele></trkpt>
      <trkpt lat="54.373922" lon="-3.135412"><ele>698.5</ele></trkpt>
      <trkpt lat="54.373659" lon="-3.135366"><ele>702.0</ele></trkpt>
      <trkpt lat="54.373207" lon="-3.135822"><ele>716.8</ele></trkpt>
      <trkpt lat="54.373090" lon="-3.136043"><ele>721.3</ele></trkpt>
      <trkpt lat="54.372946" lon="-3.136077"><ele>723.3</ele></trkpt>
      <trkpt lat="54.372864" lon="-3.136248"><ele>726.3</ele></trkpt>
      <trkpt lat="54.372644" lon="-3.136297"><ele>730.3</ele></trkpt>
      <trkpt lat="54.372292" lon="-3.136613"><ele>739.8</ele></trkpt>
      <trkpt lat="54.371965" lon="-3.136728"><ele>745.8</ele></trkpt>
      <trkpt lat="54.371915" lon="-3.136814"><ele>746.8</ele></trkpt>
      <trkpt lat="54.371550" lon="-3.136825"><ele>752.3</ele></trkpt>
      <trkpt lat="54.371250" lon="-3.136953"><ele>758.8</ele></trkpt>
      <trkpt lat="54.370916" lon="-3.136984"><ele>761.8</ele></trkpt>
      <trkpt lat="54.370867" lon="-3.136894"><ele>762.0</ele></trkpt>
      <trkpt lat="54.370472" lon="-3.136659"><ele>770.5</ele></trkpt>
      <trkpt lat="54.370274" lon="-3.136730"><ele>773.0</ele></trkpt>
      <trkpt lat="54.369935" lon="-3.136681"><ele>768.3</ele></trkpt>
      <trkpt lat="54.369632" lon="-3.136906"><ele>760.5</ele></trkpt>
      <trkpt lat="54.369072" lon="-3.136974"><ele>753.5</ele></trkpt>
      <trkpt lat="54.369025" lon="-3.137102"><ele>750.5</ele></trkpt>
      <trkpt lat="54.368898" lon="-3.137208"><ele>747.3</ele></trkpt>
      <trkpt lat="54.368684" lon="-3.137254"><ele>742.5</ele></trkpt>
      <trkpt lat="54.368331" lon="-3.136951"><ele>743.8</ele></trkpt>
      <trkpt lat="54.367846" lon="-3.136991"><ele>737.3</ele></trkpt>
      <trkpt lat="54.367629" lon="-3.136678"><ele>734.5</ele></trkpt>
      <trkpt lat="54.367549" lon="-3.136650"><ele>734.5</ele></trkpt>
      <trkpt lat="54.367303" lon="-3.136652"><ele>737.0</ele></trkpt>
      <trkpt lat="54.366887" lon="-3.136789"><ele>735.5</ele></trkpt>
      <trkpt lat="54.366274" lon="-3.136687"><ele>738.3</ele></trkpt>
      <trkpt lat="54.365246" lon="-3.136797"><ele>740.8</ele></trkpt>
      <trkpt lat="54.365169" lon="-3.136736"><ele>740.0</ele></trkpt>
      <trkpt lat="54.364711" lon="-3.137265"><ele>734.0</ele></trkpt>
      <trkpt lat="54.364417" lon="-3.137883"><ele>725.0</ele></trkpt>
      <trkpt lat="54.364422" lon="-3.138083"><ele>722.8</ele></trkpt>
      <trkpt lat="54.364288" lon="-3.138253"><ele>716.8</ele></trkpt>
      <trkpt lat="54.364187" lon="-3.138533"><ele>710.5</ele></trkpt>
      <trkpt lat="54.363904" lon="-3.138492"><ele>700.3</ele></trkpt>
      <trkpt lat="54.363243" lon="-3.139112"><ele>693.5</ele></trkpt>
      <trkpt lat="54.362540" lon="-3.139378"><ele>682.8</ele></trkpt>
      <trkpt lat="54.361067" lon="-3.139426"><ele>670.0</ele></trkpt>
      <trkpt lat="54.360603" lon="-3.139594"><ele>669.3</ele></trkpt>
      <trkpt lat="54.360191" lon="-3.139258"><ele>674.3</ele></trkpt>
      <trkpt lat="54.359880" lon="-3.139124"><ele>676.3</ele></trkpt>
      <trkpt lat="54.359704" lon="-3.138935"><ele>678.8</ele></trkpt>
      <trkpt lat="54.359423" lon="-3.138826"><ele>678.5</ele></trkpt>
      <trkpt lat="54.359331" lon="-3.139032"><ele>673.5</ele></trkpt>
      <trkpt lat="54.359272" lon="-3.139948"><ele>655.8</ele></trkpt>
      <trkpt lat="54.359413" lon="-3.140528"><ele>648.0</ele></trkpt>
      <trkpt lat="54.359087" lon="-3.140692"><ele>641.5</ele></trkpt>
      <trkpt lat="54.358983" lon="-3.140909"><ele>636.3</ele></trkpt>
      <trkpt lat="54.359019" lon="-3.141547"><ele>626.3</ele></trkpt>
      <trkpt lat="54.358852" lon="-3.141882"><ele>617.8</ele></trkpt>
      <trkpt lat="54.358908" lon="-3.142112"><ele>615.3</ele></trkpt>
      <trkpt lat="54.358891" lon="-3.142368"><ele>610.8</ele></trkpt>
      <trkpt lat="54.358681" lon="-3.142370"><ele>607.5</ele></trkpt>
      <trkpt lat="54.358553" lon="-3.142576"><ele>605.3</ele></trkpt>
      <trkpt lat="54.358353" lon="-3.142671"><ele>604.5</ele></trkpt>
      <trkpt lat="54.358406" lon="-3.143461"><ele>599.0</ele></trkpt>
      <trkpt lat="54.358501" lon="-3.143663"><ele>595.3</ele></trkpt>
      <trkpt lat="54.358675" lon="-3.143829"><ele>590.8</ele></trkpt>
      <trkpt lat="54.358706" lon="-3.144049"><ele>586.8</ele></trkpt>
      <trkpt lat="54.358464" lon="-3.144508"><ele>579.8</ele></trkpt>
      <trkpt lat="54.358133" lon="-3.146098"><ele>552.0</ele></trkpt>
      <trkpt lat="54.357236" lon="-3.148617"><ele>520.3</ele></trkpt>
      <trkpt lat="54.356860" lon="-3.149933"><ele>501.0</ele></trkpt>
      <trkpt lat="54.356576" lon="-3.150586"><ele>493.8</ele></trkpt>
      <trkpt lat="54.356462" lon="-3.151007"><ele>487.5</ele></trkpt>
      <trkpt lat="54.356095" lon="-3.151735"><ele>479.3</ele></trkpt>
      <trkpt lat="54.355869" lon="-3.152365"><ele>473.8</ele></trkpt>
      <trkpt lat="54.355887" lon="-3.152841"><ele>465.0</ele></trkpt>
      <trkpt lat="54.355821" lon="-3.153285"><ele>460.3</ele></trkpt>
      <trkpt lat="54.355830" lon="-3.154282"><ele>446.3</ele></trkpt>
      <trkpt lat="54.355966" lon="-3.154502"><ele>439.5</ele></trkpt>
      <trkpt lat="54.356297" lon="-3.154749"><ele>428.8</ele></trkpt>
      <trkpt lat="54.356514" lon="-3.155179"><ele>419.3</ele></trkpt>
      <trkpt lat="54.356632" lon="-3.155228"><ele>415.5</ele></trkpt>
      <trkpt lat="54.356743" lon="-3.155530"><ele>410.0</ele></trkpt>
      <trkpt lat="54.357040" lon="-3.156014"><ele>400.5</ele></trkpt>
      <trkpt lat="54.357350" lon="-3.156317"><ele>392.0</ele></trkpt>
      <trkpt lat="54.357508" lon="-3.156943"><ele>381.8</ele></trkpt>
      <trkpt lat="54.357509" lon="-3.157164"><ele>378.5</ele></trkpt>
      <trkpt lat="54.357674" lon="-3.157540"><ele>371.3</ele></trkpt>
      <trkpt lat="54.357847" lon="-3.157730"><ele>365.0</ele></trkpt>
      <trkpt lat="54.358016" lon="-3.158046"><ele>360.0</ele></trkpt>
      <trkpt lat="54.358064" lon="-3.158326"><ele>358.0</ele></trkpt>
      <trkpt lat="54.358297" lon="-3.158762"><ele>353.0</ele></trkpt>
      <trkpt lat="54.358620" lon="-3.159018"><ele>349.0</ele></trkpt>
      <trkpt lat="54.358767" lon="-3.159248"><ele>344.0</ele></trkpt>
      <trkpt lat="54.359025" lon="-3.160489"><ele>333.0</ele></trkpt>
      <trkpt lat="54.359171" lon="-3.160826"><ele>329.0</ele></trkpt>
      <trkpt lat="54.359338" lon="-3.161023"><ele>324.0</ele></trkpt>
      <trkpt lat="54.359568" lon="-3.161137"><ele>318.0</ele></trkpt>
      <trkpt lat="54.359729" lon="-3.161356"><ele>313.0</ele></trkpt>
      <trkpt lat="54.359854" lon="-3.162015"><ele>307.0</ele></trkpt>
      <trkpt lat="54.359868" lon="-3.162455"><ele>302.0</ele></trkpt>
      <trkpt lat="54.360255" lon="-3.163818"><ele>285.0</ele></trkpt>
      <trkpt lat="54.360353" lon="-3.164733"><ele>273.0</ele></trkpt>
      <trkpt lat="54.360468" lon="-3.165112"><ele>267.0</ele></trkpt>
      <trkpt lat="54.360663" lon="-3.166340"><ele>249.0</ele></trkpt>
      <trkpt lat="54.360653" lon="-3.167306"><ele>238.0</ele></trkpt>
      <trkpt lat="54.360755" lon="-3.167738"><ele>232.0</ele></trkpt>
      <trkpt lat="54.360498" lon="-3.168525"><ele>222.0</ele></trkpt>
      <trkpt lat="54.360600" lon="-3.168978"><ele>217.0</ele></trkpt>
      <trkpt lat="54.361016" lon="-3.169913"><ele>201.0</ele></trkpt>
      <trkpt lat="54.360906" lon="-3.170285"><ele>196.0</ele></trkpt>
      <trkpt lat="54.361004" lon="-3.170535"><ele>193.0</ele></trkpt>
      <trkpt lat="54.361155" lon="-3.172943"><ele>174.0</ele></trkpt>
      <trkpt lat="54.361570" lon="-3.174039"><ele>168.0</ele></trkpt>
      <trkpt lat="54.361611" lon="-3.174941"><ele>166.0</ele></trkpt>
      <trkpt lat="54.361688" lon="-3.175405"><ele>167.0</ele></trkpt>
      <trkpt lat="54.362841" lon="-3.176393"><ele>161.0</ele></trkpt>
      <trkpt lat="54.363001" lon="-3.176655"><ele>160.0</ele></trkpt>
      <trkpt lat="54.363842" lon="-3.176980"><ele>151.0</ele></trkpt>
      <trkpt lat="54.364194" lon="-3.178084"><ele>147.0</ele></trkpt>
      <trkpt lat="54.364355" lon="-3.178282"><ele>146.0</ele></trkpt>
      <trkpt lat="54.364717" lon="-3.178293"><ele>146.0</ele></trkpt>
      <trkpt lat="54.364921" lon="-3.178534"><ele>145.0</ele></trkpt>
      <trkpt lat="54.365131" lon="-3.180096"><ele>143.0</ele></trkpt>
      <trkpt lat="54.365122" lon="-3.181030"><ele>141.0</ele></trkpt>
      <trkpt lat="54.365346" lon="-3.181122"><ele>142.0</ele></trkpt>
      <trkpt lat="54.365406" lon="-3.180737"><ele>142.0</ele></trkpt>
      <trkpt lat="54.365989" lon="-3.181237"><ele>151.0</ele></trkpt>
      <trkpt lat="54.366644" lon="-3.180033"><ele>159.0</ele></trkpt>
      <trkpt lat="54.366718" lon="-3.180153"><ele>161.0</ele></trkpt>
      <trkpt lat="54.366458" lon="-3.181175"><ele>161.0</ele></trkpt>
      <trkpt lat="54.366313" lon="-3.181987"><ele>161.0</ele></trkpt>
      <trkpt lat="54.366307" lon="-3.182577"><ele>161.0</ele></trkpt>
      <trkpt lat="54.366403" lon="-3.182977"><ele>163.0</ele></trkpt>
      <trkpt lat="54.366650" lon="-3.183327"><ele>169.0</ele></trkpt>
      <trkpt lat="54.366883" lon="-3.183784"><ele>177.0</ele></trkpt>
      <trkpt lat="54.367028" lon="-3.184926"><ele>179.0</ele></trkpt>
      <trkpt lat="54.366947" lon="-3.185524"><ele>177.0</ele></trkpt>
      <trkpt lat="54.367044" lon="-3.185806"><ele>174.0</ele></trkpt>
      <trkpt lat="54.367535" lon="-3.186711"><ele>164.0</ele></trkpt>
      <trkpt lat="54.367901" lon="-3.187022"><ele>162.0</ele></trkpt>
      <trkpt lat="54.368167" lon="-3.187352"><ele>159.0</ele></trkpt>
      <trkpt lat="54.368182" lon="-3.187685"><ele>154.0</ele></trkpt>
      <trkpt lat="54.368411" lon="-3.187949"><ele>151.0</ele></trkpt>
      <trkpt lat="54.368474" lon="-3.188519"><ele>148.0</ele></trkpt>
      <trkpt lat="54.368213" lon="-3.189006"><ele>149.0</ele></trkpt>
      <trkpt lat="54.368128" lon="-3.189379"><ele>154.0</ele></trkpt>
      <trkpt lat="54.367633" lon="-3.189525"><ele>147.0</ele></trkpt>
      <trkpt lat="54.367465" lon="-3.190036"><ele>150.0</ele></trkpt>
      <trkpt lat="54.367240" lon="-3.190029"><ele>148.0</ele></trkpt>
      <trkpt lat="54.366793" lon="-3.189748"><ele>146.0</ele></trkpt>
      <trkpt lat="54.366107" lon="-3.189524"><ele>148.0</ele></trkpt>
      <trkpt lat="54.365761" lon="-3.189540"><ele>152.0</ele></trkpt>
      <trkpt lat="54.365439" lon="-3.189820"><ele>158.0</ele></trkpt>
      <trkpt lat="54.365108" lon="-3.189822"><ele>156.0</ele></trkpt>
      <trkpt lat="54.364708" lon="-3.190089"><ele>152.0</ele></trkpt>
      <trkpt lat="54.364544" lon="-3.190889"><ele>154.0</ele></trkpt>
      <trkpt lat="54.364282" lon="-3.191403"><ele>154.0</ele></trkpt>
      <trkpt lat="54.363657" lon="-3.192082"><ele>155.0</ele></trkpt>
      <trkpt lat="54.363268" lon="-3.192210"><ele>149.0</ele></trkpt>
      <trkpt lat="54.362461" lon="-3.192820"><ele>150.0</ele></trkpt>
      <trkpt lat="54.361735" lon="-3.192906"><ele>142.0</ele></trkpt>
      <trkpt lat="54.361251" lon="-3.193150"><ele>145.0</ele></trkpt>
      <trkpt lat="54.360154" lon="-3.193515"><ele>134.0</ele></trkpt>
      <trkpt lat="54.359910" lon="-3.193529"><ele>133.0</ele></trkpt>
      <trkpt lat="54.359631" lon="-3.193843"><ele>134.0</ele></trkpt>
      <trkpt lat="54.359117" lon="-3.194053"><ele>127.0</ele></trkpt>
      <trkpt lat="54.358579" lon="-3.194649"><ele>131.0</ele></trkpt>
      <trkpt lat="54.358201" lon="-3.194960"><ele>134.0</ele></trkpt>
      <trkpt lat="54.357606" lon="-3.195028"><ele>120.0</ele></trkpt>
      <trkpt lat="54.357059" lon="-3.195420"><ele>117.0</ele></trkpt>
      <trkpt lat="54.356918" lon="-3.195062"><ele>114.0</ele></trkpt>
      <trkpt lat="54.356413" lon="-3.195595"><ele>106.0</ele></trkpt>
      <trkpt lat="54.356096" lon="-3.195392"><ele>106.0</ele></trkpt>
      <trkpt lat="54.355873" lon="-3.195150"><ele>106.0</ele></trkpt>
      <trkpt lat="54.355344" lon="-3.194276"><ele>106.0</ele></trkpt>
      <trkpt lat="54.354865" lon="-3.194069"><ele>106.0</ele></trkpt>
      <trkpt lat="54.354674" lon="-3.193752"><ele>107.0</ele></trkpt>
      <trkpt lat="54.354265" lon="-3.193397"><ele>106.0</ele></trkpt>
      <trkpt lat="54.354196" lon="-3.192729"><ele>105.0</ele></trkpt>
      <trkpt lat="54.353661" lon="-3.192488"><ele>108.0</ele></trkpt>
      <trkpt lat="54.353678" lon="-3.191384"><ele>103.0</ele></trkpt>
      <trkpt lat="54.353864" lon="-3.190230"><ele>104.0</ele></trkpt>
      <trkpt lat="54.353436" lon="-3.188990"><ele>110.0</ele></trkpt>
      <trkpt lat="54.353761" lon="-3.188505"><ele>108.0</ele></trkpt>
      <trkpt lat="54.354142" lon="-3.188165"><ele>110.0</ele></trkpt>
      <trkpt lat="54.354573" lon="-3.187957"><ele>111.0</ele></trkpt>
      <trkpt lat="54.354873" lon="-3.188043"><ele>111.0</ele></trkpt>
      <trkpt lat="54.354761" lon="-3.188380"><ele>109.0</ele></trkpt>
      <trkpt lat="54.354739" lon="-3.188709"><ele>108.0</ele></trkpt>
      <trkpt lat="54.354884" lon="-3.188911"><ele>107.0</ele></trkpt>
      <trkpt lat="54.354994" lon="-3.188816"><ele>108.0</ele></trkpt>
      <trkpt lat="54.355164" lon="-3.188392"><ele>109.0</ele></trkpt>
      <trkpt lat="54.355326" lon="-3.188188"><ele>110.0</ele></trkpt>
      <trkpt lat="54.355699" lon="-3.188056"><ele>111.0</ele></trkpt>
      <trkpt lat="54.355901" lon="-3.188996"><ele>110.0</ele></trkpt>
      <trkpt lat="54.355897" lon="-3.190050"><ele>106.0</ele></trkpt>
      <trkpt lat="54.356002" lon="-3.190383"><ele>106.0</ele></trkpt>
      <trkpt lat="54.356366" lon="-3.191162"><ele>113.0</ele></trkpt>
      <trkpt lat="54.356382" lon="-3.191492"><ele>116.0</ele></trkpt>
      <trkpt lat="54.356271" lon="-3.191742"><ele>115.0</ele></trkpt>
      <trkpt lat="54.356109" lon="-3.191935"><ele>112.0</ele></trkpt>
      <trkpt lat="54.356009" lon="-3.192349"><ele>111.0</ele></trkpt>
      <trkpt lat="54.355863" lon="-3.193443"><ele>111.0</ele></trkpt>
      <trkpt lat="54.356462" lon="-3.194416"><ele>117.0</ele></trkpt>
      <trkpt lat="54.356685" lon="-3.194533"><ele>117.0</ele></trkpt>
      <trkpt lat="54.356874" lon="-3.194835"><ele>115.0</ele></trkpt>
      <trkpt lat="54.357046" lon="-3.195420"><ele>116.0</ele></trkpt>
      <trkpt lat="54.356761" lon="-3.197557"><ele>112.0</ele></trkpt>
      <trkpt lat="54.356866" lon="-3.198899"><ele>105.0</ele></trkpt>
      <trkpt lat="54.356683" lon="-3.199893"><ele>104.0</ele></trkpt>
      <trkpt lat="54.356777" lon="-3.200731"><ele>106.0</ele></trkpt>
      <trkpt lat="54.357005" lon="-3.201001"><ele>107.0</ele></trkpt>
      <trkpt lat="54.357496" lon="-3.201191"><ele>114.0</ele></trkpt>
      <trkpt lat="54.357937" lon="-3.201204"><ele>123.0</ele></trkpt>
      <trkpt lat="54.358188" lon="-3.201058"><ele>129.0</ele></trkpt>
      <trkpt lat="54.358389" lon="-3.200866"><ele>134.0</ele></trkpt>
      <trkpt lat="54.358519" lon="-3.200595"><ele>136.0</ele></trkpt>
      <trkpt lat="54.358761" lon="-3.200745"><ele>144.0</ele></trkpt>
      <trkpt lat="54.359129" lon="-3.200492"><ele>155.0</ele></trkpt>
      <trkpt lat="54.359337" lon="-3.200817"><ele>164.0</ele></trkpt>
      <trkpt lat="54.359596" lon="-3.200429"><ele>173.0</ele></trkpt>
      <trkpt lat="54.359806" lon="-3.200644"><ele>181.0</ele></trkpt>
      <trkpt lat="54.359917" lon="-3.200328"><ele>185.0</ele></trkpt>
      <trkpt lat="54.359903" lon="-3.199867"><ele>189.0</ele></trkpt>
      <trkpt lat="54.360716" lon="-3.200451"><ele>215.0</ele></trkpt>
      <trkpt lat="54.361190" lon="-3.200399"><ele>228.0</ele></trkpt>
      <trkpt lat="54.361638" lon="-3.200467"><ele>232.0</ele></trkpt>
      <trkpt lat="54.361905" lon="-3.200628"><ele>231.0</ele></trkpt>
      <trkpt lat="54.362042" lon="-3.200358"><ele>233.0</ele></trkpt>
      <trkpt lat="54.362327" lon="-3.198762"><ele>247.0</ele></trkpt>
      <trkpt lat="54.362614" lon="-3.198189"><ele>251.0</ele></trkpt>
      <trkpt lat="54.363078" lon="-3.197851"><ele>255.0</ele></trkpt>
      <trkpt lat="54.363248" lon="-3.197526"><ele>254.0</ele></trkpt>
      <trkpt lat="54.363505" lon="-3.197380"><ele>250.0</ele></trkpt>
      <trkpt lat="54.364048" lon="-3.197473"><ele>248.0</ele></trkpt>
      <trkpt lat="54.364858" lon="-3.197145"><ele>244.0</ele></trkpt>
      <trkpt lat="54.366505" lon="-3.196306"><ele>236.0</ele></trkpt>
      <trkpt lat="54.366707" lon="-3.196027"><ele>237.0</ele></trkpt>
      <trkpt lat="54.367516" lon="-3.195666"><ele>242.0</ele></trkpt>
      <trkpt lat="54.367927" lon="-3.195568"><ele>242.0</ele></trkpt>
      <trkpt lat="54.368341" lon="-3.195734"><ele>246.0</ele></trkpt>
      <trkpt lat="54.368593" lon="-3.195489"><ele>240.0</ele></trkpt>
      <trkpt lat="54.368792" lon="-3.195494"><ele>237.0</ele></trkpt>
      <trkpt lat="54.369192" lon="-3.195803"><ele>239.0</ele></trkpt>
      <trkpt lat="54.369183" lon="-3.195469"><ele>234.5</ele></trkpt>
      <trkpt lat="54.369453" lon="-3.195112"><ele>227.8</ele></trkpt>
      <trkpt lat="54.369869" lon="-3.195053"><ele>225.8</ele></trkpt>
      <trkpt lat="54.370160" lon="-3.194908"><ele>224.0</ele></trkpt>
      <trkpt lat="54.370465" lon="-3.194956"><ele>224.5</ele></trkpt>
      <trkpt lat="54.371025" lon="-3.194611"><ele>225.0</ele></trkpt>
      <trkpt lat="54.371695" lon="-3.195024"><ele>231.0</ele></trkpt>
      <trkpt lat="54.372209" lon="-3.195535"><ele>233.8</ele></trkpt>
      <trkpt lat="54.372427" lon="-3.195840"><ele>236.0</ele></trkpt>
      <trkpt lat="54.372253" lon="-3.196421"><ele>240.0</ele></trkpt>
      <trkpt lat="54.372687" lon="-3.197107"><ele>238.0</ele></trkpt>
      <trkpt lat="54.372711" lon="-3.197713"><ele>240.3</ele></trkpt>
      <trkpt lat="54.372782" lon="-3.198069"><ele>240.8</ele></trkpt>
      <trkpt lat="54.372726" lon="-3.198598"><ele>241.5</ele></trkpt>
      <trkpt lat="54.372716" lon="-3.199402"><ele>246.8</ele></trkpt>
      <trkpt lat="54.372591" lon="-3.199886"><ele>248.5</ele></trkpt>
      <trkpt lat="54.372606" lon="-3.200774"><ele>249.8</ele></trkpt>
      <trkpt lat="54.372696" lon="-3.200876"><ele>248.8</ele></trkpt>
      <trkpt lat="54.372715" lon="-3.201069"><ele>249.3</ele></trkpt>
      <trkpt lat="54.372678" lon="-3.202024"><ele>250.5</ele></trkpt>
      <trkpt lat="54.373169" lon="-3.203058"><ele>253.3</ele></trkpt>
      <trkpt lat="54.373312" lon="-3.203231"><ele>254.5</ele></trkpt>
      <trkpt lat="54.373419" lon="-3.203847"><ele>256.3</ele></trkpt>
      <trkpt lat="54.373501" lon="-3.203993"><ele>256.8</ele></trkpt>
      <trkpt lat="54.374078" lon="-3.204299"><ele>259.8</ele></trkpt>
      <trkpt lat="54.374178" lon="-3.204642"><ele>262.5</ele></trkpt>
      <trkpt lat="54.374540" lon="-3.205286"><ele>268.8</ele></trkpt>
      <trkpt lat="54.374653" lon="-3.205736"><ele>272.8</ele></trkpt>
      <trkpt lat="54.374984" lon="-3.206369"><ele>278.8</ele></trkpt>
      <trkpt lat="54.375391" lon="-3.207620"><ele>284.0</ele></trkpt>
      <trkpt lat="54.375496" lon="-3.208698"><ele>289.5</ele></trkpt>
      <trkpt lat="54.376012" lon="-3.209793"><ele>296.0</ele></trkpt>
      <trkpt lat="54.376330" lon="-3.210810"><ele>302.0</ele></trkpt>
      <trkpt lat="54.376713" lon="-3.210960"><ele>304.8</ele></trkpt>
      <trkpt lat="54.376775" lon="-3.210798"><ele>304.3</ele></trkpt>
      <trkpt lat="54.376845" lon="-3.210819"><ele>305.3</ele></trkpt>
      <trkpt lat="54.377571" lon="-3.211272"><ele>315.0</ele></trkpt>
      <trkpt lat="54.377915" lon="-3.211144"><ele>319.3</ele></trkpt>
      <trkpt lat="54.378327" lon="-3.211144"><ele>323.8</ele></trkpt>
      <trkpt lat="54.378883" lon="-3.211473"><ele>330.5</ele></trkpt>
      <trkpt lat="54.379097" lon="-3.211466"><ele>334.3</ele></trkpt>
      <trkpt lat="54.380908" lon="-3.213666"><ele>351.0</ele></trkpt>
      <trkpt lat="54.381457" lon="-3.214198"><ele>355.8</ele></trkpt>
      <trkpt lat="54.381802" lon="-3.214820"><ele>356.0</ele></trkpt>
      <trkpt lat="54.382077" lon="-3.215131"><ele>356.3</ele></trkpt>
      <trkpt lat="54.382360" lon="-3.215679"><ele>354.0</ele></trkpt>
      <trkpt lat="54.382548" lon="-3.215832"><ele>353.3</ele></trkpt>
      <trkpt lat="54.382982" lon="-3.214638"><ele>382.8</ele></trkpt>
      <trkpt lat="54.382951" lon="-3.214182"><ele>389.8</ele></trkpt>
      <trkpt lat="54.383072" lon="-3.214005"><ele>394.8</ele></trkpt>
      <trkpt lat="54.383097" lon="-3.213770"><ele>399.5</ele></trkpt>
      <trkpt lat="54.383018" lon="-3.213161"><ele>408.3</ele></trkpt>
      <trkpt lat="54.383000" lon="-3.212614"><ele>418.3</ele></trkpt>
      <trkpt lat="54.383176" lon="-3.212283"><ele>429.8</ele></trkpt>
      <trkpt lat="54.383182" lon="-3.212101"><ele>432.3</ele></trkpt>
      <trkpt lat="54.383271" lon="-3.212033"><ele>436.5</ele></trkpt>
      <trkpt lat="54.383563" lon="-3.211544"><ele>451.3</ele></trkpt>
      <trkpt lat="54.383588" lon="-3.211335"><ele>455.3</ele></trkpt>
      <trkpt lat="54.383661" lon="-3.211203"><ele>458.5</ele></trkpt>
      <trkpt lat="54.384191" lon="-3.210517"><ele>471.8</ele></trkpt>
      <trkpt lat="54.384250" lon="-3.210368"><ele>475.0</ele></trkpt>
      <trkpt lat="54.384413" lon="-3.210231"><ele>480.0</ele></trkpt>
      <trkpt lat="54.384533" lon="-3.210242"><ele>482.8</ele></trkpt>
      <trkpt lat="54.384542" lon="-3.210143"><ele>484.5</ele></trkpt>
      <trkpt lat="54.384607" lon="-3.210093"><ele>487.5</ele></trkpt>
      <trkpt lat="54.384635" lon="-3.209787"><ele>493.8</ele></trkpt>
      <trkpt lat="54.384787" lon="-3.209627"><ele>503.3</ele></trkpt>
      <trkpt lat="54.384980" lon="-3.209220"><ele>520.3</ele></trkpt>
      <trkpt lat="54.385185" lon="-3.208943"><ele>533.5</ele></trkpt>
      <trkpt lat="54.385253" lon="-3.208497"><ele>543.0</ele></trkpt>
      <trkpt lat="54.385367" lon="-3.208268"><ele>550.3</ele></trkpt>
      <trkpt lat="54.385527" lon="-3.208156"><ele>557.5</ele></trkpt>
      <trkpt lat="54.385642" lon="-3.207981"><ele>565.8</ele></trkpt>
      <trkpt lat="54.385847" lon="-3.207281"><ele>585.3</ele></trkpt>
      <trkpt lat="54.385981" lon="-3.207253"><ele>588.8</ele></trkpt>
      <trkpt lat="54.386112" lon="-3.207099"><ele>594.0</ele></trkpt>
      <trkpt lat="54.386139" lon="-3.206965"><ele>597.5</ele></trkpt>
      <trkpt lat="54.386473" lon="-3.206596"><ele>610.8</ele></trkpt>
      <trkpt lat="54.386529" lon="-3.206316"><ele>615.3</ele></trkpt>
      <trkpt lat="54.386557" lon="-3.205534"><ele>628.8</ele></trkpt>
      <trkpt lat="54.386855" lon="-3.205365"><ele>637.5</ele></trkpt>
      <trkpt lat="54.386939" lon="-3.205219"><ele>641.8</ele></trkpt>
      <trkpt lat="54.386968" lon="-3.204959"><ele>645.0</ele></trkpt>
      <trkpt lat="54.386793" lon="-3.204553"><ele>643.0</ele></trkpt>
      <trkpt lat="54.386787" lon="-3.204143"><ele>643.0</ele></trkpt>
      <trkpt lat="54.386602" lon="-3.203849"><ele>638.8</ele></trkpt>
      <trkpt lat="54.386576" lon="-3.203486"><ele>632.3</ele></trkpt>
      <trkpt lat="54.386743" lon="-3.203114"><ele>624.0</ele></trkpt>
      <trkpt lat="54.386809" lon="-3.203074"><ele>622.3</ele></trkpt>
      <trkpt lat="54.386836" lon="-3.202921"><ele>618.8</ele></trkpt>
      <trkpt lat="54.386930" lon="-3.202766"><ele>615.8</ele></trkpt>
      <trkpt lat="54.386954" lon="-3.202555"><ele>611.8</ele></trkpt>
      <trkpt lat="54.387047" lon="-3.202463"><ele>609.8</ele></trkpt>
      <trkpt lat="54.387180" lon="-3.201680"><ele>595.5</ele></trkpt>
      <trkpt lat="54.387258" lon="-3.201460"><ele>592.3</ele></trkpt>
      <trkpt lat="54.388965" lon="-3.199377"><ele>537.8</ele></trkpt>
      <trkpt lat="54.389215" lon="-3.199267"><ele>530.0</ele></trkpt>
      <trkpt lat="54.389593" lon="-3.198926"><ele>520.8</ele></trkpt>
      <trkpt lat="54.389870" lon="-3.198787"><ele>515.3</ele></trkpt>
      <trkpt lat="54.390065" lon="-3.198413"><ele>510.3</ele></trkpt>
      <trkpt lat="54.390231" lon="-3.197798"><ele>503.5</ele></trkpt>
      <trkpt lat="54.390497" lon="-3.197514"><ele>496.0</ele></trkpt>
      <trkpt lat="54.390660" lon="-3.197221"><ele>487.5</ele></trkpt>
      <trkpt lat="54.390941" lon="-3.196209"><ele>466.3</ele></trkpt>
      <trkpt lat="54.391135" lon="-3.195976"><ele>457.3</ele></trkpt>
      <trkpt lat="54.391239" lon="-3.195754"><ele>450.8</ele></trkpt>
      <trkpt lat="54.391429" lon="-3.195566"><ele>440.8</ele></trkpt>
      <trkpt lat="54.391748" lon="-3.194780"><ele>424.0</ele></trkpt>
      <trkpt lat="54.392113" lon="-3.194273"><ele>414.5</ele></trkpt>
      <trkpt lat="54.392252" lon="-3.193969"><ele>411.3</ele></trkpt>
      <trkpt lat="54.392646" lon="-3.193603"><ele>405.3</ele></trkpt>
      <trkpt lat="54.392804" lon="-3.193133"><ele>400.0</ele></trkpt>
      <trkpt lat="54.392958" lon="-3.192843"><ele>396.3</ele></trkpt>
      <trkpt lat="54.393376" lon="-3.192623"><ele>389.0</ele></trkpt>
      <trkpt lat="54.393943" lon="-3.192858"><ele>380.5</ele></trkpt>
      <trkpt lat="54.394182" lon="-3.192787"><ele>376.5</ele></trkpt>
      <trkpt lat="54.394360" lon="-3.192504"><ele>369.8</ele></trkpt>
      <trkpt lat="54.394648" lon="-3.192239"><ele>366.8</ele></trkpt>
      <trkpt lat="54.394809" lon="-3.191915"><ele>365.3</ele></trkpt>
      <trkpt lat="54.395056" lon="-3.191626"><ele>365.3</ele></trkpt>
      <trkpt lat="54.396105" lon="-3.191090"><ele>360.8</ele></trkpt>
      <trkpt lat="54.396716" lon="-3.190693"><ele>359.3</ele></trkpt>
      <trkpt lat="54.396894" lon="-3.190484"><ele>361.0</ele></trkpt>
      <trkpt lat="54.396830" lon="-3.190205"><ele>358.5</ele></trkpt>
      <trkpt lat="54.396649" lon="-3.189894"><ele>353.8</ele></trkpt>
      <trkpt lat="54.396156" lon="-3.189379"><ele>347.3</ele></trkpt>
      <trkpt lat="54.395863" lon="-3.189176"><ele>344.3</ele></trkpt>
      <trkpt lat="54.395631" lon="-3.188859"><ele>339.5</ele></trkpt>
      <trkpt lat="54.395589" lon="-3.188950"><ele>354.0</ele></trkpt>
      <trkpt lat="54.395972" lon="-3.189390"><ele>359.0</ele></trkpt>
      <trkpt lat="54.396617" lon="-3.189913"><ele>363.0</ele></trkpt>
      <trkpt lat="54.396787" lon="-3.190401"><ele>364.0</ele></trkpt>
      <trkpt lat="54.397457" lon="-3.190185"><ele>376.0</ele></trkpt>
      <trkpt lat="54.398080" lon="-3.190343"><ele>380.0</ele></trkpt>
      <trkpt lat="54.399300" lon="-3.190120"><ele>387.0</ele></trkpt>
      <trkpt lat="54.399700" lon="-3.189930"><ele>386.0</ele></trkpt>
      <trkpt lat="54.399790" lon="-3.189280"><ele>384.0</ele></trkpt>
      <trkpt lat="54.400060" lon="-3.188730"><ele>383.0</ele></trkpt>
      <trkpt lat="54.400370" lon="-3.188690"><ele>384.0</ele></trkpt>
      <trkpt lat="54.400520" lon="-3.188350"><ele>382.0</ele></trkpt>
      <trkpt lat="54.400770" lon="-3.188310"><ele>383.0</ele></trkpt>
      <trkpt lat="54.400988" lon="-3.188078"><ele>382.0</ele></trkpt>
      <trkpt lat="54.402171" lon="-3.187253"><ele>388.0</ele></trkpt>
      <trkpt lat="54.402781" lon="-3.186209"><ele>394.0</ele></trkpt>
      <trkpt lat="54.402838" lon="-3.185492"><ele>398.0</ele></trkpt>
      <trkpt lat="54.402876" lon="-3.186072"><ele>398.0</ele></trkpt>
      <trkpt lat="54.402848" lon="-3.186073"><ele>393.0</ele></trkpt>
      <trkpt lat="54.402841" lon="-3.185762"><ele>394.0</ele></trkpt>
      <trkpt lat="54.403071" lon="-3.185006"><ele>392.5</ele></trkpt>
      <trkpt lat="54.403309" lon="-3.184857"><ele>400.5</ele></trkpt>
      <trkpt lat="54.403477" lon="-3.184873"><ele>407.8</ele></trkpt>
      <trkpt lat="54.403567" lon="-3.184964"><ele>412.0</ele></trkpt>
      <trkpt lat="54.403860" lon="-3.184909"><ele>422.8</ele></trkpt>
      <trkpt lat="54.404169" lon="-3.184995"><ele>433.0</ele></trkpt>
      <trkpt lat="54.404422" lon="-3.184928"><ele>438.3</ele></trkpt>
      <trkpt lat="54.404674" lon="-3.185122"><ele>446.5</ele></trkpt>
      <trkpt lat="54.404853" lon="-3.185715"><ele>460.8</ele></trkpt>
      <trkpt lat="54.405019" lon="-3.185769"><ele>463.0</ele></trkpt>
      <trkpt lat="54.405101" lon="-3.185877"><ele>465.8</ele></trkpt>
      <trkpt lat="54.405683" lon="-3.185898"><ele>475.5</ele></trkpt>
      <trkpt lat="54.406333" lon="-3.186209"><ele>485.3</ele></trkpt>
      <trkpt lat="54.406581" lon="-3.186236"><ele>488.3</ele></trkpt>
      <trkpt lat="54.406863" lon="-3.186007"><ele>488.0</ele></trkpt>
      <trkpt lat="54.407314" lon="-3.186021"><ele>489.0</ele></trkpt>
      <trkpt lat="54.407479" lon="-3.186156"><ele>489.0</ele></trkpt>
      <trkpt lat="54.407608" lon="-3.186398"><ele>492.3</ele></trkpt>
      <trkpt lat="54.408047" lon="-3.186641"><ele>492.8</ele></trkpt>
      <trkpt lat="54.408108" lon="-3.186763"><ele>494.3</ele></trkpt>
      <trkpt lat="54.408136" lon="-3.187122"><ele>497.0</ele></trkpt>
      <trkpt lat="54.408482" lon="-3.187182"><ele>499.8</ele></trkpt>
      <trkpt lat="54.408697" lon="-3.187421"><ele>505.8</ele></trkpt>
      <trkpt lat="54.409275" lon="-3.187392"><ele>524.3</ele></trkpt>
      <trkpt lat="54.409734" lon="-3.186809"><ele>537.3</ele></trkpt>
      <trkpt lat="54.409882" lon="-3.186746"><ele>535.5</ele></trkpt>
      <trkpt lat="54.410213" lon="-3.186185"><ele>530.8</ele></trkpt>
      <trkpt lat="54.409882" lon="-3.186746"><ele>535.5</ele></trkpt>
      <trkpt lat="54.409734" lon="-3.186809"><ele>537.3</ele></trkpt>
      <trkpt lat="54.409275" lon="-3.187392"><ele>524.3</ele></trkpt>
      <trkpt lat="54.408697" lon="-3.187421"><ele>505.8</ele></trkpt>
      <trkpt lat="54.408482" lon="-3.187182"><ele>499.8</ele></trkpt>
      <trkpt lat="54.408136" lon="-3.187122"><ele>497.0</ele></trkpt>
      <trkpt lat="54.408108" lon="-3.186763"><ele>494.3</ele></trkpt>
      <trkpt lat="54.408047" lon="-3.186641"><ele>492.8</ele></trkpt>
      <trkpt lat="54.407608" lon="-3.186398"><ele>492.3</ele></trkpt>
      <trkpt lat="54.407479" lon="-3.186156"><ele>489.0</ele></trkpt>
      <trkpt lat="54.407314" lon="-3.186021"><ele>489.0</ele></trkpt>
      <trkpt lat="54.406863" lon="-3.186007"><ele>488.0</ele></trkpt>
      <trkpt lat="54.406581" lon="-3.186236"><ele>488.3</ele></trkpt>
      <trkpt lat="54.406333" lon="-3.186209"><ele>485.3</ele></trkpt>
      <trkpt lat="54.405683" lon="-3.185898"><ele>475.5</ele></trkpt>
      <trkpt lat="54.405101" lon="-3.185877"><ele>465.8</ele></trkpt>
      <trkpt lat="54.405019" lon="-3.185769"><ele>463.0</ele></trkpt>
      <trkpt lat="54.404853" lon="-3.185715"><ele>460.8</ele></trkpt>
      <trkpt lat="54.404674" lon="-3.185122"><ele>446.5</ele></trkpt>
      <trkpt lat="54.404422" lon="-3.184928"><ele>438.3</ele></trkpt>
      <trkpt lat="54.404169" lon="-3.184995"><ele>433.0</ele></trkpt>
      <trkpt lat="54.403860" lon="-3.184909"><ele>422.8</ele></trkpt>
      <trkpt lat="54.403567" lon="-3.184964"><ele>412.0</ele></trkpt>
      <trkpt lat="54.403477" lon="-3.184873"><ele>407.8</ele></trkpt>
      <trkpt lat="54.403309" lon="-3.184857"><ele>400.5</ele></trkpt>
      <trkpt lat="54.403071" lon="-3.185006"><ele>392.5</ele></trkpt>
      <trkpt lat="54.402841" lon="-3.185762"><ele>394.0</ele></trkpt>
      <trkpt lat="54.402726" lon="-3.189255"><ele>384.0</ele></trkpt>
      <trkpt lat="54.402926" lon="-3.191117"><ele>361.0</ele></trkpt>
      <trkpt lat="54.402950" lon="-3.192470"><ele>336.0</ele></trkpt>
      <trkpt lat="54.403022" lon="-3.192772"><ele>335.0</ele></trkpt>
      <trkpt lat="54.403139" lon="-3.192979"><ele>337.0</ele></trkpt>
      <trkpt lat="54.403233" lon="-3.194162"><ele>320.0</ele></trkpt>
      <trkpt lat="54.404221" lon="-3.196638"><ele>321.0</ele></trkpt>
      <trkpt lat="54.404355" lon="-3.197564"><ele>314.0</ele></trkpt>
      <trkpt lat="54.404693" lon="-3.198744"><ele>304.0</ele></trkpt>
      <trkpt lat="54.404917" lon="-3.200113"><ele>296.0</ele></trkpt>
      <trkpt lat="54.404243" lon="-3.202605"><ele>277.0</ele></trkpt>
      <trkpt lat="54.403921" lon="-3.203582"><ele>268.0</ele></trkpt>
      <trkpt lat="54.403571" lon="-3.204216"><ele>263.0</ele></trkpt>
      <trkpt lat="54.403053" lon="-3.204791"><ele>257.0</ele></trkpt>
      <trkpt lat="54.402335" lon="-3.206036"><ele>245.0</ele></trkpt>
      <trkpt lat="54.402052" lon="-3.206188"><ele>238.0</ele></trkpt>
      <trkpt lat="54.401761" lon="-3.206598"><ele>230.0</ele></trkpt>
      <trkpt lat="54.401479" lon="-3.207277"><ele>220.0</ele></trkpt>
      <trkpt lat="54.401310" lon="-3.207937"><ele>208.0</ele></trkpt>
      <trkpt lat="54.401233" lon="-3.208750"><ele>194.0</ele></trkpt>
      <trkpt lat="54.400922" lon="-3.209857"><ele>169.0</ele></trkpt>
      <trkpt lat="54.400421" lon="-3.210679"><ele>151.0</ele></trkpt>
      <trkpt lat="54.400126" lon="-3.212055"><ele>130.0</ele></trkpt>
      <trkpt lat="54.399652" lon="-3.211987"><ele>131.0</ele></trkpt>
      <trkpt lat="54.399474" lon="-3.212840"><ele>124.0</ele></trkpt>
      <trkpt lat="54.399412" lon="-3.213482"><ele>118.0</ele></trkpt>
      <trkpt lat="54.399119" lon="-3.213409"><ele>119.0</ele></trkpt>
      <trkpt lat="54.398932" lon="-3.214026"><ele>114.0</ele></trkpt>
      <trkpt lat="54.398180" lon="-3.215452"><ele>112.0</ele></trkpt>
      <trkpt lat="54.398030" lon="-3.216145"><ele>111.0</ele></trkpt>
      <trkpt lat="54.397195" lon="-3.218342"><ele>105.0</ele></trkpt>
      <trkpt lat="54.396834" lon="-3.218825"><ele>110.0</ele></trkpt>
      <trkpt lat="54.396682" lon="-3.219732"><ele>107.0</ele></trkpt>
      <trkpt lat="54.396455" lon="-3.220487"><ele>107.0</ele></trkpt>
      <trkpt lat="54.396374" lon="-3.221075"><ele>105.0</ele></trkpt>
      <trkpt lat="54.396170" lon="-3.221563"><ele>104.0</ele></trkpt>
      <trkpt lat="54.395912" lon="-3.222982"><ele>98.0</ele></trkpt>
      <trkpt lat="54.395700" lon="-3.223577"><ele>101.0</ele></trkpt>
      <trkpt lat="54.395631" lon="-3.224208"><ele>99.0</ele></trkpt>
      <trkpt lat="54.394906" lon="-3.226718"><ele>103.0</ele></trkpt>
      <trkpt lat="54.394715" lon="-3.227067"><ele>102.0</ele></trkpt>
      <trkpt lat="54.394340" lon="-3.227077"><ele>109.0</ele></trkpt>
      <trkpt lat="54.394237" lon="-3.227321"><ele>107.0</ele></trkpt>
      <trkpt lat="54.393967" lon="-3.227474"><ele>112.0</ele></trkpt>
      <trkpt lat="54.393989" lon="-3.229662"><ele>101.0</ele></trkpt>
      <trkpt lat="54.394065" lon="-3.230136"><ele>97.0</ele></trkpt>
      <trkpt lat="54.393917" lon="-3.231183"><ele>95.0</ele></trkpt>
      <trkpt lat="54.394046" lon="-3.232657"><ele>87.0</ele></trkpt>
      <trkpt lat="54.394751" lon="-3.237647"><ele>81.0</ele></trkpt>
      <trkpt lat="54.394790" lon="-3.238056"><ele>79.0</ele></trkpt>
      <trkpt lat="54.394753" lon="-3.238623"><ele>79.0</ele></trkpt>
      <trkpt lat="54.394975" lon="-3.238898"><ele>77.0</ele></trkpt>
      <trkpt lat="54.395115" lon="-3.239278"><ele>79.0</ele></trkpt>
      <trkpt lat="54.395115" lon="-3.239879"><ele>82.0</ele></trkpt>
      <trkpt lat="54.395203" lon="-3.240440"><ele>83.0</ele></trkpt>
      <trkpt lat="54.395449" lon="-3.241381"><ele>80.0</ele></trkpt>
      <trkpt lat="54.395493" lon="-3.242004"><ele>78.0</ele></trkpt>
      <trkpt lat="54.395355" lon="-3.242676"><ele>81.0</ele></trkpt>
      <trkpt lat="54.395244" lon="-3.244357"><ele>82.0</ele></trkpt>
      <trkpt lat="54.395978" lon="-3.244648"><ele>74.0</ele></trkpt>
      <trkpt lat="54.395959" lon="-3.245946"><ele>72.0</ele></trkpt>
      <trkpt lat="54.395990" lon="-3.246537"><ele>70.0</ele></trkpt>
      <trkpt lat="54.395640" lon="-3.250132"><ele>66.0</ele></trkpt>
      <trkpt lat="54.395326" lon="-3.250337"><ele>65.0</ele></trkpt>
      <trkpt lat="54.394701" lon="-3.250940"><ele>67.0</ele></trkpt>
      <trkpt lat="54.394479" lon="-3.251266"><ele>66.0</ele></trkpt>
      <trkpt lat="54.394353" lon="-3.251992"><ele>67.0</ele></trkpt>
      <trkpt lat="54.394283" lon="-3.252741"><ele>70.0</ele></trkpt>
      <trkpt lat="54.394164" lon="-3.253316"><ele>72.0</ele></trkpt>
      <trkpt lat="54.393732" lon="-3.254076"><ele>67.0</ele></trkpt>
      <trkpt lat="54.393482" lon="-3.254626"><ele>66.0</ele></trkpt>
      <trkpt lat="54.393389" lon="-3.255181"><ele>67.0</ele></trkpt>
      <trkpt lat="54.393364" lon="-3.255771"><ele>68.0</ele></trkpt>
      <trkpt lat="54.393069" lon="-3.256545"><ele>67.0</ele></trkpt>
      <trkpt lat="54.392592" lon="-3.257357"><ele>66.0</ele></trkpt>
      <trkpt lat="54.392361" lon="-3.257908"><ele>67.0</ele></trkpt>
      <trkpt lat="54.391458" lon="-3.259457"><ele>72.0</ele></trkpt>
      <trkpt lat="54.390896" lon="-3.261843"><ele>70.0</ele></trkpt>
      <trkpt lat="54.390588" lon="-3.262585"><ele>67.0</ele></trkpt>
      <trkpt lat="54.390446" lon="-3.263064"><ele>67.0</ele></trkpt>
      <trkpt lat="54.391086" lon="-3.263319"><ele>82.0</ele></trkpt>
      <trkpt lat="54.391241" lon="-3.263442"><ele>85.0</ele></trkpt>
      <trkpt lat="54.391381" lon="-3.263221"><ele>87.0</ele></trkpt>
      <trkpt lat="54.391328" lon="-3.263541"><ele>87.0</ele></trkpt>
      <trkpt lat="54.391838" lon="-3.263772"><ele>95.0</ele></trkpt>
      <trkpt lat="54.392247" lon="-3.263484"><ele>99.0</ele></trkpt>
      <trkpt lat="54.392596" lon="-3.264149"><ele>91.0</ele></trkpt>
      <trkpt lat="54.392957" lon="-3.264246"><ele>92.0</ele></trkpt>
      <trkpt lat="54.393801" lon="-3.263585"><ele>106.0</ele></trkpt>
      <trkpt lat="54.394415" lon="-3.263476"><ele>107.0</ele></trkpt>
      <trkpt lat="54.394831" lon="-3.263070"><ele>109.0</ele></trkpt>
      <trkpt lat="54.395218" lon="-3.263114"><ele>110.0</ele></trkpt>
      <trkpt lat="54.395657" lon="-3.262956"><ele>109.0</ele></trkpt>
      <trkpt lat="54.396059" lon="-3.263333"><ele>104.0</ele></trkpt>
      <trkpt lat="54.396432" lon="-3.263516"><ele>98.0</ele></trkpt>
      <trkpt lat="54.397233" lon="-3.263423"><ele>78.0</ele></trkpt>
      <trkpt lat="54.397361" lon="-3.263685"><ele>74.0</ele></trkpt>
      <trkpt lat="54.397450" lon="-3.264160"><ele>69.0</ele></trkpt>
      <trkpt lat="54.397354" lon="-3.264994"><ele>70.0</ele></trkpt>
      <trkpt lat="54.397479" lon="-3.266199"><ele>66.0</ele></trkpt>
      <trkpt lat="54.397127" lon="-3.268184"><ele>60.0</ele></trkpt>
      <trkpt lat="54.396704" lon="-3.269738"><ele>54.0</ele></trkpt>
      <trkpt lat="54.397704" lon="-3.270359"><ele>60.0</ele></trkpt>
      <trkpt lat="54.398100" lon="-3.270082"><ele>61.0</ele></trkpt>
      <trkpt lat="54.398388" lon="-3.270080"><ele>62.0</ele></trkpt>
      <trkpt lat="54.398106" lon="-3.270093"><ele>61.0</ele></trkpt>
      <trkpt lat="54.397697" lon="-3.270370"><ele>60.0</ele></trkpt>
      <trkpt lat="54.397368" lon="-3.270842"><ele>58.0</ele></trkpt>
      <trkpt lat="54.396878" lon="-3.271063"><ele>55.0</ele></trkpt>
      <trkpt lat="54.396596" lon="-3.271113"><ele>53.0</ele></trkpt>
      <trkpt lat="54.396241" lon="-3.271081"><ele>54.0</ele></trkpt>
      <trkpt lat="54.395981" lon="-3.270794"><ele>54.0</ele></trkpt>
      <trkpt lat="54.395317" lon="-3.270387"><ele>55.0</ele></trkpt>
      <trkpt lat="54.394551" lon="-3.270782"><ele>56.0</ele></trkpt>
      <trkpt lat="54.394095" lon="-3.270746"><ele>55.0</ele></trkpt>
      <trkpt lat="54.393928" lon="-3.270633"><ele>55.0</ele></trkpt>
      <trkpt lat="54.393793" lon="-3.270340"><ele>58.0</ele></trkpt>
      <trkpt lat="54.393104" lon="-3.269932"><ele>58.0</ele></trkpt>
      <trkpt lat="54.392922" lon="-3.270034"><ele>57.0</ele></trkpt>
      <trkpt lat="54.392772" lon="-3.270018"><ele>56.0</ele></trkpt>
      <trkpt lat="54.392631" lon="-3.270400"><ele>52.0</ele></trkpt>
      <trkpt lat="54.391412" lon="-3.268603"><ele>55.0</ele></trkpt>
      <trkpt lat="54.391180" lon="-3.268134"><ele>57.0</ele></trkpt>
      <trkpt lat="54.390896" lon="-3.267202"><ele>57.0</ele></trkpt>
      <trkpt lat="54.390718" lon="-3.266886"><ele>57.0</ele></trkpt>
      <trkpt lat="54.390274" lon="-3.266378"><ele>61.0</ele></trkpt>
      <trkpt lat="54.389963" lon="-3.266218"><ele>64.0</ele></trkpt>
      <trkpt lat="54.390003" lon="-3.266568"><ele>64.0</ele></trkpt>
      <trkpt lat="54.390587" lon="-3.267466"><ele>56.0</ele></trkpt>
      <trkpt lat="54.390806" lon="-3.268020"><ele>54.0</ele></trkpt>
      <trkpt lat="54.390687" lon="-3.269830"><ele>52.0</ele></trkpt>
      <trkpt lat="54.390702" lon="-3.270775"><ele>52.0</ele></trkpt>
      <trkpt lat="54.390308" lon="-3.273778"><ele>59.0</ele></trkpt>
      <trkpt lat="54.390459" lon="-3.274920"><ele>61.0</ele></trkpt>
      <trkpt lat="54.390413" lon="-3.275133"><ele>61.0</ele></trkpt>
      <trkpt lat="54.390089" lon="-3.275059"><ele>63.0</ele></trkpt>
      <trkpt lat="54.389643" lon="-3.274637"><ele>69.0</ele></trkpt>
      <trkpt lat="54.389146" lon="-3.274396"><ele>74.0</ele></trkpt>
      <trkpt lat="54.388849" lon="-3.274172"><ele>75.0</ele></trkpt>
      <trkpt lat="54.388331" lon="-3.273555"><ele>75.0</ele></trkpt>
      <trkpt lat="54.387898" lon="-3.273681"><ele>82.0</ele></trkpt>
      <trkpt lat="54.387415" lon="-3.273301"><ele>83.0</ele></trkpt>
      <trkpt lat="54.387109" lon="-3.272691"><ele>88.0</ele></trkpt>
      <trkpt lat="54.386823" lon="-3.272553"><ele>94.0</ele></trkpt>
      <trkpt lat="54.386199" lon="-3.272480"><ele>107.0</ele></trkpt>
      <trkpt lat="54.386028" lon="-3.272711"><ele>112.0</ele></trkpt>
      <trkpt lat="54.385836" lon="-3.272555"><ele>117.0</ele></trkpt>
      <trkpt lat="54.385626" lon="-3.272881"><ele>123.0</ele></trkpt>
      <trkpt lat="54.385419" lon="-3.273003"><ele>130.0</ele></trkpt>
      <trkpt lat="54.385368" lon="-3.273678"><ele>133.0</ele></trkpt>
      <trkpt lat="54.385125" lon="-3.274196"><ele>137.0</ele></trkpt>
      <trkpt lat="54.385011" lon="-3.273742"><ele>138.0</ele></trkpt>
      <trkpt lat="54.384763" lon="-3.273573"><ele>142.0</ele></trkpt>
      <trkpt lat="54.384363" lon="-3.273528"><ele>149.0</ele></trkpt>
      <trkpt lat="54.384121" lon="-3.273338"><ele>152.0</ele></trkpt>
      <trkpt lat="54.383660" lon="-3.273839"><ele>150.0</ele></trkpt>
      <trkpt lat="54.383161" lon="-3.273716"><ele>154.0</ele></trkpt>
      <trkpt lat="54.382519" lon="-3.272977"><ele>162.0</ele></trkpt>
      <trkpt lat="54.382270" lon="-3.272347"><ele>166.0</ele></trkpt>
      <trkpt lat="54.382085" lon="-3.272062"><ele>167.0</ele></trkpt>
      <trkpt lat="54.381664" lon="-3.271738"><ele>171.0</ele></trkpt>
      <trkpt lat="54.381164" lon="-3.271712"><ele>176.0</ele></trkpt>
      <trkpt lat="54.380385" lon="-3.271494"><ele>177.0</ele></trkpt>
      <trkpt lat="54.380158" lon="-3.271691"><ele>178.0</ele></trkpt>
      <trkpt lat="54.379920" lon="-3.271727"><ele>177.0</ele></trkpt>
      <trkpt lat="54.379240" lon="-3.271609"><ele>178.0</ele></trkpt>
      <trkpt lat="54.378852" lon="-3.271661"><ele>181.0</ele></trkpt>
      <trkpt lat="54.378444" lon="-3.271885"><ele>182.0</ele></trkpt>
      <trkpt lat="54.378339" lon="-3.271710"><ele>180.0</ele></trkpt>
      <trkpt lat="54.378085" lon="-3.270919"><ele>176.0</ele></trkpt>
      <trkpt lat="54.377512" lon="-3.270128"><ele>175.0</ele></trkpt>
      <trkpt lat="54.377024" lon="-3.269641"><ele>179.0</ele></trkpt>
      <trkpt lat="54.376209" lon="-3.269852"><ele>182.0</ele></trkpt>
      <trkpt lat="54.375599" lon="-3.270187"><ele>184.0</ele></trkpt>
      <trkpt lat="54.375011" lon="-3.270845"><ele>184.0</ele></trkpt>
      <trkpt lat="54.374488" lon="-3.271783"><ele>187.0</ele></trkpt>
      <trkpt lat="54.373979" lon="-3.272068"><ele>188.0</ele></trkpt>
      <trkpt lat="54.373689" lon="-3.272338"><ele>190.0</ele></trkpt>
      <trkpt lat="54.373689" lon="-3.272918"><ele>192.0</ele></trkpt>
      <trkpt lat="54.373575" lon="-3.273096"><ele>194.0</ele></trkpt>
      <trkpt lat="54.372887" lon="-3.273129"><ele>197.0</ele></trkpt>
      <trkpt lat="54.372458" lon="-3.273469"><ele>200.0</ele></trkpt>
      <trkpt lat="54.371842" lon="-3.273772"><ele>204.0</ele></trkpt>
      <trkpt lat="54.371853" lon="-3.274492"><ele>209.0</ele></trkpt>
      <trkpt lat="54.371724" lon="-3.274938"><ele>212.0</ele></trkpt>
      <trkpt lat="54.371345" lon="-3.275259"><ele>216.0</ele></trkpt>
      <trkpt lat="54.371242" lon="-3.274966"><ele>218.0</ele></trkpt>
      <trkpt lat="54.371246" lon="-3.274569"><ele>216.0</ele></trkpt>
      <trkpt lat="54.371176" lon="-3.274159"><ele>214.0</ele></trkpt>
      <trkpt lat="54.371048" lon="-3.273780"><ele>214.0</ele></trkpt>
      <trkpt lat="54.370882" lon="-3.273549"><ele>215.0</ele></trkpt>
      <trkpt lat="54.370683" lon="-3.273479"><ele>216.0</ele></trkpt>
      <trkpt lat="54.370491" lon="-3.273838"><ele>218.0</ele></trkpt>
      <trkpt lat="54.369672" lon="-3.274636"><ele>225.0</ele></trkpt>
      <trkpt lat="54.369398" lon="-3.275100"><ele>226.0</ele></trkpt>
      <trkpt lat="54.369058" lon="-3.275916"><ele>228.0</ele></trkpt>
      <trkpt lat="54.368918" lon="-3.276115"><ele>228.0</ele></trkpt>
      <trkpt lat="54.368749" lon="-3.276711"><ele>231.0</ele></trkpt>
      <trkpt lat="54.368081" lon="-3.277838"><ele>237.0</ele></trkpt>
      <trkpt lat="54.367296" lon="-3.280561"><ele>248.0</ele></trkpt>
      <trkpt lat="54.365675" lon="-3.285457"><ele>253.0</ele></trkpt>
      <trkpt lat="54.365462" lon="-3.286083"><ele>252.0</ele></trkpt>
      <trkpt lat="54.364912" lon="-3.287193"><ele>247.0</ele></trkpt>
      <trkpt lat="54.364615" lon="-3.287505"><ele>244.0</ele></trkpt>
      <trkpt lat="54.364283" lon="-3.287623"><ele>244.0</ele></trkpt>
      <trkpt lat="54.364116" lon="-3.288026"><ele>242.0</ele></trkpt>
      <trkpt lat="54.362766" lon="-3.289164"><ele>243.0</ele></trkpt>
      <trkpt lat="54.362277" lon="-3.289814"><ele>242.0</ele></trkpt>
      <trkpt lat="54.362076" lon="-3.289936"><ele>244.0</ele></trkpt>
      <trkpt lat="54.361169" lon="-3.289940"><ele>240.0</ele></trkpt>
      <trkpt lat="54.361002" lon="-3.290418"><ele>237.0</ele></trkpt>
      <trkpt lat="54.360551" lon="-3.290489"><ele>237.0</ele></trkpt>
      <trkpt lat="54.360386" lon="-3.290667"><ele>237.0</ele></trkpt>
      <trkpt lat="54.360283" lon="-3.291500"><ele>233.0</ele></trkpt>
      <trkpt lat="54.360084" lon="-3.291998"><ele>236.0</ele></trkpt>
      <trkpt lat="54.359954" lon="-3.293089"><ele>235.0</ele></trkpt>
      <trkpt lat="54.359690" lon="-3.293832"><ele>234.0</ele></trkpt>
      <trkpt lat="54.359393" lon="-3.295239"><ele>235.0</ele></trkpt>
      <trkpt lat="54.359245" lon="-3.296221"><ele>234.0</ele></trkpt>
      <trkpt lat="54.359200" lon="-3.296208"><ele>234.0</ele></trkpt>
      <trkpt lat="54.359652" lon="-3.293701"><ele>234.3</ele></trkpt>
      <trkpt lat="54.359756" lon="-3.293453"><ele>234.3</ele></trkpt>
      <trkpt lat="54.359794" lon="-3.293201"><ele>235.5</ele></trkpt>
      <trkpt lat="54.359967" lon="-3.292970"><ele>235.0</ele></trkpt>
      <trkpt lat="54.360088" lon="-3.292673"><ele>234.5</ele></trkpt>
      <trkpt lat="54.360153" lon="-3.291828"><ele>235.3</ele></trkpt>
      <trkpt lat="54.360292" lon="-3.291281"><ele>234.8</ele></trkpt>
      <trkpt lat="54.360395" lon="-3.290628"><ele>234.0</ele></trkpt>
      <trkpt lat="54.360484" lon="-3.290505"><ele>234.0</ele></trkpt>
      <trkpt lat="54.360744" lon="-3.290441"><ele>234.3</ele></trkpt>
      <trkpt lat="54.360990" lon="-3.290216"><ele>236.0</ele></trkpt>
      <trkpt lat="54.361135" lon="-3.289915"><ele>239.8</ele></trkpt>
      <trkpt lat="54.362123" lon="-3.289911"><ele>242.5</ele></trkpt>
      <trkpt lat="54.362676" lon="-3.289247"><ele>241.3</ele></trkpt>
      <trkpt lat="54.363748" lon="-3.288255"><ele>240.5</ele></trkpt>
      <trkpt lat="54.364091" lon="-3.288034"><ele>242.3</ele></trkpt>
      <trkpt lat="54.364334" lon="-3.287577"><ele>243.5</ele></trkpt>
      <trkpt lat="54.364791" lon="-3.287315"><ele>244.3</ele></trkpt>
      <trkpt lat="54.364733" lon="-3.289180"><ele>240.0</ele></trkpt>
      <trkpt lat="54.364162" lon="-3.290153"><ele>238.3</ele></trkpt>
      <trkpt lat="54.364046" lon="-3.291700"><ele>239.0</ele></trkpt>
      <trkpt lat="54.364150" lon="-3.292956"><ele>241.8</ele></trkpt>
      <trkpt lat="54.363618" lon="-3.296079"><ele>241.0</ele></trkpt>
      <trkpt lat="54.363491" lon="-3.297831"><ele>241.3</ele></trkpt>
      <trkpt lat="54.363618" lon="-3.296079"><ele>241.0</ele></trkpt>
      <trkpt lat="54.364150" lon="-3.292956"><ele>241.8</ele></trkpt>
      <trkpt lat="54.364046" lon="-3.291700"><ele>239.0</ele></trkpt>
      <trkpt lat="54.364162" lon="-3.290153"><ele>238.3</ele></trkpt>
      <trkpt lat="54.364733" lon="-3.289180"><ele>240.0</ele></trkpt>
      <trkpt lat="54.364791" lon="-3.287315"><ele>244.3</ele></trkpt>
      <trkpt lat="54.364334" lon="-3.287577"><ele>243.5</ele></trkpt>
      <trkpt lat="54.364091" lon="-3.288034"><ele>242.3</ele></trkpt>
      <trkpt lat="54.363748" lon="-3.288255"><ele>240.5</ele></trkpt>
      <trkpt lat="54.362676" lon="-3.289247"><ele>241.3</ele></trkpt>
      <trkpt lat="54.362123" lon="-3.289911"><ele>242.5</ele></trkpt>
      <trkpt lat="54.361135" lon="-3.289915"><ele>239.8</ele></trkpt>
      <trkpt lat="54.360990" lon="-3.290216"><ele>236.0</ele></trkpt>
      <trkpt lat="54.360744" lon="-3.290441"><ele>234.3</ele></trkpt>
      <trkpt lat="54.360484" lon="-3.290505"><ele>234.0</ele></trkpt>
      <trkpt lat="54.360395" lon="-3.290628"><ele>234.0</ele></trkpt>
      <trkpt lat="54.360292" lon="-3.291281"><ele>234.8</ele></trkpt>
      <trkpt lat="54.360153" lon="-3.291828"><ele>235.3</ele></trkpt>
      <trkpt lat="54.360088" lon="-3.292673"><ele>234.5</ele></trkpt>
      <trkpt lat="54.359967" lon="-3.292970"><ele>235.0</ele></trkpt>
      <trkpt lat="54.359794" lon="-3.293201"><ele>235.5</ele></trkpt>
      <trkpt lat="54.359756" lon="-3.293453"><ele>234.3</ele></trkpt>
      <trkpt lat="54.359652" lon="-3.293701"><ele>234.3</ele></trkpt>
      <trkpt lat="54.359200" lon="-3.296208"><ele>234.0</ele></trkpt>
      <trkpt lat="54.359105" lon="-3.297011"><ele>235.0</ele></trkpt>
      <trkpt lat="54.358942" lon="-3.297692"><ele>237.0</ele></trkpt>
      <trkpt lat="54.358975" lon="-3.299239"><ele>234.0</ele></trkpt>
      <trkpt lat="54.358644" lon="-3.300398"><ele>239.0</ele></trkpt>
      <trkpt lat="54.358588" lon="-3.301534"><ele>238.0</ele></trkpt>
      <trkpt lat="54.359240" lon="-3.305997"><ele>240.0</ele></trkpt>
      <trkpt lat="54.359729" lon="-3.307042"><ele>239.0</ele></trkpt>
      <trkpt lat="54.359831" lon="-3.307486"><ele>241.0</ele></trkpt>
      <trkpt lat="54.360516" lon="-3.307679"><ele>244.0</ele></trkpt>
      <trkpt lat="54.359925" lon="-3.308615"><ele>242.0</ele></trkpt>
      <trkpt lat="54.360068" lon="-3.309768"><ele>240.0</ele></trkpt>
      <trkpt lat="54.360060" lon="-3.310573"><ele>239.0</ele></trkpt>
      <trkpt lat="54.360111" lon="-3.311068"><ele>236.0</ele></trkpt>
      <trkpt lat="54.360450" lon="-3.312066"><ele>232.0</ele></trkpt>
      <trkpt lat="54.360394" lon="-3.312622"><ele>229.0</ele></trkpt>
      <trkpt lat="54.359789" lon="-3.314169"><ele>222.0</ele></trkpt>
      <trkpt lat="54.359319" lon="-3.315989"><ele>214.0</ele></trkpt>
      <trkpt lat="54.359063" lon="-3.316571"><ele>211.0</ele></trkpt>
      <trkpt lat="54.358831" lon="-3.317787"><ele>208.0</ele></trkpt>
      <trkpt lat="54.358253" lon="-3.319775"><ele>206.0</ele></trkpt>
      <trkpt lat="54.357314" lon="-3.322160"><ele>204.0</ele></trkpt>
      <trkpt lat="54.357045" lon="-3.322741"><ele>202.0</ele></trkpt>
      <trkpt lat="54.356582" lon="-3.323306"><ele>199.0</ele></trkpt>
      <trkpt lat="54.356222" lon="-3.323627"><ele>199.0</ele></trkpt>
      <trkpt lat="54.355474" lon="-3.323999"><ele>196.0</ele></trkpt>
      <trkpt lat="54.355004" lon="-3.325197"><ele>192.0</ele></trkpt>
      <trkpt lat="54.354294" lon="-3.326097"><ele>186.0</ele></trkpt>
      <trkpt lat="54.353049" lon="-3.327859"><ele>181.0</ele></trkpt>
      <trkpt lat="54.352691" lon="-3.328502"><ele>182.0</ele></trkpt>
      <trkpt lat="54.352375" lon="-3.329426"><ele>182.0</ele></trkpt>
      <trkpt lat="54.352024" lon="-3.330080"><ele>181.0</ele></trkpt>
      <trkpt lat="54.351849" lon="-3.330621"><ele>183.0</ele></trkpt>
      <trkpt lat="54.351518" lon="-3.332821"><ele>179.0</ele></trkpt>
      <trkpt lat="54.351405" lon="-3.333987"><ele>177.0</ele></trkpt>
      <trkpt lat="54.351373" lon="-3.334619"><ele>175.0</ele></trkpt>
      <trkpt lat="54.351397" lon="-3.335907"><ele>171.0</ele></trkpt>
      <trkpt lat="54.351008" lon="-3.335455"><ele>173.0</ele></trkpt>
      <trkpt lat="54.350713" lon="-3.336089"><ele>170.0</ele></trkpt>
      <trkpt lat="54.349887" lon="-3.337286"><ele>158.0</ele></trkpt>
      <trkpt lat="54.349625" lon="-3.338350"><ele>151.0</ele></trkpt>
      <trkpt lat="54.349830" lon="-3.339623"><ele>145.0</ele></trkpt>
      <trkpt lat="54.349798" lon="-3.340169"><ele>141.0</ele></trkpt>
      <trkpt lat="54.350077" lon="-3.341530"><ele>133.0</ele></trkpt>
      <trkpt lat="54.350069" lon="-3.342271"><ele>132.0</ele></trkpt>
      <trkpt lat="54.349919" lon="-3.343371"><ele>130.0</ele></trkpt>
      <trkpt lat="54.350021" lon="-3.345456"><ele>130.0</ele></trkpt>
      <trkpt lat="54.349883" lon="-3.348896"><ele>138.0</ele></trkpt>
      <trkpt lat="54.349755" lon="-3.349664"><ele>142.0</ele></trkpt>
      <trkpt lat="54.349023" lon="-3.350263"><ele>141.0</ele></trkpt>
      <trkpt lat="54.348054" lon="-3.350767"><ele>142.0</ele></trkpt>
      <trkpt lat="54.346907" lon="-3.351556"><ele>142.0</ele></trkpt>
      <trkpt lat="54.346896" lon="-3.353680"><ele>165.0</ele></trkpt>
      <trkpt lat="54.346555" lon="-3.354495"><ele>161.0</ele></trkpt>
      <trkpt lat="54.346869" lon="-3.355546"><ele>159.0</ele></trkpt>
      <trkpt lat="54.347220" lon="-3.355987"><ele>160.0</ele></trkpt>
      <trkpt lat="54.346289" lon="-3.354776"><ele>153.0</ele></trkpt>
      <trkpt lat="54.345842" lon="-3.354536"><ele>149.0</ele></trkpt>
      <trkpt lat="54.345707" lon="-3.354242"><ele>148.0</ele></trkpt>
      <trkpt lat="54.344783" lon="-3.354136"><ele>131.0</ele></trkpt>
      <trkpt lat="54.344142" lon="-3.353858"><ele>121.0</ele></trkpt>
      <trkpt lat="54.343999" lon="-3.354336"><ele>116.0</ele></trkpt>
      <trkpt lat="54.343851" lon="-3.355232"><ele>105.0</ele></trkpt>
      <trkpt lat="54.343723" lon="-3.355518"><ele>101.0</ele></trkpt>
      <trkpt lat="54.343396" lon="-3.355679"><ele>95.0</ele></trkpt>
      <trkpt lat="54.343013" lon="-3.355752"><ele>91.0</ele></trkpt>
      <trkpt lat="54.342837" lon="-3.355875"><ele>90.0</ele></trkpt>
      <trkpt lat="54.343035" lon="-3.356622"><ele>84.0</ele></trkpt>
      <trkpt lat="54.342743" lon="-3.357031"><ele>81.0</ele></trkpt>
      <trkpt lat="54.342593" lon="-3.357541"><ele>77.0</ele></trkpt>
      <trkpt lat="54.342589" lon="-3.357905"><ele>75.0</ele></trkpt>
      <trkpt lat="54.342724" lon="-3.358103"><ele>72.0</ele></trkpt>
      <trkpt lat="54.342911" lon="-3.358184"><ele>70.0</ele></trkpt>
      <trkpt lat="54.342578" lon="-3.359418"><ele>64.0</ele></trkpt>
      <trkpt lat="54.342568" lon="-3.359729"><ele>61.0</ele></trkpt>
      <trkpt lat="54.342658" lon="-3.360065"><ele>58.0</ele></trkpt>
      <trkpt lat="54.342260" lon="-3.359912"><ele>62.0</ele></trkpt>
      <trkpt lat="54.341714" lon="-3.360581"><ele>56.0</ele></trkpt>
      <trkpt lat="54.341392" lon="-3.360870"><ele>53.0</ele></trkpt>
      <trkpt lat="54.341045" lon="-3.360548"><ele>55.0</ele></trkpt>
      <trkpt lat="54.340366" lon="-3.363648"><ele>30.0</ele></trkpt>
      <trkpt lat="54.340305" lon="-3.364622"><ele>28.0</ele></trkpt>
      <trkpt lat="54.339660" lon="-3.364633"><ele>29.0</ele></trkpt>
      <trkpt lat="54.339538" lon="-3.364919"><ele>27.0</ele></trkpt>
      <trkpt lat="54.339261" lon="-3.365135"><ele>28.0</ele></trkpt>
      <trkpt lat="54.339068" lon="-3.365000"><ele>31.0</ele></trkpt>
      <trkpt lat="54.338811" lon="-3.364497"><ele>38.0</ele></trkpt>
      <trkpt lat="54.338547" lon="-3.364585"><ele>43.0</ele></trkpt>
      <trkpt lat="54.338387" lon="-3.364912"><ele>44.0</ele></trkpt>
      <trkpt lat="54.338219" lon="-3.365443"><ele>45.0</ele></trkpt>
      <trkpt lat="54.337873" lon="-3.366097"><ele>51.0</ele></trkpt>
      <trkpt lat="54.337924" lon="-3.366625"><ele>49.0</ele></trkpt>
      <trkpt lat="54.337856" lon="-3.367116"><ele>49.0</ele></trkpt>
      <trkpt lat="54.337701" lon="-3.367476"><ele>49.0</ele></trkpt>
      <trkpt lat="54.336891" lon="-3.368307"><ele>48.0</ele></trkpt>
      <trkpt lat="54.336388" lon="-3.368548"><ele>51.0</ele></trkpt>
      <trkpt lat="54.335889" lon="-3.369551"><ele>47.0</ele></trkpt>
      <trkpt lat="54.335346" lon="-3.369951"><ele>47.0</ele></trkpt>
      <trkpt lat="54.335085" lon="-3.370372"><ele>45.0</ele></trkpt>
      <trkpt lat="54.334313" lon="-3.372245"><ele>40.0</ele></trkpt>
      <trkpt lat="54.334122" lon="-3.372003"><ele>41.0</ele></trkpt>
      <trkpt lat="54.333489" lon="-3.372626"><ele>41.0</ele></trkpt>
      <trkpt lat="54.332354" lon="-3.373918"><ele>39.0</ele></trkpt>
      <trkpt lat="54.332112" lon="-3.374296"><ele>39.0</ele></trkpt>
      <trkpt lat="54.331956" lon="-3.375386"><ele>33.0</ele></trkpt>
      <trkpt lat="54.332008" lon="-3.375742"><ele>31.0</ele></trkpt>
      <trkpt lat="54.331993" lon="-3.377029"><ele>29.0</ele></trkpt>
      <trkpt lat="54.331919" lon="-3.377520"><ele>30.0</ele></trkpt>
      <trkpt lat="54.330444" lon="-3.379037"><ele>36.0</ele></trkpt>
      <trkpt lat="54.331323" lon="-3.379850"><ele>34.0</ele></trkpt>
      <trkpt lat="54.331809" lon="-3.380575"><ele>32.0</ele></trkpt>
      <trkpt lat="54.331896" lon="-3.381211"><ele>31.0</ele></trkpt>
      <trkpt lat="54.331943" lon="-3.382006"><ele>30.0</ele></trkpt>
      <trkpt lat="54.331919" lon="-3.382950"><ele>29.0</ele></trkpt>
      <trkpt lat="54.331809" lon="-3.383847"><ele>26.0</ele></trkpt>
      <trkpt lat="54.331784" lon="-3.384426"><ele>24.0</ele></trkpt>
      <trkpt lat="54.331847" lon="-3.384943"><ele>24.0</ele></trkpt>
      <trkpt lat="54.332539" lon="-3.387295"><ele>22.0</ele></trkpt>
      <trkpt lat="54.333588" lon="-3.389166"><ele>16.0</ele></trkpt>
      <trkpt lat="54.333781" lon="-3.389784"><ele>15.0</ele></trkpt>
      <trkpt lat="54.334043" lon="-3.390372"><ele>11.0</ele></trkpt>
      <trkpt lat="54.334024" lon="-3.391509"><ele>9.0</ele></trkpt>
      <trkpt lat="54.334057" lon="-3.391864"><ele>9.0</ele></trkpt>
      <trkpt lat="54.334855" lon="-3.393233"><ele>6.0</ele></trkpt>
      <trkpt lat="54.334954" lon="-3.394427"><ele>5.0</ele></trkpt>
      <trkpt lat="54.334747" lon="-3.394968"><ele>6.0</ele></trkpt>
      <trkpt lat="54.334379" lon="-3.397627"><ele>6.0</ele></trkpt>
      <trkpt lat="54.334356" lon="-3.398528"><ele>5.0</ele></trkpt>
      <trkpt lat="54.334074" lon="-3.400192"><ele>3.0</ele></trkpt>
      <trkpt lat="54.334036" lon="-3.400706"><ele>4.0</ele></trkpt>
      <trkpt lat="54.334087" lon="-3.401223"><ele>4.0</ele></trkpt>
      <trkpt lat="54.334099" lon="-3.402328"><ele>6.0</ele></trkpt>
      <trkpt lat="54.334139" lon="-3.402684"><ele>5.0</ele></trkpt>
      <trkpt lat="54.334853" lon="-3.404221"><ele>5.0</ele></trkpt>
      <trkpt lat="54.335193" lon="-3.404544"><ele>5.0</ele></trkpt>
      <trkpt lat="54.335516" lon="-3.404727"><ele>5.0</ele></trkpt>
      <trkpt lat="54.335540" lon="-3.405393"><ele>5.0</ele></trkpt>
      <trkpt lat="54.335795" lon="-3.405520"><ele>1.0</ele></trkpt>
      <trkpt lat="54.336046" lon="-3.406001"><ele>1.0</ele></trkpt>
      <trkpt lat="54.336346" lon="-3.405442"><ele>0.0</ele></trkpt>
      <trkpt lat="54.338089" lon="-3.405158"><ele>0.0</ele></trkpt>
      <trkpt lat="54.338661" lon="-3.406026"><ele>0.0</ele></trkpt>
      <trkpt lat="54.339721" lon="-3.406845"><ele>3.0</ele></trkpt>
      <trkpt lat="54.341287" lon="-3.407221"><ele>0.0</ele></trkpt>
      <trkpt lat="54.341476" lon="-3.407056"><ele>2.0</ele></trkpt>
      <trkpt lat="54.342563" lon="-3.405612"><ele>5.0</ele></trkpt>
      <trkpt lat="54.342819" lon="-3.405117"><ele>6.0</ele></trkpt>
      <trkpt lat="54.343553" lon="-3.404960"><ele>5.0</ele></trkpt>
      <trkpt lat="54.343922" lon="-3.405455"><ele>1.0</ele></trkpt>
      <trkpt lat="54.344502" lon="-3.405647"><ele>0.0</ele></trkpt>
      <trkpt lat="54.345461" lon="-3.405454"><ele>2.0</ele></trkpt>
      <trkpt lat="54.346397" lon="-3.405132"><ele>6.0</ele></trkpt>
      <trkpt lat="54.347897" lon="-3.405237"><ele>5.0</ele></trkpt>
      <trkpt lat="54.350307" lon="-3.406114"><ele>5.0</ele></trkpt>
      <trkpt lat="54.351099" lon="-3.406818"><ele>6.0</ele></trkpt>
      <trkpt lat="54.351930" lon="-3.408509"><ele>4.0</ele></trkpt>
      <trkpt lat="54.352380" lon="-3.409051"><ele>3.0</ele></trkpt>
      <trkpt lat="54.352847" lon="-3.409807"><ele>6.0</ele></trkpt>
      <trkpt lat="54.353006" lon="-3.410617"><ele>6.0</ele></trkpt>
      <trkpt lat="54.353198" lon="-3.410753"><ele>6.0</ele></trkpt>
      <trkpt lat="54.354000" lon="-3.410705"><ele>7.0</ele></trkpt>
    </trkseg>
  </trk>
</gpx>
